$MeshFormat
4.1 0 8
$EndMeshFormat
$Entities
65 121 56 1
1 4.65663104090058 6.71913104090064 1.32185928869433e-15 0 
2 4.65663104090058 6.71913104090064 8 0 
3 6.1150387770978 6.11503877709782 8 0 
4 6.1150387770978 6.11503877709782 1.32185928869433e-15 0 
5 2.22595148057181 6.11503877709784 8 0 
6 2.71208739263758 6.31640286503209 8 0 
7 1.62185921676905 4.65663104090063 8 0 
8 2.22595148057181 6.11503877709784 1.32185928869433e-15 0 
9 2.71208739263758 6.31640286503209 1.33287478276678e-15 0 
10 4.1704951288348 6.92049512883484 1.33287478276678e-15 0 
11 1.62185921676905 4.65663104090063 1.32185928869433e-15 0 
12 4.17049512883481 6.92049512883484 8 0 
13 6.31640286503206 5.62890286503204 8 0 
14 6.31640286503206 5.62890286503204 1.40998324127395e-15 0 
15 2.02458739263755 2.71208739263759 8 0 
16 2.22595148057181 2.22595148057182 8 0 
17 2.02458739263755 2.71208739263759 1.23373533611471e-15 0 
18 1.4204951288348 4.17049512883486 8 0 
19 2.22595148057181 2.22595148057182 1.23373533611471e-15 0 
20 3.68435921676903 1.62185921676907 1.23373533611471e-15 0 
21 3.68435921676903 1.62185921676907 8 0 
22 1.4204951288348 4.17049512883486 1.23373533611471e-15 0 
23 6.9204951288349 4.17049512883482 1.40998324127395e-15 0 
24 6.71913104090065 3.68435921676905 1.23373533611471e-15 0 
25 6.9204951288349 4.17049512883482 8 0 
26 6.58049512883482 4.17049512883483 0 0 
27 6.71913104090065 3.68435921676905 8 0 
28 6.11503877709771 2.22595148057182 8 0 
29 6.34253013224178 3.17049512883482 0 0 
30 6.11503877709771 2.22595148057182 1.23373533611471e-15 0 
31 6.58049512883482 4.17049512883483 8 0 
32 5.17049512883476 1.99846012542783 8 0 
33 4.17049512883481 1.76049512883482 8 0 
34 5.17049512883476 1.99846012542783 0 0 
35 4.79424902753187 1.84261388747816 0 0 
36 5.17049512883476 3.17049512883482 0 0 
37 4.17049512883481 1.76049512883482 0 0 
38 5.62890286503194 2.02458739263758 1.23373533611471e-15 0 
39 5.17049512883476 3.17049512883482 8 0 
40 4.17049512883481 1.42049512883481 8 0 
41 3.17049512883476 1.99846012542784 8 0 
42 4.17049512883481 1.42049512883481 1.23373533611471e-15 0 
43 3.17049512883476 1.99846012542784 0 0 
44 6.34253013224178 5.17049512883483 8 0 
45 6.34253013224178 5.17049512883483 0 0 
46 5.17049512883476 5.17049512883483 8 0 
47 5.17049512883476 5.17049512883483 0 0 
48 5.17049512883476 6.34253013224185 8 0 
49 5.17049512883476 6.34253013224185 0 0 
50 4.17049512883481 6.58049512883484 8 0 
51 4.17049512883481 6.58049512883484 0 0 
52 1.84261388747814 3.54674123013775 8 0 
53 1.84261388747814 3.54674123013775 0 0 
54 5.62890286503194 2.02458739263758 8 0 
55 3.17049512883476 3.17049512883482 8 0 
56 3.17049512883476 3.17049512883482 0 0 
57 3.17049512883476 6.34253013224179 8 0 
58 3.17049512883476 6.34253013224179 0 0 
59 1.99846012542783 5.17049512883483 0 0 
60 1.99846012542783 5.17049512883483 8 0 
61 3.17049512883476 5.17049512883483 0 0 
62 3.17049512883476 5.17049512883483 8 0 
63 1.99846012542783 3.17049512883482 0 0 
64 1.99846012542783 3.17049512883482 8 0 
65 6.34253013224178 3.17049512883482 8 0 
123 4.65663104090058 6.71913104090064 1.332267629550188e-15 5.76148538650451 8.011485386504591 8 0 2 1 -2 
124 6.1150387770978 6.11503877709782 1.332267629550188e-15 6.55698051533936 7.68198051533946 8 0 2 3 -4 
125 2.22595148057181 6.11503877709784 8 2.71208739263758 6.31640286503209 8 0 2 5 -6 
126 1.62185921676905 4.65663104090063 8 2.22595148057181 6.11503877709784 8 0 2 5 -7 
127 0.659009742330237 6.11503877709784 1.332267629550188e-15 2.22595148057181 6.55698051533944 8 0 2 5 -8 
128 2.22595148057181 6.11503877709784 1.32185928869433e-15 2.71208739263758 6.31640286503209 1.33287478276678e-15 0 2 9 -8 
129 2.71208739263758 6.31640286503209 1.332267629550188e-15 2.71208739263758 6.31640286503209 8 0 2 9 -6 
130 2.5795048711651 6.31640286503209 1.332267629550188e-15 2.71208739263758 8.011485386504541 8 0 2 9 -6 
131 2.71208739263758 6.31640286503209 1.33287478276678e-15 4.1704951288348 6.92049512883484 1.33287478276678e-15 0 2 9 -10 
132 1.62185921676905 4.65663104090063 1.32185928869433e-15 2.22595148057181 6.11503877709784 1.32185928869433e-15 0 2 8 -11 
133 2.71208739263758 6.31640286503209 8 4.17049512883481 6.92049512883484 8 0 2 6 -12 
134 6.1150387770978 5.62890286503204 8 6.31640286503206 6.11503877709782 8 0 2 3 -13 
135 4.65663104090058 6.11503877709782 8 6.1150387770978 6.71913104090064 8 0 2 3 -2 
136 6.1150387770978 5.62890286503204 1.32185928869433e-15 6.31640286503206 6.11503877709782 1.40998324127395e-15 0 2 4 -14 
137 4.65663104090058 6.11503877709782 1.32185928869433e-15 6.1150387770978 6.71913104090064 1.32185928869433e-15 0 2 4 -1 
138 2.02458739263755 2.22595148057182 8 2.22595148057181 2.71208739263759 8 0 2 15 -16 
139 2.02458739263755 2.71208739263759 1.332267629550188e-15 2.02458739263755 2.71208739263759 8 0 2 15 -17 
140 0.329504871165074 2.57950487116512 1.332267629550188e-15 2.02458739263755 2.71208739263759 8 0 2 15 -17 
141 1.4204951288348 2.71208739263759 8 2.02458739263755 4.17049512883486 8 0 2 15 -18 
142 2.02458739263755 2.22595148057182 1.23373533611471e-15 2.22595148057181 2.71208739263759 1.23373533611471e-15 0 2 19 -17 
143 1.78400974233025 0.659009742330249 1.332267629550188e-15 2.22595148057181 2.22595148057182 8 0 2 19 -16 
144 2.22595148057181 1.62185921676907 1.23373533611471e-15 3.68435921676903 2.22595148057182 1.23373533611471e-15 0 2 19 -20 
145 2.22595148057181 1.62185921676907 8 3.68435921676903 2.22595148057182 8 0 2 16 -21 
146 1.4204951288348 2.71208739263759 1.23373533611471e-15 2.02458739263755 4.17049512883486 1.23373533611471e-15 0 2 17 -22 
147 6.71913104090065 3.68435921676905 1.23373533611471e-15 6.9204951288349 4.17049512883482 1.40998324127395e-15 0 2 23 -24 
148 6.9204951288349 4.17049512883482 1.332267629550188e-15 6.9204951288349 4.17049512883482 8 0 2 23 -25 
149 6.9204951288349 4.17049512883482 1.332267629550188e-15 8.34099025766961 4.96599025766965 8 0 2 23 -25 
150 6.31640286503206 4.17049512883482 1.40998324127395e-15 6.9204951288349 5.62890286503204 1.40998324127395e-15 0 2 23 -14 
151 6.58049512883482 4.17049512883482 0 6.9204951288349 4.17049512883483 1.40998324127395e-15 0 2 23 -26 
152 6.71913104090065 3.68435921676905 1.332267629550188e-15 6.71913104090065 3.68435921676905 8 0 2 27 -24 
153 6.71913104090065 3.68435921676905 8 6.9204951288349 4.17049512883482 8 0 2 27 -25 
154 6.71913104090065 2.57950487116508 1.332267629550188e-15 8.01148538650463 3.68435921676905 8 0 2 27 -24 
155 6.11503877709771 2.22595148057182 8 6.71913104090065 3.68435921676905 8 0 2 27 -28 
156 6.34253013224178 3.17049512883482 0 6.71913104090065 3.68435921676905 1.23373533611471e-15 0 2 24 -29 
157 6.11503877709771 2.22595148057182 1.23373533611471e-15 6.71913104090065 3.68435921676905 1.23373533611471e-15 0 2 24 -30 
158 6.31640286503206 4.17049512883482 8 6.9204951288349 5.62890286503204 8 0 2 25 -13 
159 6.58049512883482 4.17049512883482 8 6.9204951288349 4.17049512883483 8 0 2 25 -31 
160 4.17049512883481 1.76049512883482 8 5.17049512883476 1.99846012542783 8 0 2 32 -33 
161 4.79424902753187 1.84261388747816 0 5.17049512883476 1.99846012542783 0 0 2 34 -35 
162 5.17049512883476 1.99846012542783 0 5.17049512883476 1.99846012542783 8 0 2 34 -32 
163 5.17049512883476 1.99846012542783 0 5.17049512883476 3.17049512883482 0 0 2 34 -36 
164 4.17049512883481 1.76049512883482 0 4.79424902753187 1.84261388747816 0 0 2 35 -37 
165 4.79424902753187 1.84261388747816 0 5.62890286503194 2.02458739263758 1.23373533611471e-15 0 2 35 -38 
166 5.17049512883476 1.99846012542783 8 5.17049512883476 3.17049512883482 8 0 2 32 -39 
167 0 3.37499999999997 1.332267629550188e-15 1.4204951288348 4.17049512883486 8 0 2 18 -22 
168 4.17049512883481 1.76049512883482 0 4.17049512883481 1.76049512883482 8 0 2 33 -37 
169 4.17049512883481 1.42049512883481 8 4.17049512883481 1.76049512883482 8 0 2 33 -40 
170 3.17049512883476 1.76049512883482 8 4.17049512883481 1.99846012542784 8 0 2 33 -41 
171 4.17049512883481 1.42049512883481 0 4.17049512883481 1.76049512883482 1.23373533611471e-15 0 2 37 -42 
172 3.17049512883476 1.76049512883482 0 4.17049512883481 1.99846012542784 0 0 2 37 -43 
173 6.34253013224178 4.17049512883483 8 6.58049512883482 5.17049512883483 8 0 2 44 -31 
174 6.34253013224178 5.17049512883483 0 6.34253013224178 5.17049512883483 8 0 2 44 -45 
175 6.31640286503206 5.17049512883483 8 6.34253013224178 5.62890286503204 8 0 2 44 -13 
176 5.17049512883476 5.17049512883483 8 6.34253013224178 5.17049512883483 8 0 2 44 -46 
177 6.34253013224178 4.17049512883483 0 6.58049512883482 5.17049512883483 0 0 2 45 -26 
178 5.17049512883476 5.17049512883483 0 6.34253013224178 5.17049512883483 0 0 2 45 -47 
179 6.31640286503206 5.62890286503204 1.332267629550188e-15 6.31640286503206 5.62890286503204 8 0 2 13 -14 
180 6.31640286503206 5.62890286503204 1.332267629550188e-15 8.011485386504541 5.7614853865045 8 0 2 13 -14 
181 5.17049512883476 5.17049512883483 8 5.17049512883476 6.34253013224185 8 0 2 48 -46 
182 5.17049512883476 6.34253013224185 0 5.17049512883476 6.34253013224185 8 0 2 48 -49 
183 4.17049512883481 6.34253013224185 8 5.17049512883476 6.58049512883484 8 0 2 48 -50 
184 5.17049512883476 5.17049512883483 0 5.17049512883476 5.17049512883483 8 0 2 47 -46 
185 5.17049512883476 5.17049512883483 0 5.17049512883476 6.34253013224185 0 0 2 47 -49 
186 4.17049512883481 6.34253013224185 0 5.17049512883476 6.58049512883484 0 0 2 49 -51 
187 1.62185921676905 4.65663104090063 1.332267629550188e-15 1.62185921676905 4.65663104090063 8 0 2 7 -11 
188 0.329504871165074 4.65663104090063 1.332267629550188e-15 1.62185921676905 5.76148538650459 8 0 2 7 -11 
189 1.4204951288348 4.17049512883486 8 1.62185921676905 4.65663104090063 8 0 2 7 -18 
190 1.62185921676905 3.54674123013775 8 1.84261388747814 4.65663104090063 8 0 2 7 -52 
191 1.4204951288348 4.17049512883486 1.23373533611471e-15 1.62185921676905 4.65663104090063 1.32185928869433e-15 0 2 11 -22 
192 1.62185921676905 3.54674123013775 0 1.84261388747814 4.65663104090063 1.32185928869433e-15 0 2 11 -53 
193 4.17049512883481 0 1.332267629550188e-15 4.96599025766957 1.42049512883481 8 0 2 40 -42 
194 4.17049512883481 1.42049512883481 1.332267629550188e-15 4.17049512883481 1.42049512883481 8 0 2 40 -42 
195 3.68435921676903 1.42049512883481 8 4.17049512883481 1.62185921676907 8 0 2 40 -21 
196 4.17049512883481 1.42049512883481 8 5.62890286503194 2.02458739263758 8 0 2 40 -54 
197 3.68435921676903 1.42049512883481 1.23373533611471e-15 4.17049512883481 1.62185921676907 1.23373533611471e-15 0 2 42 -20 
198 4.17049512883481 1.42049512883481 1.23373533611471e-15 5.62890286503194 2.02458739263758 1.23373533611471e-15 0 2 42 -38 
199 4.65663104090058 6.71913104090064 1.332267629550188e-15 4.65663104090058 6.71913104090064 8 0 2 1 -2 
200 4.17049512883481 6.58049512883484 0 4.65663104090058 6.71913104090064 1.32185928869433e-15 0 2 1 -51 
201 4.1704951288348 6.71913104090064 1.32185928869433e-15 4.65663104090058 6.92049512883484 1.33287478276678e-15 0 2 1 -10 
202 4.17049512883481 6.71913104090064 8 4.65663104090058 6.92049512883484 8 0 2 2 -12 
203 3.17049512883476 1.99846012542784 0 3.17049512883476 1.99846012542784 8 0 2 41 -43 
204 3.17049512883476 1.99846012542784 8 3.17049512883476 3.17049512883482 8 0 2 41 -55 
205 3.17049512883476 1.99846012542784 0 3.17049512883476 3.17049512883482 0 0 2 43 -56 
206 4.17049512883481 6.58049512883484 0 4.17049512883481 6.58049512883484 8 0 2 50 -51 
207 3.17049512883476 6.34253013224179 8 4.17049512883481 6.58049512883484 8 0 2 50 -57 
208 4.17049512883481 6.58049512883484 8 4.17049512883481 6.92049512883484 8 0 2 50 -12 
209 3.17049512883476 6.34253013224179 0 4.17049512883481 6.58049512883484 0 0 2 51 -58 
210 4.1704951288348 6.58049512883484 0 4.17049512883481 6.92049512883484 1.33287478276678e-15 0 2 51 -10 
211 2.5795048711651 0.3295048711651241 1.332267629550188e-15 3.68435921676903 1.62185921676907 8 0 2 20 -21 
212 3.68435921676903 1.62185921676907 1.332267629550188e-15 3.68435921676903 1.62185921676907 8 0 2 20 -21 
213 1.770149298620231 3.54674123013775 0 1.99846012542783 5.17049512883483 0 0 2 59 -53 
214 1.99846012542783 5.17049512883483 0 1.99846012542783 5.17049512883483 8 0 2 59 -60 
215 1.99846012542783 5.17049512883483 0 3.17049512883476 5.17049512883483 0 0 2 59 -61 
216 1.770149298620231 3.54674123013775 8 1.99846012542783 5.17049512883483 8 0 2 60 -52 
217 1.99846012542783 5.17049512883483 8 3.17049512883476 5.17049512883483 8 0 2 60 -62 
218 3.17049512883476 3.17049512883482 0 3.17049512883476 3.17049512883482 8 0 2 56 -55 
219 1.99846012542783 3.17049512883482 0 3.17049512883476 3.17049512883482 0 0 2 56 -63 
220 1.99846012542783 3.17049512883482 8 3.17049512883476 3.17049512883482 8 0 2 55 -64 
221 6.34253013224178 3.17049512883482 8 6.58049512883482 4.17049512883483 8 0 2 65 -31 
222 6.34253013224178 3.17049512883482 0 6.34253013224178 3.17049512883482 8 0 2 29 -65 
223 6.34253013224178 3.17049512883482 0 6.58049512883482 4.17049512883483 0 0 2 29 -26 
224 5.62890286503194 2.02458739263758 0 6.34253013224178 3.17049512883482 1.23373533611471e-15 0 2 29 -38 
225 5.17049512883476 3.17049512883482 0 6.34253013224178 3.17049512883482 0 0 2 29 -36 
226 5.17049512883476 3.17049512883482 8 6.34253013224178 3.17049512883482 8 0 2 65 -39 
227 5.62890286503194 0.3295048711651241 1.332267629550188e-15 5.76148538650442 2.02458739263758 8 0 2 38 -54 
228 5.62890286503194 2.02458739263758 1.23373533611471e-15 6.11503877709771 2.22595148057182 1.23373533611471e-15 0 2 38 -30 
229 5.62890286503194 2.02458739263758 1.332267629550188e-15 5.62890286503194 2.02458739263758 8 0 2 38 -54 
230 1.99846012542783 3.17049512883482 0 1.99846012542783 3.17049512883482 8 0 2 64 -63 
231 1.84261388747814 3.17049512883482 8 1.99846012542783 3.54674123013775 8 0 2 64 -52 
232 1.84261388747814 3.17049512883482 0 1.99846012542783 3.54674123013775 0 0 2 63 -53 
233 6.11503877709771 1.78400974233023 1.332267629550188e-15 7.68198051533946 2.22595148057182 8 0 2 28 -30 
234 5.17049512883476 3.17049512883482 0 5.17049512883476 3.17049512883482 8 0 2 39 -36 
235 3.37499999999995 6.92049512883484 1.332267629550188e-15 4.17049512883481 8.34099025766967 8 0 2 10 -12 
236 3.17049512883476 6.34253013224179 0 3.17049512883476 6.34253013224179 8 0 2 58 -57 
237 3.17049512883476 5.17049512883483 0 3.17049512883476 6.34253013224179 0 0 2 58 -61 
238 3.17049512883476 5.17049512883483 8 3.17049512883476 6.34253013224179 8 0 2 57 -62 
239 5.62890286503194 2.02458739263758 8 6.11503877709771 2.22595148057182 8 0 2 28 -54 
240 6.58049512883482 4.17049512883483 0 6.58049512883482 4.17049512883483 8 0 2 31 -26 
241 4.1704951288348 6.92049512883484 1.332267629550188e-15 4.17049512883481 6.92049512883484 8 0 2 10 -12 
242 3.17049512883476 5.17049512883483 0 3.17049512883476 5.17049512883483 8 0 2 62 -61 
243 1.84261388747814 3.54674123013775 0 1.84261388747814 3.54674123013775 8 0 2 52 -53 
2 4.65663104090058 6.11503877709782 1.332267629550188e-15 6.55698051533936 8.011485386504591 8 0 4 123 -135 124 137 
3 0.659009742330237 6.11503877709784 1.332267629550188e-15 2.71208739263758 6.55698051533944 8 0 4 125 -129 128 -127 
4 6.1150387770978 5.62890286503204 1.332267629550188e-15 6.55698051533936 7.68198051533946 8 0 4 124 136 -179 -134 
5 1.78400974233025 0.659009742330249 1.332267629550188e-15 2.22595148057181 2.71208739263759 8 0 4 138 -143 142 -139 
6 6.71913104090065 3.68435921676905 1.332267629550188e-15 6.9204951288349 4.17049512883482 8 0 4 147 -152 153 -148 
7 4.17049512883481 1.76049512883482 0 5.17049512883476 1.99846012542783 8 0 5 160 168 -164 -161 162 
8 0 2.57950487116512 1.332267629550188e-15 2.02458739263755 4.17049512883486 8 0 4 140 146 -167 -141 
9 6.9204951288349 4.17049512883482 1.332267629550188e-15 8.34099025766961 4.96599025766965 8 0 2 148 -149 
10 6.34253013224178 4.17049512883483 0 6.58049512883482 5.17049512883483 8 0 4 173 240 -177 -174 
11 6.31640286503206 5.62890286503204 1.332267629550188e-15 8.011485386504541 5.7614853865045 8 0 2 179 -180 
12 5.17049512883476 5.17049512883483 0 5.17049512883476 6.34253013224185 8 0 4 181 -184 185 -182 
13 0.329504871165074 4.65663104090063 1.332267629550188e-15 1.62185921676905 5.76148538650459 8 0 2 187 -188 
14 4.17049512883481 0 1.332267629550188e-15 4.96599025766957 1.42049512883481 8 0 2 193 -194 
15 4.65663104090058 6.71913104090064 1.332267629550188e-15 5.76148538650451 8.011485386504591 8 0 2 123 -199 
16 3.17049512883476 1.76049512883482 0 4.17049512883481 1.99846012542784 8 0 4 168 172 -203 -170 
17 0 3.37499999999997 1.332267629550188e-15 1.62185921676905 4.65663104090063 8 0 4 167 -191 -187 189 
18 3.17049512883476 6.34253013224179 0 4.17049512883481 6.58049512883484 8 0 4 206 209 236 -207 
19 2.5795048711651 0.3295048711651241 1.332267629550188e-15 3.68435921676903 1.62185921676907 8 0 2 211 -212 
20 3.68435921676903 1.42049512883481 1.332267629550188e-15 4.17049512883481 1.62185921676907 8 0 4 194 197 212 -195 
21 4.17049512883481 6.34253013224185 0 5.17049512883476 6.58049512883484 8 0 4 182 186 -206 -183 
22 1.76049512883479 3.54674123013775 0 1.99846012542783 5.17049512883483 8 0 4 213 -243 -216 -214 
23 3.17049512883476 1.99846012542784 0 3.17049512883476 3.17049512883482 8 0 4 203 205 218 -204 
24 6.34253013224178 3.17049512883482 0 6.58049512883482 4.17049512883483 8 0 4 221 240 -223 222 
25 6.31640286503206 4.17049512883482 1.332267629550188e-15 8.34099025766961 5.7614853865045 8 0 4 149 158 180 -150 
26 2.5795048711651 6.31640286503209 1.332267629550188e-15 2.71208739263758 8.011485386504541 8 0 2 129 -130 
27 4.17049512883481 0 1.332267629550188e-15 5.76148538650442 2.02458739263758 8 0 4 193 198 227 -196 
28 1.99846012542783 3.17049512883482 0 3.17049512883476 3.17049512883482 8 0 4 218 220 230 -219 
29 6.11503877709771 1.78400974233023 1.332267629550188e-15 8.01148538650463 3.68435921676905 8 0 4 154 157 -233 -155 
30 5.17049512883476 3.17049512883482 0 6.34253013224178 3.17049512883482 8 0 4 222 226 234 -225 
31 2.5795048711651 6.31640286503209 1.332267629550188e-15 4.17049512883481 8.34099025766967 8 0 4 130 133 -235 -131 
32 5.17049512883476 5.17049512883483 0 6.34253013224178 5.17049512883483 8 0 4 174 178 184 -176 
33 5.62890286503194 1.78400974233023 1.332267629550188e-15 7.68198051533946 2.22595148057182 8 0 4 228 -233 239 -229 
34 6.71913104090065 2.57950487116508 1.332267629550188e-15 8.01148538650463 3.68435921676905 8 0 2 152 -154 
35 3.37499999999995 6.92049512883484 1.332267629550188e-15 4.17049512883481 8.34099025766967 8 0 2 235 -241 
36 5.17049512883476 1.99846012542783 0 5.17049512883476 3.17049512883482 8 0 4 162 166 234 -163 
37 3.17049512883476 5.17049512883483 0 3.17049512883476 6.34253013224179 8 0 4 236 238 242 -237 
38 5.62890286503194 0.3295048711651241 1.332267629550188e-15 5.76148538650442 2.02458739263758 8 0 2 227 -229 
39 0.329504871165074 2.57950487116512 1.332267629550188e-15 2.02458739263755 2.71208739263759 8 0 2 139 -140 
40 1.99846012542783 5.17049512883483 0 3.17049512883476 5.17049512883483 8 0 4 214 217 242 -215 
41 1.78400974233025 0.3295048711651241 1.332267629550188e-15 3.68435921676903 2.22595148057182 8 0 4 143 145 -211 -144 
42 0.329504871165074 4.65663104090063 1.332267629550188e-15 2.22595148057181 6.55698051533944 8 0 4 126 188 -132 -127 
43 1.84261388747814 3.17049512883482 0 1.99846012542783 3.54674123013775 8 0 4 230 232 -243 -231 
44 4.1704951288348 6.71913104090064 1.332267629550188e-15 4.65663104090058 6.92049512883484 8 0 4 199 202 -241 -201 
45 1.62185921676905 3.54674123013775 0 4.17049512883481 6.92049512883484 1.33287478276678e-15 0 9 128 132 192 -213 215 -237 -209 210 -131 
46 4.1704951288348 6.58049512883484 0 4.65663104090058 6.92049512883484 1.33287478276678e-15 0 3 200 210 -201 
47 4.17049512883481 4.17049512883482 0 6.9204951288349 6.71913104090064 1.40998324127395e-15 0 9 136 -150 151 -177 178 185 186 -200 -137 
48 6.34253013224178 3.17049512883482 0 6.9204951288349 4.17049512883483 1.40998324127395e-15 0 4 147 156 223 -151 
49 4.79424902753187 1.84261388747816 0 6.34253013224178 3.17049512883482 1.23373533611471e-15 0 5 161 165 -224 225 -163 
50 5.62890286503194 2.02458739263758 0 6.71913104090065 3.68435921676905 1.23373533611471e-15 0 4 156 224 228 -157 
51 1.4204951288348 1.42049512883481 0 4.17049512883481 4.65663104090063 1.32185928869433e-15 0 11 142 146 -191 192 -232 -219 -205 -172 171 197 -144 
52 4.17049512883481 1.42049512883481 0 5.62890286503194 2.02458739263758 1.23373533611471e-15 0 4 164 171 198 -165 
53 1.4204951288348 1.42049512883481 8 4.17049512883481 4.65663104090063 8 0 11 138 145 -195 -169 170 204 220 231 -190 189 -141 
54 4.17049512883481 1.42049512883481 8 6.9204951288349 4.17049512883483 8 0 10 153 159 -221 226 -166 160 169 196 -239 -155 
55 4.17049512883481 5.17049512883483 8 6.34253013224178 6.92049512883484 8 0 8 134 -175 176 -181 183 208 -202 -135 
56 6.31640286503206 4.17049512883482 8 6.9204951288349 5.62890286503204 8 0 4 158 -175 173 -159 
57 1.62185921676905 3.54674123013775 8 4.17049512883481 6.92049512883484 8 0 9 125 133 -208 207 238 -217 216 -190 -126 
1 0 0 0 8.34099025766961 8.34099025766967 8 0 56 2 3 4 5 6 7 8 9 10 11 12 13 14 15 16 17 18 19 20 21 22 23 24 25 26 27 28 29 30 31 32 33 34 35 36 37 38 39 40 41 42 43 44 45 46 47 48 49 50 51 52 53 54 55 56 57 
$EndEntities
$Nodes
243 896 1 896
0 1 0 1
1
4.65663104090058 6.71913104090064 1.32185928869433e-15
0 2 0 1
2
4.65663104090058 6.71913104090064 8
0 3 0 1
3
6.1150387770978 6.11503877709782 8
0 4 0 1
4
6.1150387770978 6.11503877709782 1.32185928869433e-15
0 5 0 1
5
2.22595148057181 6.11503877709784 8
0 6 0 1
6
2.71208739263758 6.31640286503209 8
0 7 0 1
7
1.62185921676905 4.65663104090063 8
0 8 0 1
8
2.22595148057181 6.11503877709784 1.32185928869433e-15
0 9 0 1
9
2.71208739263758 6.31640286503209 1.33287478276678e-15
0 10 0 1
10
4.1704951288348 6.92049512883484 1.33287478276678e-15
0 11 0 1
11
1.62185921676905 4.65663104090063 1.32185928869433e-15
0 12 0 1
12
4.17049512883481 6.92049512883484 8
0 13 0 1
13
6.31640286503206 5.62890286503204 8
0 14 0 1
14
6.31640286503206 5.62890286503204 1.40998324127395e-15
0 15 0 1
15
2.02458739263755 2.71208739263759 8
0 16 0 1
16
2.22595148057181 2.22595148057182 8
0 17 0 1
17
2.02458739263755 2.71208739263759 1.23373533611471e-15
0 18 0 1
18
1.4204951288348 4.17049512883486 8
0 19 0 1
19
2.22595148057181 2.22595148057182 1.23373533611471e-15
0 20 0 1
20
3.68435921676903 1.62185921676907 1.23373533611471e-15
0 21 0 1
21
3.68435921676903 1.62185921676907 8
0 22 0 1
22
1.4204951288348 4.17049512883486 1.23373533611471e-15
0 23 0 1
23
6.9204951288349 4.17049512883482 1.40998324127395e-15
0 24 0 1
24
6.71913104090065 3.68435921676905 1.23373533611471e-15
0 25 0 1
25
6.9204951288349 4.17049512883482 8
0 26 0 1
26
6.58049512883482 4.17049512883483 0
0 27 0 1
27
6.71913104090065 3.68435921676905 8
0 28 0 1
28
6.11503877709771 2.22595148057182 8
0 29 0 1
29
6.34253013224178 3.17049512883482 0
0 30 0 1
30
6.11503877709771 2.22595148057182 1.23373533611471e-15
0 31 0 1
31
6.58049512883482 4.17049512883483 8
0 32 0 1
32
5.17049512883476 1.99846012542783 8
0 33 0 1
33
4.17049512883481 1.76049512883482 8
0 34 0 1
34
5.17049512883476 1.99846012542783 0
0 35 0 1
35
4.79424902753187 1.84261388747816 0
0 36 0 1
36
5.17049512883476 3.17049512883482 0
0 37 0 1
37
4.17049512883481 1.76049512883482 0
0 38 0 1
38
5.62890286503194 2.02458739263758 1.23373533611471e-15
0 39 0 1
39
5.17049512883476 3.17049512883482 8
0 40 0 1
40
4.17049512883481 1.42049512883481 8
0 41 0 1
41
3.17049512883476 1.99846012542784 8
0 42 0 1
42
4.17049512883481 1.42049512883481 1.23373533611471e-15
0 43 0 1
43
3.17049512883476 1.99846012542784 0
0 44 0 1
44
6.34253013224178 5.17049512883483 8
0 45 0 1
45
6.34253013224178 5.17049512883483 0
0 46 0 1
46
5.17049512883476 5.17049512883483 8
0 47 0 1
47
5.17049512883476 5.17049512883483 0
0 48 0 1
48
5.17049512883476 6.34253013224185 8
0 49 0 1
49
5.17049512883476 6.34253013224185 0
0 50 0 1
50
4.17049512883481 6.58049512883484 8
0 51 0 1
51
4.17049512883481 6.58049512883484 0
0 52 0 1
52
1.84261388747814 3.54674123013775 8
0 53 0 1
53
1.84261388747814 3.54674123013775 0
0 54 0 1
54
5.62890286503194 2.02458739263758 8
0 55 0 1
55
3.17049512883476 3.17049512883482 8
0 56 0 1
56
3.17049512883476 3.17049512883482 0
0 57 0 1
57
3.17049512883476 6.34253013224179 8
0 58 0 1
58
3.17049512883476 6.34253013224179 0
0 59 0 1
59
1.99846012542783 5.17049512883483 0
0 60 0 1
60
1.99846012542783 5.17049512883483 8
0 61 0 1
61
3.17049512883476 5.17049512883483 0
0 62 0 1
62
3.17049512883476 5.17049512883483 8
0 63 0 1
63
1.99846012542783 3.17049512883482 0
0 64 0 1
64
1.99846012542783 3.17049512883482 8
0 65 0 1
65
6.34253013224178 3.17049512883482 8
1 123 0 7
66
67
68
69
70
71
72
5.143289135130458 7.288377752382356 0.8809452506861698
5.629947229360337 7.857624463864071 1.761890501372336
5.76148538650451 8.011485386504591 2.843737722694918
5.76148538650451 8.011485386504591 3.999999999999994
5.76148538650451 8.011485386504591 5.15626227730507
5.629947229360339 7.857624463864075 6.238109498627658
5.143289135130459 7.288377752382358 7.119054749313829
1 124 0 7
73
74
75
76
77
78
79
6.311209051654971 6.810577044718833 7.112234678997679
6.507379326212142 7.506115312339843 6.22446935799536
6.55698051533936 7.68198051533946 5.144719844992412
6.55698051533936 7.68198051533946 4.000000000000012
6.55698051533936 7.68198051533946 2.85528015500761
6.507379326212145 7.506115312339854 1.775530642004654
6.311209051654972 6.810577044718837 0.8877653210023275
1 125 0 2
80
81
2.387996784593733 6.18216013974259 8
2.550042088615657 6.24928150238734 8
1 126 0 2
82
83
2.024587392637557 5.628902865032104 8
1.823223304703304 5.142766952966367 8
1 127 0 7
84
85
86
87
88
89
90
1.530413212950822 6.31120905165503 7.112234678997671
0.8348749453298343 6.50737932621222 6.224469357995345
0.659009742330237 6.55698051533944 5.144719844992391
0.659009742330237 6.55698051533944 3.999999999999994
0.659009742330237 6.55698051533944 2.855280155007597
0.8348749453298409 6.507379326212218 1.775530642004648
1.530413212950826 6.311209051655029 0.887765321002324
1 128 0 2
91
92
2.550042088615657 6.24928150238734 1.329202951409297e-15
2.387996784593733 6.18216013974259 1.325531120051813e-15
1 129 0 6
93
94
95
96
97
98
2.71208739263758 6.31640286503209 1.142857142857142
2.71208739263758 6.31640286503209 2.285714285714284
2.71208739263758 6.31640286503209 3.428571428571422
2.71208739263758 6.31640286503209 4.571428571428561
2.71208739263758 6.31640286503209 5.714285714285706
2.71208739263758 6.31640286503209 6.857142857142852
1 130 0 7
99
100
101
102
103
104
105
2.653688421329991 7.063040313438234 0.8809452506861686
2.595289450022402 7.80967776184438 1.761890501372337
2.5795048711651 8.011485386504541 2.843737722694924
2.5795048711651 8.011485386504541 4.000000000000009
2.5795048711651 8.011485386504541 5.156262277305092
2.595289450022403 7.80967776184437 6.238109498627677
2.653688421329992 7.063040313438229 7.119054749313839
1 131 0 2
106
107
3.198223304703318 6.51776695296634 1.33287478276678e-15
3.684359216769059 6.71913104090059 1.33287478276678e-15
1 132 0 2
108
109
2.024587392637557 5.628902865032104 1.32185928869433e-15
1.823223304703304 5.142766952966367 1.32185928869433e-15
1 133 0 2
110
111
3.198223304703324 6.51776695296634 8
3.684359216769069 6.719131040900591 8
1 134 0 2
112
113
6.182160139742553 5.952993473075892 8
6.249281502387307 5.790948169053966 8
1 135 0 2
114
115
5.628902865032059 6.316402865032093 8
5.14276695296632 6.517766952966367 8
1 136 0 2
116
117
6.182160139742553 5.952993473075892 1.351233939554203e-15
6.249281502387307 5.790948169053966 1.380608590414077e-15
1 137 0 2
118
119
5.628902865032059 6.316402865032093 1.32185928869433e-15
5.14276695296632 6.517766952966367 1.32185928869433e-15
1 138 0 2
120
121
2.091708755282303 2.550042088615667 8
2.158830117927057 2.387996784593744 8
1 139 0 6
122
123
124
125
126
127
2.02458739263755 2.71208739263759 6.857142857142859
2.02458739263755 2.71208739263759 5.714285714285717
2.02458739263755 2.71208739263759 4.571428571428578
2.02458739263755 2.71208739263759 3.428571428571441
2.02458739263755 2.71208739263759 2.285714285714295
2.02458739263755 2.71208739263759 1.142857142857149
1 140 0 7
128
129
130
131
132
133
134
1.277949944231397 2.653688421330005 7.119054749313836
0.5313124958252449 2.595289450022421 6.238109498627672
0.329504871165074 2.57950487116512 5.156262277305087
0.329504871165074 2.57950487116512 4.000000000000001
0.329504871165074 2.57950487116512 2.843737722694915
0.5313124958252448 2.595289450022421 1.761890501372328
1.277949944231398 2.653688421330005 0.8809452506861646
1 141 0 2
135
136
1.8232233047033 3.198223304703347 8
1.621859216769049 3.684359216769105 8
1 142 0 2
137
138
2.158830117927057 2.387996784593743 1.23373533611471e-15
2.091708755282303 2.550042088615666 1.23373533611471e-15
1 143 0 7
139
140
141
142
143
144
145
2.029781206014637 1.530413212950831 0.8877653210023314
1.833610931457463 0.8348749453298416 1.775530642004662
1.78400974233025 0.659009742330249 2.855280155007615
1.78400974233025 0.659009742330249 4.000000000000012
1.78400974233025 0.659009742330249 5.144719844992406
1.833610931457467 0.834874945329854 6.224469357995354
2.029781206014639 1.530413212950837 7.112234678997678
1 144 0 2
146
147
2.712087392637549 2.024587392637571 1.23373533611471e-15
3.198223304703289 1.82322330470332 1.23373533611471e-15
1 145 0 2
148
149
2.712087392637549 2.024587392637571 8
3.198223304703289 1.82322330470332 8
1 146 0 2
150
151
1.8232233047033 3.198223304703347 1.23373533611471e-15
1.621859216769049 3.684359216769105 1.23373533611471e-15
1 147 0 2
152
153
6.85337376619015 4.008449824812897 1.351233939554203e-15
6.7862524035454 3.846404520790973 1.292484637834457e-15
1 148 0 6
154
155
156
157
158
159
6.9204951288349 4.17049512883482 1.142857142857142
6.9204951288349 4.17049512883482 2.285714285714284
6.9204951288349 4.17049512883482 3.428571428571422
6.9204951288349 4.17049512883482 4.571428571428561
6.9204951288349 4.17049512883482 5.714285714285706
6.9204951288349 4.17049512883482 6.857142857142852
1 149 0 7
160
161
162
163
164
165
166
7.551028285851004 4.523601623037746 0.8877653210023424
8.181561442867109 4.876708117240671 1.775530642004683
8.34099025766961 4.96599025766965 2.85528015500763
8.34099025766961 4.96599025766965 4.000000000000004
8.34099025766961 4.96599025766965 5.144719844992379
8.181561442867103 4.876708117240669 6.224469357995325
7.551028285851001 4.523601623037744 7.112234678997662
1 150 0 2
167
168
6.71913104090062 4.65663104090056 1.40998324127395e-15
6.51776695296634 5.142766952966299 1.40998324127395e-15
1 151 0 2
169
170
6.80716179550154 4.170495128834824 9.399888275159665e-16
6.69382846216818 4.170495128834826 4.699944137579823e-16
1 152 0 6
171
172
173
174
175
176
6.71913104090065 3.68435921676905 6.857142857142859
6.71913104090065 3.68435921676905 5.714285714285717
6.71913104090065 3.68435921676905 4.571428571428578
6.71913104090065 3.68435921676905 3.428571428571441
6.71913104090065 3.68435921676905 2.285714285714295
6.71913104090065 3.68435921676905 1.142857142857149
1 153 0 2
177
178
6.7862524035454 3.846404520790974 8
6.85337376619015 4.008449824812897 8
1 154 0 7
179
180
181
182
183
184
185
7.288377752382377 3.197701122539156 7.119054749313835
7.857624463864104 2.711043028309261 6.238109498627669
8.01148538650463 2.57950487116508 5.156262277305083
8.01148538650463 2.57950487116508 3.999999999999997
8.01148538650463 2.57950487116508 2.843737722694913
7.8576244638641 2.711043028309264 1.761890501372326
7.288377752382375 3.197701122539157 0.8809452506861637
1 155 0 2
186
187
6.517766952966337 3.198223304703307 8
6.316402865032023 2.712087392637561 8
1 156 0 2
188
189
6.593597404681026 3.51307118745764 8.224902240764734e-16
6.468063768461404 3.34178315814623 4.112451120382367e-16
1 157 0 2
190
191
6.517766952966337 3.198223304703307 1.23373533611471e-15
6.316402865032023 2.712087392637561 1.23373533611471e-15
1 158 0 2
192
193
6.71913104090062 4.65663104090056 8
6.51776695296634 5.142766952966299 8
1 159 0 2
194
195
6.80716179550154 4.170495128834824 8
6.69382846216818 4.170495128834826 8
1 160 0 2
196
197
4.851331062317741 1.866258040454323 8
4.513000360900448 1.80558679807301 8
1 161 0 2
198
199
5.045079761733796 1.946511379444607 0
4.919664394632833 1.894562633461383 0
1 162 0 6
200
201
202
203
204
205
5.17049512883476 1.99846012542783 1.142857142857141
5.17049512883476 1.99846012542783 2.285714285714283
5.17049512883476 1.99846012542783 3.428571428571422
5.17049512883476 1.99846012542783 4.57142857142856
5.17049512883476 1.99846012542783 5.714285714285706
5.17049512883476 1.99846012542783 6.857142857142852
1 163 0 2
206
207
5.17049512883476 2.389138459896827 0
5.17049512883476 2.779816794365825 0
1 164 0 2
208
209
4.586331061299517 1.81524096793038 0
4.378413095067164 1.7878680483826 0
1 165 0 2
210
211
5.072466973365227 1.9032717225313 4.112451120382364e-16
5.350684919198583 1.96392955758444 8.224902240764732e-16
1 166 0 2
212
213
5.17049512883476 2.389138459896827 8
5.17049512883476 2.779816794365825 8
1 167 0 7
214
215
216
217
218
219
220
0.7899619718186645 3.817388634631912 7.112234678997671
0.1594288148025289 3.464282140428964 6.224469357995342
0 3.37499999999997 5.144719844992395
0 3.37499999999997 4.000000000000007
0 3.37499999999997 2.855280155007618
0.1594288148025233 3.464282140428961 1.775530642004666
0.7899619718186617 3.817388634631911 0.8877653210023337
1 168 0 6
221
222
223
224
225
226
4.17049512883481 1.76049512883482 6.857142857142859
4.17049512883481 1.76049512883482 5.714285714285717
4.17049512883481 1.76049512883482 4.571428571428578
4.17049512883481 1.76049512883482 3.42857142857144
4.17049512883481 1.76049512883482 2.285714285714294
4.17049512883481 1.76049512883482 1.142857142857148
1 169 0 2
227
228
4.17049512883481 1.647161795501483 8
4.17049512883481 1.533828462168147 8
1 170 0 2
229
230
3.827989894583715 1.80558679836073 8
3.489659197388309 1.866258039610797 8
1 171 0 2
231
232
4.17049512883481 1.647161795501483 4.112451120382362e-16
4.17049512883481 1.533828462168147 8.224902240764722e-16
1 172 0 2
233
234
3.827989894583715 1.80558679836073 0
3.489659197388309 1.866258039610797 0
1 173 0 2
235
236
6.474732217215307 4.851331062317798 8
6.535403459596629 4.513000360900486 8
1 174 0 6
237
238
239
240
241
242
6.34253013224178 5.17049512883483 6.857142857142859
6.34253013224178 5.17049512883483 5.714285714285717
6.34253013224178 5.17049512883483 4.571428571428578
6.34253013224178 5.17049512883483 3.42857142857144
6.34253013224178 5.17049512883483 2.285714285714294
6.34253013224178 5.17049512883483 1.142857142857148
1 175 0 2
243
244
6.333821043171874 5.323297707567233 8
6.325111954101967 5.476100286299637 8
1 176 0 2
245
246
5.951851797772775 5.17049512883483 8
5.561173463303768 5.17049512883483 8
1 177 0 2
247
248
6.474732217215307 4.851331062317798 0
6.535403459596629 4.513000360900486 0
1 178 0 2
249
250
5.951851797772775 5.17049512883483 0
5.561173463303768 5.17049512883483 0
1 179 0 6
251
252
253
254
255
256
6.31640286503206 5.62890286503204 6.857142857142859
6.31640286503206 5.62890286503204 5.714285714285717
6.31640286503206 5.62890286503204 4.571428571428579
6.31640286503206 5.62890286503204 3.428571428571441
6.31640286503206 5.62890286503204 2.285714285714295
6.31640286503206 5.62890286503204 1.142857142857149
1 180 0 7
257
258
259
260
261
262
263
7.063040313438215 5.687301836339619 7.119054749313836
7.809677761844369 5.7457008076472 6.238109498627673
8.011485386504541 5.7614853865045 5.156262277305088
8.011485386504541 5.7614853865045 4.000000000000002
8.011485386504541 5.7614853865045 2.843737722694915
7.80967776184437 5.7457008076472 1.761890501372328
7.063040313438215 5.687301836339619 0.8809452506861646
1 181 0 2
264
265
5.17049512883476 5.951851797772845 8
5.17049512883476 5.561173463303838 8
1 182 0 6
266
267
268
269
270
271
5.17049512883476 6.34253013224185 6.857142857142859
5.17049512883476 6.34253013224185 5.714285714285717
5.17049512883476 6.34253013224185 4.571428571428578
5.17049512883476 6.34253013224185 3.42857142857144
5.17049512883476 6.34253013224185 2.285714285714294
5.17049512883476 6.34253013224185 1.142857142857148
1 183 0 2
272
273
4.851331062317736 6.474732217215334 8
4.513000360900445 6.535403459596645 8
1 184 0 6
274
275
276
277
278
279
5.17049512883476 5.17049512883483 1.142857142857141
5.17049512883476 5.17049512883483 2.285714285714283
5.17049512883476 5.17049512883483 3.428571428571422
5.17049512883476 5.17049512883483 4.57142857142856
5.17049512883476 5.17049512883483 5.714285714285706
5.17049512883476 5.17049512883483 6.857142857142852
1 185 0 2
280
281
5.17049512883476 5.561173463303835 0
5.17049512883476 5.951851797772842 0
1 186 0 2
282
283
4.851331062317736 6.474732217215334 0
4.513000360900445 6.535403459596645 0
1 187 0 6
284
285
286
287
288
289
1.62185921676905 4.65663104090063 6.857142857142859
1.62185921676905 4.65663104090063 5.714285714285717
1.62185921676905 4.65663104090063 4.571428571428578
1.62185921676905 4.65663104090063 3.428571428571441
1.62185921676905 4.65663104090063 2.285714285714295
1.62185921676905 4.65663104090063 1.142857142857149
1 188 0 7
290
291
292
293
294
295
296
1.052612505287324 5.14328913513052 7.119054749313833
0.4833657938055986 5.629947229360411 6.238109498627667
0.329504871165074 5.76148538650459 5.15626227730508
0.329504871165074 5.76148538650459 3.999999999999996
0.329504871165074 5.76148538650459 2.84373772269491
0.4833657938056037 5.629947229360407 1.761890501372325
1.052612505287327 5.143289135130519 0.8809452506861637
1 189 0 2
297
298
1.5547378541243 4.494585736878707 8
1.48761649147955 4.332540432856783 8
1 190 0 2
299
300
1.695444107005414 4.286667770646336 8
1.769028997241777 3.916704500392042 8
1 191 0 2
301
302
1.5547378541243 4.494585736878707 1.292484637834457e-15
1.48761649147955 4.332540432856783 1.263109986974583e-15
1 192 0 2
303
304
1.695444107005414 4.286667770646336 8.812395257962184e-16
1.769028997241777 3.916704500392042 4.406197628981083e-16
1 193 0 7
305
306
307
308
309
310
311
4.523601623037702 0.7899619718186673 7.112234678997667
4.876708117240593 0.1594288148025247 6.224469357995334
4.96599025766957 0 5.144719844992392
4.96599025766957 0 4.000000000000013
4.96599025766957 0 2.855280155007634
4.876708117240599 0.1594288148025131 1.775530642004682
4.523601623037704 0.7899619718186616 0.8877653210023417
1 194 0 6
312
313
314
315
316
317
4.17049512883481 1.42049512883481 6.857142857142859
4.17049512883481 1.42049512883481 5.714285714285717
4.17049512883481 1.42049512883481 4.571428571428578
4.17049512883481 1.42049512883481 3.428571428571441
4.17049512883481 1.42049512883481 2.285714285714295
4.17049512883481 1.42049512883481 1.142857142857149
1 195 0 2
318
319
4.008449824812884 1.487616491479563 8
3.846404520790958 1.554737854124316 8
1 196 0 2
320
321
4.65663104090052 1.621859216769067 8
5.14276695296623 1.823223304703323 8
1 197 0 2
322
323
4.008449824812884 1.487616491479563 1.23373533611471e-15
3.846404520790958 1.554737854124316 1.23373533611471e-15
1 198 0 2
324
325
4.65663104090052 1.621859216769067 1.23373533611471e-15
5.14276695296623 1.823223304703323 1.23373533611471e-15
1 199 0 6
326
327
328
329
330
331
4.65663104090058 6.71913104090064 1.142857142857142
4.65663104090058 6.71913104090064 2.285714285714284
4.65663104090058 6.71913104090064 3.428571428571423
4.65663104090058 6.71913104090064 4.57142857142856
4.65663104090058 6.71913104090064 5.714285714285706
4.65663104090058 6.71913104090064 6.857142857142852
1 200 0 2
332
333
4.494585736878656 6.67291907021204 8.812395257962184e-16
4.332540432856733 6.62670709952344 4.406197628981078e-16
1 201 0 2
334
335
4.494585736878653 6.786252403545374 1.325531120051813e-15
4.332540432856726 6.853373766190107 1.329202951409297e-15
1 202 0 2
336
337
4.494585736878657 6.786252403545373 8
4.332540432856733 6.853373766190107 8
1 203 0 6
338
339
340
341
342
343
3.17049512883476 1.99846012542784 6.857142857142859
3.17049512883476 1.99846012542784 5.714285714285717
3.17049512883476 1.99846012542784 4.571428571428578
3.17049512883476 1.99846012542784 3.42857142857144
3.17049512883476 1.99846012542784 2.285714285714294
3.17049512883476 1.99846012542784 1.142857142857148
1 204 0 2
344
345
3.17049512883476 2.389138459896833 8
3.17049512883476 2.779816794365827 8
1 205 0 2
346
347
3.17049512883476 2.389138459896833 0
3.17049512883476 2.779816794365827 0
1 206 0 6
348
349
350
351
352
353
4.17049512883481 6.58049512883484 6.857142857142859
4.17049512883481 6.58049512883484 5.714285714285717
4.17049512883481 6.58049512883484 4.571428571428578
4.17049512883481 6.58049512883484 3.42857142857144
4.17049512883481 6.58049512883484 2.285714285714294
4.17049512883481 6.58049512883484 1.142857142857148
1 207 0 2
354
355
3.827989894583713 6.535403459308924 8
3.489659197388305 6.474732218058849 8
1 208 0 2
356
357
4.17049512883481 6.693828462168173 8
4.17049512883481 6.807161795501507 8
1 209 0 2
358
359
3.827989894583713 6.535403459308924 0
3.489659197388305 6.474732218058849 0
1 210 0 2
360
361
4.170495128834807 6.693828462168173 4.442915942555936e-16
4.170495128834803 6.807161795501507 8.885831885111863e-16
1 211 0 7
362
363
364
365
366
367
368
3.197701122539152 1.052612505287356 0.8809452506861696
2.711043028309272 0.4833657938056408 1.76189050137234
2.5795048711651 0.329504871165124 2.843737722694922
2.5795048711651 0.329504871165124 3.999999999999997
2.5795048711651 0.329504871165124 5.156262277305073
2.711043028309271 0.4833657938056393 6.238109498627658
3.19770112253915 1.052612505287355 7.119054749313829
1 212 0 6
369
370
371
372
373
374
3.68435921676903 1.62185921676907 1.142857142857142
3.68435921676903 1.62185921676907 2.285714285714284
3.68435921676903 1.62185921676907 3.428571428571423
3.68435921676903 1.62185921676907 4.57142857142856
3.68435921676903 1.62185921676907 5.714285714285706
3.68435921676903 1.62185921676907 6.857142857142852
1 213 0 2
375
376
1.823305547907258 4.647587627826494 0
1.770149298620231 4.097164428982124 0
1 214 0 6
377
378
379
380
381
382
1.99846012542783 5.17049512883483 1.142857142857141
1.99846012542783 5.17049512883483 2.285714285714283
1.99846012542783 5.17049512883483 3.428571428571422
1.99846012542783 5.17049512883483 4.57142857142856
1.99846012542783 5.17049512883483 5.714285714285706
1.99846012542783 5.17049512883483 6.857142857142852
1 215 0 2
383
384
2.389138459896806 5.17049512883483 0
2.779816794365783 5.17049512883483 0
1 216 0 2
385
386
1.823305547907258 4.647587627826494 8
1.770149298620231 4.097164428982124 8
1 217 0 2
387
388
2.389138459896806 5.17049512883483 8
2.779816794365783 5.17049512883483 8
1 218 0 6
389
390
391
392
393
394
3.17049512883476 3.17049512883482 1.142857142857141
3.17049512883476 3.17049512883482 2.285714285714283
3.17049512883476 3.17049512883482 3.428571428571422
3.17049512883476 3.17049512883482 4.57142857142856
3.17049512883476 3.17049512883482 5.714285714285706
3.17049512883476 3.17049512883482 6.857142857142852
1 219 0 2
395
396
2.779816794365784 3.17049512883482 0
2.389138459896807 3.17049512883482 0
1 220 0 2
397
398
2.779816794365784 3.17049512883482 8
2.389138459896807 3.17049512883482 8
1 221 0 2
399
400
6.474732217215306 3.489659195351857 8
6.535403459596629 3.827989896769171 8
1 222 0 6
401
402
403
404
405
406
6.34253013224178 3.17049512883482 1.142857142857141
6.34253013224178 3.17049512883482 2.285714285714283
6.34253013224178 3.17049512883482 3.428571428571422
6.34253013224178 3.17049512883482 4.57142857142856
6.34253013224178 3.17049512883482 5.714285714285706
6.34253013224178 3.17049512883482 6.857142857142852
1 223 0 2
407
408
6.474732217215306 3.489659195351857 0
6.535403459596629 3.827989896769171 0
1 224 0 2
409
410
6.104654376505167 2.78852588343574 4.112451120382371e-16
5.866778620768553 2.406556638036659 8.224902240764744e-16
1 225 0 2
411
412
5.951851797772775 3.17049512883482 0
5.561173463303768 3.17049512883482 0
1 226 0 2
413
414
5.951851797772775 3.17049512883482 8
5.561173463303768 3.17049512883482 8
1 227 0 7
415
416
417
418
419
420
421
5.687301836339529 1.277949944231433 0.8809452506861686
5.745700807647118 0.5313124958252873 1.761890501372334
5.76148538650442 0.329504871165124 2.843737722694922
5.76148538650442 0.329504871165124 4.000000000000006
5.76148538650442 0.329504871165124 5.15626227730509
5.745700807647117 0.5313124958252955 6.238109498627676
5.687301836339529 1.277949944231438 7.119054749313838
1 228 0 2
422
423
5.790948169053863 2.091708755282327 1.23373533611471e-15
5.952993473075786 2.158830117927073 1.23373533611471e-15
1 229 0 6
424
425
426
427
428
429
5.62890286503194 2.02458739263758 1.142857142857142
5.62890286503194 2.02458739263758 2.285714285714284
5.62890286503194 2.02458739263758 3.428571428571423
5.62890286503194 2.02458739263758 4.57142857142856
5.62890286503194 2.02458739263758 5.714285714285706
5.62890286503194 2.02458739263758 6.857142857142852
1 230 0 6
430
431
432
433
434
435
1.99846012542783 3.17049512883482 6.857142857142859
1.99846012542783 3.17049512883482 5.714285714285717
1.99846012542783 3.17049512883482 4.571428571428578
1.99846012542783 3.17049512883482 3.42857142857144
1.99846012542783 3.17049512883482 2.285714285714294
1.99846012542783 3.17049512883482 1.142857142857148
1 231 0 2
436
437
1.9465113794446 3.295910495935797 8
1.89456263346137 3.421325863036773 8
1 232 0 2
438
439
1.9465113794446 3.295910495935797 0
1.89456263346137 3.421325863036773 0
1 233 0 7
440
441
442
443
444
445
446
6.810577044718763 2.029781206014638 7.112234678997689
7.506115312339817 1.833610931457455 6.224469357995377
7.68198051533946 1.78400974233023 5.144719844992424
7.68198051533946 1.78400974233023 4.000000000000003
7.68198051533946 1.78400974233023 2.855280155007581
7.506115312339817 1.833610931457455 1.775530642004623
6.810577044718764 2.029781206014638 0.8877653210023124
1 234 0 6
447
448
449
450
451
452
5.17049512883476 3.17049512883482 6.857142857142859
5.17049512883476 3.17049512883482 5.714285714285717
5.17049512883476 3.17049512883482 4.571428571428578
5.17049512883476 3.17049512883482 3.42857142857144
5.17049512883476 3.17049512883482 2.285714285714294
5.17049512883476 3.17049512883482 1.142857142857148
1 235 0 7
453
454
455
456
457
458
459
3.81738863463187 7.551028285850988 0.8877653210023283
3.46428214042894 8.181561442867137 1.775530642004657
3.37499999999995 8.34099025766967 2.855280155007603
3.37499999999995 8.34099025766967 3.999999999999992
3.37499999999995 8.34099025766967 5.144719844992382
3.464282140428938 8.181561442867144 6.224469357995333
3.817388634631874 7.551028285850992 7.112234678997667
1 236 0 6
460
461
462
463
464
465
3.17049512883476 6.34253013224179 1.142857142857141
3.17049512883476 6.34253013224179 2.285714285714283
3.17049512883476 6.34253013224179 3.428571428571422
3.17049512883476 6.34253013224179 4.57142857142856
3.17049512883476 6.34253013224179 5.714285714285706
3.17049512883476 6.34253013224179 6.857142857142852
1 237 0 2
466
467
3.17049512883476 5.951851797772803 0
3.17049512883476 5.561173463303817 0
1 238 0 2
468
469
3.17049512883476 5.951851797772803 8
3.17049512883476 5.561173463303817 8
1 239 0 2
470
471
5.952993473075788 2.158830117927073 8
5.790948169053864 2.091708755282327 8
1 240 0 6
472
473
474
475
476
477
6.58049512883482 4.17049512883483 6.857142857142859
6.58049512883482 4.17049512883483 5.714285714285717
6.58049512883482 4.17049512883483 4.571428571428578
6.58049512883482 4.17049512883483 3.42857142857144
6.58049512883482 4.17049512883483 2.285714285714294
6.58049512883482 4.17049512883483 1.142857142857148
1 241 0 6
478
479
480
481
482
483
4.170495128834801 6.92049512883484 1.142857142857142
4.170495128834802 6.92049512883484 2.285714285714284
4.170495128834804 6.92049512883484 3.428571428571422
4.170495128834806 6.92049512883484 4.571428571428561
4.170495128834808 6.92049512883484 5.714285714285706
4.170495128834808 6.92049512883484 6.857142857142852
1 242 0 6
484
485
486
487
488
489
3.17049512883476 5.17049512883483 6.857142857142859
3.17049512883476 5.17049512883483 5.714285714285717
3.17049512883476 5.17049512883483 4.571428571428578
3.17049512883476 5.17049512883483 3.42857142857144
3.17049512883476 5.17049512883483 2.285714285714294
3.17049512883476 5.17049512883483 1.142857142857148
1 243 0 6
490
491
492
493
494
495
1.84261388747814 3.54674123013775 6.857142857142859
1.84261388747814 3.54674123013775 5.714285714285717
1.84261388747814 3.54674123013775 4.571428571428578
1.84261388747814 3.54674123013775 3.42857142857144
1.84261388747814 3.54674123013775 2.285714285714294
1.84261388747814 3.54674123013775 1.142857142857148
2 2 0 6
496
497
498
499
500
501
5.495465993940078 6.681757761121144 0.3543811821281275
6.152144363172345 7.849669140105977 4.578131138652531
6.152144363172327 7.849669140105984 3.421868861347456
6.165352921699473 7.844197976024643 5.644641112421555
6.123135393179569 7.861685048907459 2.270670359941604
5.841992832719068 7.363106046353981 6.70289378749318
2 3 0 9
502
503
504
505
506
507
508
509
510
1.69077011380994 6.265981838814147 4.558535905206574
1.946146152462841 6.19395533797298 2.709224880047741
1.459797232409881 6.331125649972796 5.579910869914411
1.906654937844911 6.20509347770567 6.303554521031956
2.036215652282852 6.168552050574638 5.282825909494527
1.799810785135214 6.235227904160137 1.853643695272734
1.466947434172052 6.329109000266918 3.403977754535012
2.292148523560056 6.142458490092565 7.512660547954627
1.352623667132884 6.361352984261062 2.55145705171012
2 4 0 8
511
512
513
514
515
516
517
518
6.28152852748169 6.705342240861987 4.995849522944638
6.223501959446461 6.499604145738642 3.240157269213635
6.215469438504328 6.471124164694966 1.699199785297941
6.259409402660797 6.626917016683931 6.24303743508905
6.150351646723069 6.240243537193767 4.140965886107797
6.333597576157151 6.889957448207532 4.058596127328379
6.313754104326014 6.819600743797697 2.431194105234857
6.130015423302054 6.078881954712646 7.492543133375582
2 5 0 7
519
520
521
522
523
524
525
2.069847781380963 1.672472638022789 4.26865667219882
2.14229816529796 1.929351589901999 3.279436278582622
2.125520819165281 1.869866092974685 1.699199785297942
2.026258618984316 1.517923583285255 5.549031247411929
2.170105708455623 2.027945581465387 6.00456130756606
2.005380802411138 1.443899522281124 2.566913786720348
1.96075237893505 1.285665679660043 3.502420135097715
2 6 0 9
526
527
528
529
530
531
532
533
534
6.819813084867775 3.927427172801935 7.859128786550072
6.819813084867773 3.927427172801933 0.1408712134499286
6.819813084867775 3.927427172801935 1.714285714285718
6.819813084867773 3.927427172801931 0.5817998515637891
6.819813084867775 3.927427172801934 6.285714285714283
6.819813084867775 3.927427172801936 7.418200148436211
6.819813084867775 3.927427172801935 5.142857142857139
6.819813084867776 3.927427172801936 2.857142857142861
6.819813084867775 3.927427172801935 4
2 7 0 8
535
536
537
538
539
540
541
542
4.746173142301199 1.836284577113817 0.1733386587318286
4.685505330361634 1.828297508148812 7.58328393164406
4.745425427185784 1.836186138551389 1.6974727959363
4.720781914226521 1.832941758520975 0.5358890868615277
4.696349429449925 1.82972516087787 6.278809444575158
4.696349429449926 1.82972516087787 5.153611385799106
4.7257710306755 1.833598588162237 2.858018844361624
4.713512030164845 1.831984660127084 4.002048746423249
2 8 0 6
543
544
545
546
547
548
0.1676886247664967 2.970163847832935 4.578131138652544
0.167688624766499 2.97016384783293 3.421868861347459
0.1622174606851463 2.983372406360102 5.644641112421541
0.1622174606851441 2.983372406360107 2.355358887578467
0.7310509382125376 3.094905660521207 6.70289378749317
0.7310509382125329 3.094905660521211 1.297106212506834
2 9 0 5
549
550
551
552
553
7.423365595829826 4.452108911810282 6.210197950255736
7.423365595829825 4.452108911810282 1.789802049744261
7.543247992761207 4.51924456110335 2.857142857142852
7.543247992761208 4.51924456110335 5.142857142857131
7.453695300172367 4.469093927509198 3.999999999999994
2 10 0 7
554
555
556
557
558
559
560
6.512692749520827 4.685505330361683 0.4167160683559415
6.510391092249614 4.702988153045587 7.570078486872083
6.515521059615296 4.664022182329548 1.72371282206935
6.503356849419519 4.756418531952187 2.938664646300226
6.506238863768006 4.734527459611729 6.280630531046983
6.508218357671298 4.719491710654687 5.137006282314774
6.519481369429519 4.633940642770499 3.938193205716185
2 11 0 5
561
562
563
564
565
6.914757849693017 5.675703779794025 1.785710007554561
6.914757849693016 5.675703779794025 6.214289992445447
7.068265443118374 5.687710524919227 5.142857142857148
7.068265443118374 5.687710524919226 2.85714285714287
6.956164400561082 5.678942433281406 4.000000000000007
2 12 0 7
566
567
568
569
570
571
572
5.17049512883476 5.756512630538338 0.338337362358353
5.170495128834759 5.756512630538344 7.661662637641646
5.170495128834759 5.756512630538339 1.714285714285712
5.17049512883476 5.756512630538342 6.285714285714289
5.170495128834759 5.756512630538341 2.85714285714286
5.17049512883476 5.756512630538342 5.142857142857143
5.170495128834759 5.756512630538344 4.000000000000004
2 13 0 5
573
574
575
576
577
1.165665105364581 5.046638663917218 1.785710007554561
1.165665105364579 5.04663866391722 6.214289992445444
1.048628794191875 5.146694873293904 5.142857142857149
1.048628794191877 5.146694873293903 2.857142857142869
1.134096178617385 5.073627442978731 4.000000000000007
2 14 0 5
578
579
580
581
582
4.452108911810246 0.9176246618398528 6.210197950255745
4.452108911810248 0.9176246618398494 1.789802049744268
4.519244561103313 0.7977422649084513 5.142857142857149
4.519244561103313 0.7977422649084525 2.857142857142869
4.469093927509163 0.887294957497305 4.000000000000009
2 15 0 5
583
584
585
586
587
5.046638663917157 7.175325152305101 6.214289992445436
5.046638663917158 7.175325152305101 1.785710007554558
5.146694873293836 7.292361463477798 2.857142857142854
5.146694873293836 7.292361463477799 5.142857142857135
5.073627442978668 7.206894079052294 3.999999999999993
2 16 0 7
588
589
590
591
592
593
594
3.65548492742605 1.828297508133267 0.4167160686255098
3.638002104739004 1.830599165404894 7.570078486602453
3.676968075340075 1.825469198054346 1.723712822069355
3.664935459516454 1.827053321980035 2.863277174407516
3.608796318509871 1.834444180105963 6.281954314791836
3.627478227504731 1.831984660127089 3.997951253576761
3.621498547014931 1.832771899998346 5.137006282314779
2 17 0 7
595
596
597
598
599
600
601
0.9187445017589604 3.889508470291309 4.268656672198812
1.151615508344113 4.019919161341916 3.279436278582622
1.097689534863824 3.989719938303088 1.699199785297944
0.7786396248111741 3.811047977977338 5.549031247411925
1.24099489069775 4.069972739025713 6.00456130756606
0.7115338636289166 3.773467908145609 2.566913786720349
0.568088579624745 3.693136745888644 3.502420135097713
2 18 0 7
602
603
604
605
606
607
608
3.655484927426047 6.512692749536384 7.583283931374489
3.638002104739 6.510391092264757 0.4299215133975457
3.644640828219643 6.511265096791775 6.278809444575148
3.606462798057886 6.506238863768013 1.719369468953019
3.584571725717424 6.503356849419525 5.061335353699769
3.621498547014932 6.508218357671305 2.862993717685232
3.707049614899132 6.51948136942953 4.061806794283841
2 19 0 5
609
610
611
612
613
3.294351593752451 1.165665105364609 6.214289992445436
3.294351593752451 1.16566510536461 1.785710007554559
3.194295384375773 1.048628794191913 2.857142857142855
3.194295384375773 1.048628794191913 5.142857142857133
3.267362814690941 1.134096178617418 3.999999999999994
2 20 0 9
614
615
616
617
618
619
620
621
622
3.927427172801922 1.52117717280194 0.1364605435900395
3.92742717280192 1.52117717280194 7.863539456409963
3.927427172801919 1.521177172801941 1.714285714285716
3.927427172801924 1.521177172801938 0.5813497832107409
3.92742717280192 1.52117717280194 6.285714285714283
3.927427172801917 1.521177172801941 7.418650216789263
3.92742717280192 1.52117717280194 5.142857142857141
3.927427172801921 1.52117717280194 2.857142857142861
3.927427172801921 1.52117717280194 4.000000000000003
2 21 0 7
623
624
625
626
627
628
629
4.685505330361629 6.512692749520841 0.4167160683559397
4.70298815304553 6.510391092249628 7.570078486872085
4.696349429449919 6.511265096791783 2.846388614200899
4.696349429449919 6.511265096791782 1.721190555424844
4.732193939159686 6.506546077563696 6.281954314791829
4.713512030164837 6.509005597542568 3.997951253576757
4.719491710654628 6.508218357671312 5.137006282314771
2 22 0 10
630
631
632
633
634
635
636
637
638
639
1.76435324739193 4.199800448732606 7.382984211246931
1.764547152024172 4.201273300640437 0.4860362589665156
1.841829797191651 4.788293270513562 0.5886299348562849
1.852802696516705 4.81884698849724 7.412054545086007
1.806927937414784 4.52318732557168 6.428220966165408
1.790480038489082 4.398253129661102 1.810823934304696
1.789967379553624 4.394359098443665 5.14285729550471
1.786908694340208 4.371126077654334 2.900058362066464
1.786311145664157 4.366587244840664 4.012196382793654
1.801098640702874 4.478909421097898 1.085257394238055
2 23 0 7
640
641
642
643
644
645
646
3.17049512883476 2.584477627131331 7.661662637641658
3.17049512883476 2.58447762713133 0.3383373623583417
3.17049512883476 2.584477627131333 1.714285714285711
3.17049512883476 2.584477627131324 6.285714285714292
3.17049512883476 2.584477627131327 5.142857142857143
3.17049512883476 2.584477627131327 2.857142857142862
3.17049512883476 2.584477627131327 4.000000000000003
2 24 0 7
647
648
649
650
651
652
653
6.512692749520825 3.655484927307973 7.583283931644059
6.510391092249613 3.638002104624069 0.4299215131279193
6.506238863768005 3.606462798057922 1.719369468953018
6.515521059615295 3.676968075340108 6.276287177930655
6.5073916695074 3.615219226994105 2.858018844361624
6.503356849419517 3.58457172571746 5.061335353699773
6.519481369429519 3.707049614899164 4.061806794283834
2 25 0 6
654
655
656
657
658
659
8.17330163290311 5.370826409836694 4.578131138652545
8.17330163290311 5.370826409836699 3.421868861347458
8.17877279698447 5.357617851309508 5.644641112421525
8.178772796984472 5.357617851309505 2.355358887578481
7.60993931945709 5.246084597148405 6.702893787493155
7.609939319457094 5.246084597148402 1.29710621250685
2 26 0 5
660
661
662
663
664
2.665286477875588 6.914757849693033 6.214289992445442
2.665286477875588 6.914757849693038 1.785710007554558
2.653279732750385 7.068265443118389 2.857142857142853
2.653279732750385 7.068265443118388 5.142857142857135
2.662047824388206 6.956164400561101 3.999999999999996
2 27 0 6
665
666
667
668
669
670
5.00933008187425 1.457868408614298 0.3543811821281069
5.370826409836608 0.1676886247665237 4.578131138652548
5.370826409836616 0.167688624766527 3.421868861347464
5.357617851309435 0.1622174606851699 5.644641112421533
5.39983537982935 0.1797045335679912 2.270670359941625
5.246084597148321 0.7310509382125441 6.702893787493165
2 28 0 7
671
672
673
674
675
676
677
2.584477627131296 3.17049512883482 7.661662637641673
2.584477627131295 3.17049512883482 0.3383373623583275
2.584477627131299 3.17049512883482 1.714285714285712
2.584477627131291 3.17049512883482 6.285714285714287
2.5844776271313 3.17049512883482 5.142857142857137
2.584477627131297 3.17049512883482 2.857142857142858
2.584477627131299 3.17049512883482 3.999999999999996
2 29 0 6
678
679
680
681
682
683
6.681757761121105 2.845524263729525 7.645618817871868
6.681757761121105 2.845524263729529 0.3543811821281316
7.849669140105997 2.188845894497245 4.578131138652541
7.849669140105999 2.188845894497249 3.421868861347454
7.861685048907487 2.217854864490034 5.729329640058419
7.861685048907484 2.21785486449003 2.270670359941581
2 30 0 7
684
685
686
687
688
689
690
5.756512630538269 3.17049512883482 7.661662637641646
5.756512630538269 3.17049512883482 0.3383373623583541
5.756512630538269 3.17049512883482 1.714285714285712
5.756512630538265 3.17049512883482 6.28571428571429
5.756512630538271 3.17049512883482 5.142857142857139
5.75651263053827 3.17049512883482 2.857142857142856
5.756512630538273 3.17049512883482 3.999999999999995
2 31 0 6
691
692
693
694
695
696
3.331660175795316 6.883121849055379 0.3543811821281221
2.970163847832924 8.173301632903149 3.421868861347467
2.970163847832905 8.17330163290314 4.57813113865255
2.941154877840154 8.161285724101669 2.270670359941604
2.983372406360091 8.1787727969845 5.644641112421531
3.094905660521202 7.609939319457123 6.702893787493171
2 32 0 7
697
698
699
700
701
702
703
5.756512630538269 5.17049512883483 0.3383373623583541
5.756512630538269 5.17049512883483 7.661662637641646
5.756512630538271 5.17049512883483 6.285714285714288
5.756512630538265 5.17049512883483 1.714285714285711
5.756512630538264 5.17049512883483 2.857142857142855
5.756512630538268 5.17049512883483 5.14285714285714
5.756512630538268 5.17049512883483 3.999999999999999
2 33 0 7
704
705
706
707
708
709
710
6.624560126937465 2.082245594434628 5.109085661222587
6.606035418493404 2.087470320823864 3.246690335289586
6.449376260827018 2.131654618657574 1.723017161727904
6.535592653942735 2.107338065138977 6.198156162311069
6.415370850439924 2.141245536947207 4.111585964083859
6.810911032823878 2.0296870076918 2.400173306126288
7.042391551016215 1.964400022169431 5.663810252419088
2 34 0 5
711
712
713
714
715
7.17532515230512 3.294351593752459 1.785710007554561
7.175325152305124 3.294351593752456 6.214289992445447
7.292361463477827 3.19429538437577 5.142857142857149
7.292361463477826 3.194295384375772 2.85714285714287
7.206894079052317 3.267362814690944 4.000000000000006
2 35 0 5
716
717
718
719
720
3.888881345859334 7.423365595829803 1.789802049744253
3.888881345859336 7.423365595829806 6.210197950255735
3.821745696566254 7.543247992761215 2.857142857142854
3.821745696566258 7.543247992761214 5.142857142857132
3.871896330160413 7.453695300172356 3.999999999999991
2 36 0 7
721
722
723
724
725
726
727
5.17049512883476 2.584477627131326 0.3383373623583446
5.170495128834759 2.584477627131326 7.661662637641656
5.17049512883476 2.584477627131322 1.714285714285712
5.17049512883476 2.584477627131331 6.285714285714289
5.17049512883476 2.584477627131323 2.857142857142856
5.17049512883476 2.584477627131325 5.14285714285714
5.17049512883476 2.584477627131322 3.999999999999996
2 37 0 7
728
729
730
731
732
733
734
3.17049512883476 5.75651263053831 0.3383373623583357
3.17049512883476 5.75651263053831 7.661662637641665
3.17049512883476 5.756512630538312 1.714285714285712
3.17049512883476 5.756512630538304 6.285714285714288
3.17049512883476 5.756512630538314 2.857142857142855
3.17049512883476 5.75651263053831 5.142857142857139
3.17049512883476 5.756512630538314 3.999999999999996
2 38 0 5
735
736
737
738
739
5.675703779793933 1.426232407976635 6.214289992445441
5.675703779793933 1.426232407976632 1.785710007554557
5.687710524919135 1.272724814551281 2.857142857142855
5.687710524919135 1.272724814551282 5.142857142857133
5.678942433281315 1.384825857108569 3.999999999999996
2 39 0 5
740
741
742
743
744
1.426232407976596 2.665286477875601 1.785710007554561
1.426232407976596 2.665286477875601 6.214289992445446
1.272724814551239 2.653279732750399 5.142857142857146
1.27272481455124 2.653279732750399 2.85714285714287
1.384825857108531 2.66204782438822 4.000000000000008
2 40 0 7
745
746
747
748
749
750
751
2.584477627131295 5.17049512883483 7.661662637641673
2.584477627131295 5.17049512883483 0.3383373623583275
2.584477627131292 5.17049512883483 1.714285714285711
2.584477627131299 5.17049512883483 6.28571428571429
2.584477627131296 5.17049512883483 2.85714285714286
2.584477627131297 5.17049512883483 5.142857142857144
2.584477627131298 5.170495128834829 4.000000000000004
2 41 0 6
752
753
754
755
756
757
2.84552426372955 1.659232496548531 0.3543811821281236
2.18884589449727 0.4913211175637326 4.578131138652537
2.188845894497286 0.4913211175637259 3.421868861347459
2.175637335970131 0.4967922816450722 5.644641112421548
2.217854864490039 0.4793052087622538 2.270670359941612
2.498997424950534 0.9778842113157254 6.702893787493173
2 42 0 6
758
759
760
761
762
763
1.659232496548515 5.495465993940113 0.3543811821281198
1.659232496548514 5.495465993940108 7.645618817871883
0.4913211175636966 6.152144363172408 3.421868861347452
0.4913211175636962 6.152144363172408 4.578131138652539
0.4793052087622202 6.123135393179649 5.729329640058395
0.4793052087622196 6.123135393179648 2.270670359941597
2 43 0 0
2 44 0 9
764
765
766
767
768
769
770
771
772
4.413563084867695 6.819813084867739 7.855978308078726
4.413563084867691 6.81981308486774 0.1462720336865261
4.413563084867691 6.819813084867739 1.714285714285714
4.413563084867691 6.819813084867739 0.5823509556695616
4.413563084867691 6.819813084867739 2.857142857142854
4.413563084867693 6.81981308486774 5.142857142857133
4.413563084867694 6.819813084867739 6.285714285714279
4.413563084867696 6.81981308486774 7.417878671041178
4.413563084867691 6.819813084867739 3.99999999999999
2 45 0 12
773
774
775
776
777
778
779
780
781
782
783
784
2.544126293912113 6.050488455280835 1.131627455365324e-15
4.043804645960257 6.721155157708629 6.168040643074677e-16
2.564251890230446 5.497144674280168 4.571358206566121e-16
2.335685144095653 5.784813781285875 8.597197370962396e-16
2.899638390975156 6.104309763365105 7.875480432124515e-16
2.856406200002422 5.8202413937553 7.770934251682146e-16
2.856605816013718 5.498476210423893 4.534489056063154e-16
2.392288118192071 5.994232280417677 1.134861311544852e-15
2.676029363801262 6.133978651930001 1.163631919487878e-15
2.60337373075889 5.799258209861196 8.556553078604202e-16
2.262424602457659 5.450370315653561 3.916765689460088e-16
2.695508848286297 5.965862010959048 9.869020071517001e-16
2 46 0 2
785
786
4.279376939412959 6.74213137205238 8.079856253154035e-16
4.386725855776746 6.736276742304668 9.569157970941701e-16
2 47 0 12
787
788
789
790
791
792
793
794
795
796
797
798
6.050488455280786 5.796863963757518 8.765835905136151e-16
6.721155157742897 4.297185611449208 6.524869440607806e-16
5.494266544072626 5.776679884647457 4.531079674644074e-16
5.78481378128583 6.005305113573977 8.597197370962482e-16
6.104309763365073 5.441351866694456 3.790555317412964e-16
5.820241393755261 5.484584057667177 4.395576306257589e-16
5.449794689612006 6.078553958653643 3.908709983075716e-16
5.497996522055925 5.484374694523934 4.392646334560523e-16
6.133978651929965 5.664960893868373 6.919893703725913e-16
5.994232280417616 5.948702139477562 1.089076367658476e-15
5.798778521493234 5.737606779778787 7.936550152082795e-16
5.965813063166366 5.64548041477806 6.647270492706488e-16
2 48 0 3
799
800
801
6.715099106117934 3.967246607634052 8.336461635074842e-16
6.750495128834878 4.073562728379175 8.363543098599107e-16
6.655064257110489 4.041957898090411 4.834324085045055e-16
2 49 0 5
802
803
804
805
806
5.463200234352901 2.232093054828264 1.685929304840217e-16
5.505285064820585 2.583081142799198 0
5.740609533177311 2.834371717286299 0
5.453913875893029 2.887076381776555 0
5.288718852805251 2.145905299434341 0
2 50 0 0
2 51 0 15
807
808
809
810
811
812
813
814
815
816
817
818
819
820
821
2.29050180238879 2.544126293912124 1.052392831101029e-15
2.846723713596911 2.564310373022206 4.229007696334653e-16
3.967246607196948 1.625891151609306 7.939169309408555e-16
2.556176476383771 2.335685144095663 8.024050879564687e-16
2.236680494304515 2.89963839097519 7.289700895850701e-16
2.520748863914322 2.856406200002489 7.202676535950722e-16
1.620939308496632 4.079549355697043 8.251070704519065e-16
4.073562728379141 1.590495128834813 7.625598908367983e-16
2.89119556805755 2.262436299016023 3.648129317537208e-16
2.842993735613614 2.856615563145722 4.225614748801443e-16
2.207011605739624 2.676029363801272 1.079042594171902e-15
2.346757977251964 2.392288118192082 1.058523016305671e-15
2.542211736176334 2.603383477890867 7.97243038082689e-16
4.041957897565885 1.685926000628231 4.637792294073107e-16
2.375177194503205 2.695509842891604 9.162718618897169e-16
2 52 0 3
822
823
824
4.245214777576679 1.590495128834817 6.525626372029012e-16
4.272740432610929 1.686636379411042 3.168508084168895e-16
4.399084032741181 1.647161795501487 5.204462928433112e-16
2 53 0 15
825
826
827
828
829
830
831
832
833
834
835
836
837
838
839
2.29050180238879 2.544126293912124 8
2.846723713596911 2.564310373022207 8.000000000000002
3.967246607196949 1.625891151609306 8
2.556176476383771 2.335685144095664 8
2.236680494304514 2.89963839097519 8
2.520748863914321 2.856406200002488 8
1.620939308496633 4.079549355697043 8
4.073562728379142 1.590495128834814 8
2.891195568057551 2.262436299016024 8
2.842993735613613 2.856615563145722 8
2.346757977251965 2.392288118192082 8
2.207011605739623 2.676029363801273 8
2.542211736176332 2.603383477890867 8
4.041957897565886 1.685926000628231 8
2.375177194503204 2.695509842891607 8
2 54 0 15
840
841
842
843
844
845
846
847
848
849
850
851
852
853
854
5.796863963757411 2.290501802388824 8
4.297185611449182 1.619835099926773 8
5.77667988464739 2.846723713596959 8
6.715099106117917 3.967246607634055 8
6.005305113573888 2.556176476383817 8
5.441351866694362 2.236680494304534 8
5.4845840576671 2.520748863914318 8
6.750495128834842 4.07356272837918 8
6.07855395865357 2.891195568057595 8
5.484374694523862 2.84299373561366 8
5.664960893868266 2.207011605739657 8
5.948702139477458 2.346757977251983 8
5.737606779778694 2.542211736176368 8
6.655064257110477 4.041957898090412 8
5.645480414777943 2.375177194503245 8
2 55 0 15
855
856
857
858
859
860
861
862
863
864
865
866
867
868
869
6.091249667519575 5.813707036535099 8
6.198591676296515 5.528176785296704 8
5.518287457953488 5.752918575123994 8
4.373743650035584 6.715099106117901 8
5.784813781285832 6.005305113573977 8
5.732505192602186 5.445586241320133 8
6.193206596720405 5.354425548279208 8
6.016907784173804 5.469796639584735 8
4.267427529290491 6.750495128834858 8
5.448712397729495 5.448823549224057 8
5.45459887238818 6.073801696748951 8
5.900562096454203 5.699874907350747 8
6.01290752560662 5.934099135347612 8
6.12883259864391 5.655234400475548 8
4.299032359579227 6.655064257110483 8
2 56 0 1
870
6.721155157742901 4.297185611449208 8
2 57 0 12
871
872
873
874
875
876
877
878
879
880
881
882
2.544126293912115 6.050488455280835 8
4.043804645960261 6.721155157708631 8
2.564251890230445 5.497144674280168 8
2.335685144095649 5.784813781285878 8
2.899638390975157 6.10430976336511 8
2.856406200002419 5.820241393755303 8
2.856605816013716 5.498476210423894 8
2.392288118192067 5.994232280417672 8
2.676029363801267 6.133978651930002 8
2.603373730758891 5.799258209861197 8
2.262424602457657 5.450370315653561 8
2.695508848286309 5.965862010959052 8
3 1 0 14
883
884
885
886
887
888
889
890
891
892
893
894
895
896
4.363117562134438 1.520528851770207 0.493183487859146
2.479836208560955 5.773978293710385 0.7893610527302316
5.858083138791882 2.568544805068052 7.21489728286079
5.76871985990851 5.850021577295135 0.776396550696932
2.572270397761055 2.490968680374523 0.7763965506969277
2.563595860806361 2.497813919339537 7.135525593548558
4.058060131470286 6.808438777389233 7.517391203939495
6.808421183010042 4.282844798817371 0.4824916798331482
6.811038224553574 4.294151520501232 7.511328954593647
4.282725409494655 1.532593692614689 7.517672923043098
5.948793338909765 2.591629158014606 0.7436831471892549
6.287706966363742 5.390880610054849 7.423499643731471
3.98975906488712 6.829157465283506 0.4926229182122215
5.421075129706301 1.987065098791801 0.5528782831470128
$EndNodes
$Elements
243 4852 1 4852
0 1 15 1
1 1 
0 2 15 1
2 2 
0 3 15 1
3 3 
0 4 15 1
4 4 
0 5 15 1
5 5 
0 6 15 1
6 6 
0 7 15 1
7 7 
0 8 15 1
8 8 
0 9 15 1
9 9 
0 10 15 1
10 10 
0 11 15 1
11 11 
0 12 15 1
12 12 
0 13 15 1
13 13 
0 14 15 1
14 14 
0 15 15 1
15 15 
0 16 15 1
16 16 
0 17 15 1
17 17 
0 18 15 1
18 18 
0 19 15 1
19 19 
0 20 15 1
20 20 
0 21 15 1
21 21 
0 22 15 1
22 22 
0 23 15 1
23 23 
0 24 15 1
24 24 
0 25 15 1
25 25 
0 26 15 1
26 26 
0 27 15 1
27 27 
0 28 15 1
28 28 
0 29 15 1
29 29 
0 30 15 1
30 30 
0 31 15 1
31 31 
0 32 15 1
32 32 
0 33 15 1
33 33 
0 34 15 1
34 34 
0 35 15 1
35 35 
0 36 15 1
36 36 
0 37 15 1
37 37 
0 38 15 1
38 38 
0 39 15 1
39 39 
0 40 15 1
40 40 
0 41 15 1
41 41 
0 42 15 1
42 42 
0 43 15 1
43 43 
0 44 15 1
44 44 
0 45 15 1
45 45 
0 46 15 1
46 46 
0 47 15 1
47 47 
0 48 15 1
48 48 
0 49 15 1
49 49 
0 50 15 1
50 50 
0 51 15 1
51 51 
0 52 15 1
52 52 
0 53 15 1
53 53 
0 54 15 1
54 54 
0 55 15 1
55 55 
0 56 15 1
56 56 
0 57 15 1
57 57 
0 58 15 1
58 58 
0 59 15 1
59 59 
0 60 15 1
60 60 
0 61 15 1
61 61 
0 62 15 1
62 62 
0 63 15 1
63 63 
0 64 15 1
64 64 
0 65 15 1
65 65 
1 123 1 8
66 1 66 
67 66 67 
68 67 68 
69 68 69 
70 69 70 
71 70 71 
72 71 72 
73 72 2 
1 124 1 8
74 3 73 
75 73 74 
76 74 75 
77 75 76 
78 76 77 
79 77 78 
80 78 79 
81 79 4 
1 125 1 3
82 5 80 
83 80 81 
84 81 6 
1 126 1 3
85 5 82 
86 82 83 
87 83 7 
1 127 1 8
88 5 84 
89 84 85 
90 85 86 
91 86 87 
92 87 88 
93 88 89 
94 89 90 
95 90 8 
1 128 1 3
96 9 91 
97 91 92 
98 92 8 
1 129 1 7
99 9 93 
100 93 94 
101 94 95 
102 95 96 
103 96 97 
104 97 98 
105 98 6 
1 130 1 8
106 9 99 
107 99 100 
108 100 101 
109 101 102 
110 102 103 
111 103 104 
112 104 105 
113 105 6 
1 131 1 3
114 9 106 
115 106 107 
116 107 10 
1 132 1 3
117 8 108 
118 108 109 
119 109 11 
1 133 1 3
120 6 110 
121 110 111 
122 111 12 
1 134 1 3
123 3 112 
124 112 113 
125 113 13 
1 135 1 3
126 3 114 
127 114 115 
128 115 2 
1 136 1 3
129 4 116 
130 116 117 
131 117 14 
1 137 1 3
132 4 118 
133 118 119 
134 119 1 
1 138 1 3
135 15 120 
136 120 121 
137 121 16 
1 139 1 7
138 15 122 
139 122 123 
140 123 124 
141 124 125 
142 125 126 
143 126 127 
144 127 17 
1 140 1 8
145 15 128 
146 128 129 
147 129 130 
148 130 131 
149 131 132 
150 132 133 
151 133 134 
152 134 17 
1 141 1 3
153 15 135 
154 135 136 
155 136 18 
1 142 1 3
156 19 137 
157 137 138 
158 138 17 
1 143 1 8
159 19 139 
160 139 140 
161 140 141 
162 141 142 
163 142 143 
164 143 144 
165 144 145 
166 145 16 
1 144 1 3
167 19 146 
168 146 147 
169 147 20 
1 145 1 3
170 16 148 
171 148 149 
172 149 21 
1 146 1 3
173 17 150 
174 150 151 
175 151 22 
1 147 1 3
176 23 152 
177 152 153 
178 153 24 
1 148 1 7
179 23 154 
180 154 155 
181 155 156 
182 156 157 
183 157 158 
184 158 159 
185 159 25 
1 149 1 8
186 23 160 
187 160 161 
188 161 162 
189 162 163 
190 163 164 
191 164 165 
192 165 166 
193 166 25 
1 150 1 3
194 23 167 
195 167 168 
196 168 14 
1 151 1 3
197 23 169 
198 169 170 
199 170 26 
1 152 1 7
200 27 171 
201 171 172 
202 172 173 
203 173 174 
204 174 175 
205 175 176 
206 176 24 
1 153 1 3
207 27 177 
208 177 178 
209 178 25 
1 154 1 8
210 27 179 
211 179 180 
212 180 181 
213 181 182 
214 182 183 
215 183 184 
216 184 185 
217 185 24 
1 155 1 3
218 27 186 
219 186 187 
220 187 28 
1 156 1 3
221 24 188 
222 188 189 
223 189 29 
1 157 1 3
224 24 190 
225 190 191 
226 191 30 
1 158 1 3
227 25 192 
228 192 193 
229 193 13 
1 159 1 3
230 25 194 
231 194 195 
232 195 31 
1 160 1 3
233 32 196 
234 196 197 
235 197 33 
1 161 1 3
236 34 198 
237 198 199 
238 199 35 
1 162 1 7
239 34 200 
240 200 201 
241 201 202 
242 202 203 
243 203 204 
244 204 205 
245 205 32 
1 163 1 3
246 34 206 
247 206 207 
248 207 36 
1 164 1 3
249 35 208 
250 208 209 
251 209 37 
1 165 1 3
252 35 210 
253 210 211 
254 211 38 
1 166 1 3
255 32 212 
256 212 213 
257 213 39 
1 167 1 8
258 18 214 
259 214 215 
260 215 216 
261 216 217 
262 217 218 
263 218 219 
264 219 220 
265 220 22 
1 168 1 7
266 33 221 
267 221 222 
268 222 223 
269 223 224 
270 224 225 
271 225 226 
272 226 37 
1 169 1 3
273 33 227 
274 227 228 
275 228 40 
1 170 1 3
276 33 229 
277 229 230 
278 230 41 
1 171 1 3
279 37 231 
280 231 232 
281 232 42 
1 172 1 3
282 37 233 
283 233 234 
284 234 43 
1 173 1 3
285 44 235 
286 235 236 
287 236 31 
1 174 1 7
288 44 237 
289 237 238 
290 238 239 
291 239 240 
292 240 241 
293 241 242 
294 242 45 
1 175 1 3
295 44 243 
296 243 244 
297 244 13 
1 176 1 3
298 44 245 
299 245 246 
300 246 46 
1 177 1 3
301 45 247 
302 247 248 
303 248 26 
1 178 1 3
304 45 249 
305 249 250 
306 250 47 
1 179 1 7
307 13 251 
308 251 252 
309 252 253 
310 253 254 
311 254 255 
312 255 256 
313 256 14 
1 180 1 8
314 13 257 
315 257 258 
316 258 259 
317 259 260 
318 260 261 
319 261 262 
320 262 263 
321 263 14 
1 181 1 3
322 48 264 
323 264 265 
324 265 46 
1 182 1 7
325 48 266 
326 266 267 
327 267 268 
328 268 269 
329 269 270 
330 270 271 
331 271 49 
1 183 1 3
332 48 272 
333 272 273 
334 273 50 
1 184 1 7
335 47 274 
336 274 275 
337 275 276 
338 276 277 
339 277 278 
340 278 279 
341 279 46 
1 185 1 3
342 47 280 
343 280 281 
344 281 49 
1 186 1 3
345 49 282 
346 282 283 
347 283 51 
1 187 1 7
348 7 284 
349 284 285 
350 285 286 
351 286 287 
352 287 288 
353 288 289 
354 289 11 
1 188 1 8
355 7 290 
356 290 291 
357 291 292 
358 292 293 
359 293 294 
360 294 295 
361 295 296 
362 296 11 
1 189 1 3
363 7 297 
364 297 298 
365 298 18 
1 190 1 3
366 7 299 
367 299 300 
368 300 52 
1 191 1 3
369 11 301 
370 301 302 
371 302 22 
1 192 1 3
372 11 303 
373 303 304 
374 304 53 
1 193 1 8
375 40 305 
376 305 306 
377 306 307 
378 307 308 
379 308 309 
380 309 310 
381 310 311 
382 311 42 
1 194 1 7
383 40 312 
384 312 313 
385 313 314 
386 314 315 
387 315 316 
388 316 317 
389 317 42 
1 195 1 3
390 40 318 
391 318 319 
392 319 21 
1 196 1 3
393 40 320 
394 320 321 
395 321 54 
1 197 1 3
396 42 322 
397 322 323 
398 323 20 
1 198 1 3
399 42 324 
400 324 325 
401 325 38 
1 199 1 7
402 1 326 
403 326 327 
404 327 328 
405 328 329 
406 329 330 
407 330 331 
408 331 2 
1 200 1 3
409 1 332 
410 332 333 
411 333 51 
1 201 1 3
412 1 334 
413 334 335 
414 335 10 
1 202 1 3
415 2 336 
416 336 337 
417 337 12 
1 203 1 7
418 41 338 
419 338 339 
420 339 340 
421 340 341 
422 341 342 
423 342 343 
424 343 43 
1 204 1 3
425 41 344 
426 344 345 
427 345 55 
1 205 1 3
428 43 346 
429 346 347 
430 347 56 
1 206 1 7
431 50 348 
432 348 349 
433 349 350 
434 350 351 
435 351 352 
436 352 353 
437 353 51 
1 207 1 3
438 50 354 
439 354 355 
440 355 57 
1 208 1 3
441 50 356 
442 356 357 
443 357 12 
1 209 1 3
444 51 358 
445 358 359 
446 359 58 
1 210 1 3
447 51 360 
448 360 361 
449 361 10 
1 211 1 8
450 20 362 
451 362 363 
452 363 364 
453 364 365 
454 365 366 
455 366 367 
456 367 368 
457 368 21 
1 212 1 7
458 20 369 
459 369 370 
460 370 371 
461 371 372 
462 372 373 
463 373 374 
464 374 21 
1 213 1 3
465 59 375 
466 375 376 
467 376 53 
1 214 1 7
468 59 377 
469 377 378 
470 378 379 
471 379 380 
472 380 381 
473 381 382 
474 382 60 
1 215 1 3
475 59 383 
476 383 384 
477 384 61 
1 216 1 3
478 60 385 
479 385 386 
480 386 52 
1 217 1 3
481 60 387 
482 387 388 
483 388 62 
1 218 1 7
484 56 389 
485 389 390 
486 390 391 
487 391 392 
488 392 393 
489 393 394 
490 394 55 
1 219 1 3
491 56 395 
492 395 396 
493 396 63 
1 220 1 3
494 55 397 
495 397 398 
496 398 64 
1 221 1 3
497 65 399 
498 399 400 
499 400 31 
1 222 1 7
500 29 401 
501 401 402 
502 402 403 
503 403 404 
504 404 405 
505 405 406 
506 406 65 
1 223 1 3
507 29 407 
508 407 408 
509 408 26 
1 224 1 3
510 29 409 
511 409 410 
512 410 38 
1 225 1 3
513 29 411 
514 411 412 
515 412 36 
1 226 1 3
516 65 413 
517 413 414 
518 414 39 
1 227 1 8
519 38 415 
520 415 416 
521 416 417 
522 417 418 
523 418 419 
524 419 420 
525 420 421 
526 421 54 
1 228 1 3
527 38 422 
528 422 423 
529 423 30 
1 229 1 7
530 38 424 
531 424 425 
532 425 426 
533 426 427 
534 427 428 
535 428 429 
536 429 54 
1 230 1 7
537 64 430 
538 430 431 
539 431 432 
540 432 433 
541 433 434 
542 434 435 
543 435 63 
1 231 1 3
544 64 436 
545 436 437 
546 437 52 
1 232 1 3
547 63 438 
548 438 439 
549 439 53 
1 233 1 8
550 28 440 
551 440 441 
552 441 442 
553 442 443 
554 443 444 
555 444 445 
556 445 446 
557 446 30 
1 234 1 7
558 39 447 
559 447 448 
560 448 449 
561 449 450 
562 450 451 
563 451 452 
564 452 36 
1 235 1 8
565 10 453 
566 453 454 
567 454 455 
568 455 456 
569 456 457 
570 457 458 
571 458 459 
572 459 12 
1 236 1 7
573 58 460 
574 460 461 
575 461 462 
576 462 463 
577 463 464 
578 464 465 
579 465 57 
1 237 1 3
580 58 466 
581 466 467 
582 467 61 
1 238 1 3
583 57 468 
584 468 469 
585 469 62 
1 239 1 3
586 28 470 
587 470 471 
588 471 54 
1 240 1 7
589 31 472 
590 472 473 
591 473 474 
592 474 475 
593 475 476 
594 476 477 
595 477 26 
1 241 1 7
596 10 478 
597 478 479 
598 479 480 
599 480 481 
600 481 482 
601 482 483 
602 483 12 
1 242 1 7
603 62 484 
604 484 485 
605 485 486 
606 486 487 
607 487 488 
608 488 489 
609 489 61 
1 243 1 7
610 52 490 
611 490 491 
612 491 492 
613 492 493 
614 493 494 
615 494 495 
616 495 53 
2 2 2 32
617 114 3 73 
618 4 496 79 
619 118 496 4 
620 66 496 1 
621 1 496 119 
622 2 115 72 
623 67 78 66 
624 78 79 66 
625 79 496 66 
626 68 500 67 
627 67 500 78 
628 69 498 68 
629 68 498 77 
630 77 500 68 
631 70 497 69 
632 69 497 76 
633 76 498 69 
634 71 499 70 
635 75 497 70 
636 70 499 75 
637 72 501 71 
638 74 499 71 
639 71 501 74 
640 73 72 114 
641 73 501 72 
642 72 115 114 
643 74 501 73 
644 75 499 74 
645 76 497 75 
646 77 498 76 
647 78 500 77 
648 119 496 118 
2 3 2 37
649 80 509 5 
650 5 509 84 
651 9 91 93 
652 93 8 90 
653 92 8 93 
654 6 509 81 
655 98 509 6 
656 81 509 80 
657 84 505 85 
658 84 509 505 
659 85 504 86 
660 85 505 504 
661 86 502 87 
662 86 504 502 
663 87 508 88 
664 502 508 87 
665 88 510 89 
666 508 510 88 
667 89 507 90 
668 89 510 507 
669 90 507 93 
670 93 91 92 
671 93 507 94 
672 94 503 95 
673 94 507 503 
674 95 502 96 
675 95 508 502 
676 503 508 95 
677 96 506 97 
678 502 506 96 
679 97 505 98 
680 97 506 505 
681 505 509 98 
682 504 506 502 
683 507 510 503 
684 503 510 508 
685 505 506 504 
2 4 2 35
686 3 518 73 
687 112 518 3 
688 4 79 256 
689 256 116 4 
690 13 518 113 
691 251 518 13 
692 256 14 117 
693 73 514 74 
694 73 518 514 
695 74 514 75 
696 75 511 76 
697 75 514 511 
698 76 516 77 
699 511 516 76 
700 77 517 78 
701 77 516 512 
702 512 517 77 
703 78 513 79 
704 78 517 513 
705 79 513 256 
706 113 518 112 
707 117 116 256 
708 252 514 251 
709 514 518 251 
710 253 511 252 
711 511 514 252 
712 254 515 253 
713 253 515 511 
714 255 512 254 
715 512 515 254 
716 256 513 255 
717 255 517 512 
718 513 517 255 
719 515 516 511 
720 512 516 515 
2 5 2 33
721 122 120 15 
722 127 137 19 
723 19 139 127 
724 16 121 122 
725 122 145 16 
726 127 17 138 
727 122 121 120 
728 123 523 122 
729 122 523 145 
730 124 523 123 
731 125 519 124 
732 519 522 124 
733 522 523 124 
734 126 520 125 
735 125 520 519 
736 127 521 126 
737 126 524 520 
738 521 524 126 
739 138 137 127 
740 139 521 127 
741 140 521 139 
742 141 524 140 
743 140 524 521 
744 142 525 141 
745 141 525 524 
746 143 519 142 
747 519 525 142 
748 144 522 143 
749 143 522 519 
750 145 523 144 
751 144 523 522 
752 520 525 519 
753 524 525 520 
2 6 2 36
754 152 23 527 
755 23 154 529 
756 527 23 529 
757 27 171 531 
758 177 27 526 
759 526 27 531 
760 24 153 527 
761 176 24 529 
762 24 527 529 
763 159 25 531 
764 25 178 526 
765 25 526 531 
766 153 152 527 
767 154 155 528 
768 176 154 528 
769 154 176 529 
770 155 156 533 
771 155 175 528 
772 175 155 533 
773 156 157 534 
774 156 174 533 
775 174 156 534 
776 157 158 532 
777 173 157 532 
778 157 173 534 
779 158 159 530 
780 172 158 530 
781 158 172 532 
782 159 171 530 
783 171 159 531 
784 171 172 530 
785 172 173 532 
786 173 174 534 
787 174 175 533 
788 175 176 528 
789 178 177 526 
2 7 2 37
790 198 538 34 
791 34 538 200 
792 35 535 199 
793 208 535 35 
794 32 536 196 
795 205 536 32 
796 197 536 33 
797 33 536 221 
798 37 538 209 
799 226 538 37 
800 196 536 197 
801 199 535 198 
802 535 538 198 
803 200 537 201 
804 200 538 537 
805 201 541 202 
806 201 537 225 
807 225 541 201 
808 202 542 203 
809 202 541 224 
810 224 542 202 
811 203 540 204 
812 223 540 203 
813 203 542 223 
814 204 539 205 
815 222 539 204 
816 204 540 222 
817 221 536 205 
818 205 539 221 
819 209 535 208 
820 209 538 535 
821 221 539 222 
822 222 540 223 
823 223 542 224 
824 224 541 225 
825 225 537 226 
826 537 538 226 
2 8 2 32
827 128 15 135 
828 134 150 17 
829 136 18 214 
830 22 151 220 
831 128 547 129 
832 136 128 135 
833 214 128 136 
834 214 547 128 
835 129 545 130 
836 215 545 129 
837 129 547 215 
838 130 543 131 
839 216 543 130 
840 130 545 216 
841 131 544 132 
842 131 543 217 
843 217 544 131 
844 132 546 133 
845 132 544 218 
846 218 546 132 
847 133 548 134 
848 133 546 219 
849 219 548 133 
850 134 151 150 
851 220 151 134 
852 134 548 220 
853 215 547 214 
854 216 545 215 
855 217 543 216 
856 218 544 217 
857 219 546 218 
858 220 548 219 
2 9 2 23
859 23 160 154 
860 25 159 166 
861 154 550 155 
862 160 550 154 
863 155 551 156 
864 550 551 155 
865 156 553 157 
866 551 553 156 
867 157 552 158 
868 157 553 552 
869 158 549 159 
870 158 552 549 
871 159 549 166 
872 161 550 160 
873 162 551 161 
874 161 551 550 
875 163 551 162 
876 164 552 163 
877 163 553 551 
878 552 553 163 
879 165 552 164 
880 166 549 165 
881 549 552 165 
2 10 2 32
882 44 555 235 
883 237 555 44 
884 45 554 242 
885 247 554 45 
886 236 555 31 
887 31 555 472 
888 26 554 248 
889 477 554 26 
890 235 555 236 
891 238 558 237 
892 472 555 237 
893 237 558 472 
894 239 559 238 
895 473 558 238 
896 238 559 473 
897 240 560 239 
898 474 559 239 
899 239 560 474 
900 241 557 240 
901 557 560 240 
902 242 556 241 
903 241 556 476 
904 476 557 241 
905 242 554 477 
906 477 556 242 
907 248 554 247 
908 472 558 473 
909 473 559 474 
910 474 560 475 
911 475 557 476 
912 475 560 557 
913 476 556 477 
2 11 2 23
914 257 251 13 
915 263 14 256 
916 252 251 562 
917 251 257 562 
918 253 252 563 
919 252 562 563 
920 254 253 565 
921 253 563 565 
922 255 254 564 
923 564 254 565 
924 256 255 561 
925 561 255 564 
926 263 256 561 
927 257 258 562 
928 258 259 563 
929 562 258 563 
930 259 260 563 
931 260 261 564 
932 563 260 565 
933 260 564 565 
934 261 262 564 
935 262 263 561 
936 262 561 564 
2 12 2 32
937 48 567 264 
938 266 567 48 
939 274 566 47 
940 47 566 280 
941 265 567 46 
942 46 567 279 
943 49 566 271 
944 281 566 49 
945 264 567 265 
946 267 569 266 
947 279 567 266 
948 266 569 279 
949 268 571 267 
950 267 571 569 
951 269 572 268 
952 268 572 571 
953 270 570 269 
954 570 572 269 
955 271 568 270 
956 568 570 270 
957 271 566 274 
958 274 568 271 
959 275 568 274 
960 276 570 275 
961 275 570 568 
962 277 572 276 
963 276 572 570 
964 278 571 277 
965 571 572 277 
966 279 569 278 
967 569 571 278 
968 280 566 281 
2 13 2 23
969 7 290 284 
970 11 289 296 
971 284 574 285 
972 290 574 284 
973 285 575 286 
974 574 575 285 
975 286 577 287 
976 575 577 286 
977 287 576 288 
978 287 577 576 
979 288 573 289 
980 288 576 573 
981 289 573 296 
982 291 574 290 
983 292 575 291 
984 291 575 574 
985 293 575 292 
986 294 576 293 
987 293 577 575 
988 576 577 293 
989 295 576 294 
990 296 573 295 
991 573 576 295 
2 14 2 23
992 40 312 305 
993 42 311 317 
994 305 578 306 
995 312 578 305 
996 306 580 307 
997 578 580 306 
998 307 580 308 
999 308 581 309 
1000 580 582 308 
1001 308 582 581 
1002 309 581 310 
1003 310 579 311 
1004 310 581 579 
1005 311 579 317 
1006 313 578 312 
1007 314 580 313 
1008 313 580 578 
1009 315 582 314 
1010 314 582 580 
1011 316 581 315 
1012 581 582 315 
1013 317 579 316 
1014 579 581 316 
2 15 2 23
1015 326 66 1 
1016 2 72 331 
1017 66 584 67 
1018 326 584 66 
1019 67 585 68 
1020 584 585 67 
1021 68 585 69 
1022 69 586 70 
1023 585 587 69 
1024 69 587 586 
1025 70 586 71 
1026 71 583 72 
1027 71 586 583 
1028 72 583 331 
1029 327 584 326 
1030 328 585 327 
1031 327 585 584 
1032 329 587 328 
1033 328 587 585 
1034 330 586 329 
1035 586 587 329 
1036 331 583 330 
1037 583 586 330 
2 16 2 32
1038 221 589 33 
1039 33 589 229 
1040 37 588 226 
1041 233 588 37 
1042 230 589 41 
1043 41 589 338 
1044 43 588 234 
1045 343 588 43 
1046 222 592 221 
1047 338 589 221 
1048 221 592 338 
1049 223 594 222 
1050 339 592 222 
1051 222 594 339 
1052 224 593 223 
1053 223 593 340 
1054 340 594 223 
1055 225 591 224 
1056 224 591 341 
1057 341 593 224 
1058 226 590 225 
1059 225 590 342 
1060 342 591 225 
1061 226 588 343 
1062 343 590 226 
1063 229 589 230 
1064 234 588 233 
1065 338 592 339 
1066 339 594 340 
1067 340 593 341 
1068 341 591 342 
1069 342 590 343 
2 17 2 33
1070 297 7 284 
1071 11 301 289 
1072 284 214 18 
1073 284 18 298 
1074 22 220 289 
1075 289 302 22 
1076 214 599 215 
1077 284 599 214 
1078 215 598 216 
1079 215 599 598 
1080 216 595 217 
1081 216 598 595 
1082 217 601 218 
1083 595 601 217 
1084 218 600 219 
1085 218 601 600 
1086 219 597 220 
1087 219 600 597 
1088 220 597 289 
1089 285 599 284 
1090 297 284 298 
1091 286 599 285 
1092 287 595 286 
1093 595 598 286 
1094 598 599 286 
1095 288 596 287 
1096 287 596 595 
1097 289 597 288 
1098 288 600 596 
1099 597 600 288 
1100 301 302 289 
1101 596 601 595 
1102 600 601 596 
2 18 2 32
1103 50 602 348 
1104 354 602 50 
1105 353 603 51 
1106 51 603 358 
1107 359 603 58 
1108 58 603 460 
1109 57 602 355 
1110 465 602 57 
1111 348 604 349 
1112 348 602 465 
1113 465 604 348 
1114 349 606 350 
1115 349 604 464 
1116 464 606 349 
1117 350 608 351 
1118 606 608 350 
1119 351 607 352 
1120 462 607 351 
1121 351 608 462 
1122 352 605 353 
1123 461 605 352 
1124 352 607 461 
1125 460 603 353 
1126 353 605 460 
1127 355 602 354 
1128 358 603 359 
1129 460 605 461 
1130 461 607 462 
1131 462 608 463 
1132 463 606 464 
1133 463 608 606 
1134 464 604 465 
2 19 2 23
1135 362 20 369 
1136 374 21 368 
1137 363 362 610 
1138 362 369 610 
1139 364 363 611 
1140 363 610 611 
1141 365 364 611 
1142 366 365 612 
1143 365 611 613 
1144 612 365 613 
1145 367 366 612 
1146 368 367 609 
1147 609 367 612 
1148 374 368 609 
1149 369 370 610 
1150 370 371 611 
1151 610 370 611 
1152 371 372 613 
1153 611 371 613 
1154 372 373 612 
1155 372 612 613 
1156 373 374 609 
1157 373 609 612 
2 20 2 36
1158 40 619 312 
1159 318 615 40 
1160 615 619 40 
1161 317 617 42 
1162 42 614 322 
1163 42 617 614 
1164 323 614 20 
1165 20 617 369 
1166 614 617 20 
1167 21 615 319 
1168 374 619 21 
1169 21 619 615 
1170 312 618 313 
1171 374 618 312 
1172 312 619 374 
1173 313 620 314 
1174 313 618 373 
1175 373 620 313 
1176 314 622 315 
1177 314 620 372 
1178 372 622 314 
1179 315 621 316 
1180 371 621 315 
1181 315 622 371 
1182 316 616 317 
1183 370 616 316 
1184 316 621 370 
1185 317 616 369 
1186 369 617 317 
1187 319 615 318 
1188 322 614 323 
1189 369 616 370 
1190 370 621 371 
1191 371 622 372 
1192 372 620 373 
1193 373 618 374 
2 21 2 32
1194 48 624 266 
1195 272 624 48 
1196 271 623 49 
1197 49 623 282 
1198 50 624 273 
1199 348 624 50 
1200 283 623 51 
1201 51 623 353 
1202 266 627 267 
1203 266 624 348 
1204 348 627 266 
1205 267 629 268 
1206 267 627 349 
1207 349 629 267 
1208 268 628 269 
1209 350 628 268 
1210 268 629 350 
1211 269 625 270 
1212 351 625 269 
1213 269 628 351 
1214 270 626 271 
1215 270 625 352 
1216 352 626 270 
1217 353 623 271 
1218 271 626 353 
1219 273 624 272 
1220 282 623 283 
1221 349 627 348 
1222 350 629 349 
1223 351 628 350 
1224 352 625 351 
1225 353 626 352 
2 22 2 38
1226 59 632 375 
1227 377 632 59 
1228 60 633 382 
1229 385 633 60 
1230 52 630 386 
1231 490 630 52 
1232 376 631 53 
1233 53 631 495 
1234 375 631 376 
1235 375 632 631 
1236 378 635 377 
1237 377 639 632 
1238 635 639 377 
1239 379 637 378 
1240 378 637 635 
1241 380 638 379 
1242 379 638 637 
1243 381 636 380 
1244 636 638 380 
1245 382 634 381 
1246 634 636 381 
1247 633 634 382 
1248 386 630 385 
1249 630 633 385 
1250 491 634 490 
1251 490 634 630 
1252 492 636 491 
1253 491 636 634 
1254 493 638 492 
1255 492 638 636 
1256 494 637 493 
1257 637 638 493 
1258 495 635 494 
1259 635 637 494 
1260 631 639 495 
1261 495 639 635 
1262 630 634 633 
1263 632 639 631 
2 23 2 32
1264 41 338 640 
1265 344 41 640 
1266 343 43 641 
1267 43 346 641 
1268 347 56 641 
1269 56 389 641 
1270 55 345 640 
1271 394 55 640 
1272 338 339 643 
1273 338 394 640 
1274 394 338 643 
1275 339 340 644 
1276 643 339 644 
1277 340 341 646 
1278 644 340 646 
1279 341 342 645 
1280 341 645 646 
1281 342 343 642 
1282 342 642 645 
1283 389 343 641 
1284 343 389 642 
1285 345 344 640 
1286 346 347 641 
1287 389 390 642 
1288 390 391 645 
1289 642 390 645 
1290 391 392 646 
1291 645 391 646 
1292 392 393 644 
1293 392 644 646 
1294 393 394 643 
1295 393 643 644 
2 24 2 32
1296 401 648 29 
1297 29 648 407 
1298 399 647 65 
1299 65 647 406 
1300 31 647 400 
1301 472 647 31 
1302 408 648 26 
1303 26 648 477 
1304 400 647 399 
1305 402 649 401 
1306 477 648 401 
1307 401 649 477 
1308 403 651 402 
1309 476 649 402 
1310 402 651 476 
1311 404 653 403 
1312 475 651 403 
1313 403 653 475 
1314 405 652 404 
1315 652 653 404 
1316 406 650 405 
1317 405 650 473 
1318 473 652 405 
1319 406 647 472 
1320 472 650 406 
1321 407 648 408 
1322 473 650 472 
1323 474 652 473 
1324 475 653 474 
1325 474 653 652 
1326 476 651 475 
1327 477 649 476 
2 25 2 32
1328 167 160 23 
1329 166 192 25 
1330 13 193 257 
1331 168 14 263 
1332 160 659 161 
1333 167 263 160 
1334 263 659 160 
1335 161 657 162 
1336 262 657 161 
1337 161 659 262 
1338 162 655 163 
1339 261 655 162 
1340 162 657 261 
1341 163 654 164 
1342 260 654 163 
1343 163 655 260 
1344 164 656 165 
1345 164 654 259 
1346 259 656 164 
1347 165 658 166 
1348 165 656 258 
1349 258 658 165 
1350 257 192 166 
1351 166 658 257 
1352 168 263 167 
1353 257 193 192 
1354 257 658 258 
1355 258 656 259 
1356 259 654 260 
1357 260 655 261 
1358 261 657 262 
1359 262 659 263 
2 26 2 23
1360 93 99 9 
1361 98 6 105 
1362 94 661 93 
1363 93 661 99 
1364 95 662 94 
1365 94 662 661 
1366 96 664 95 
1367 95 664 662 
1368 97 663 96 
1369 663 664 96 
1370 98 660 97 
1371 660 663 97 
1372 105 660 98 
1373 99 661 100 
1374 100 662 101 
1375 661 662 100 
1376 101 662 102 
1377 102 663 103 
1378 662 664 102 
1379 102 664 663 
1380 103 663 104 
1381 104 660 105 
1382 104 663 660 
2 27 2 32
1383 40 305 320 
1384 42 665 311 
1385 324 665 42 
1386 38 665 325 
1387 415 665 38 
1388 421 54 321 
1389 306 670 305 
1390 320 305 421 
1391 305 670 421 
1392 307 668 306 
1393 306 668 420 
1394 420 670 306 
1395 308 666 307 
1396 307 666 419 
1397 419 668 307 
1398 309 667 308 
1399 418 666 308 
1400 308 667 418 
1401 310 669 309 
1402 417 667 309 
1403 309 669 417 
1404 310 311 415 
1405 310 415 416 
1406 416 669 310 
1407 311 665 415 
1408 320 421 321 
1409 325 665 324 
1410 417 669 416 
1411 418 667 417 
1412 419 666 418 
1413 420 668 419 
1414 421 670 420 
2 28 2 32
1415 389 56 672 
1416 56 395 672 
1417 55 394 671 
1418 397 55 671 
1419 64 398 671 
1420 430 64 671 
1421 396 63 672 
1422 63 435 672 
1423 390 389 673 
1424 435 389 672 
1425 389 435 673 
1426 391 390 676 
1427 390 673 676 
1428 392 391 677 
1429 391 676 677 
1430 393 392 675 
1431 675 392 677 
1432 394 393 674 
1433 674 393 675 
1434 394 430 671 
1435 430 394 674 
1436 395 396 672 
1437 398 397 671 
1438 431 430 674 
1439 432 431 675 
1440 431 674 675 
1441 433 432 677 
1442 432 675 677 
1443 434 433 676 
1444 676 433 677 
1445 435 434 673 
1446 673 434 676 
2 29 2 32
1447 27 678 179 
1448 186 678 27 
1449 185 679 24 
1450 24 679 190 
1451 28 678 187 
1452 440 678 28 
1453 191 679 30 
1454 30 679 446 
1455 441 180 179 
1456 441 179 440 
1457 179 678 440 
1458 180 682 181 
1459 441 682 180 
1460 181 680 182 
1461 442 680 181 
1462 181 682 442 
1463 182 681 183 
1464 182 680 443 
1465 443 681 182 
1466 183 683 184 
1467 183 681 444 
1468 444 683 183 
1469 184 445 185 
1470 184 683 445 
1471 445 446 185 
1472 446 679 185 
1473 187 678 186 
1474 190 679 191 
1475 442 682 441 
1476 443 680 442 
1477 444 681 443 
1478 445 683 444 
2 30 2 32
1479 401 29 685 
1480 29 411 685 
1481 65 406 684 
1482 413 65 684 
1483 39 414 684 
1484 447 39 684 
1485 412 36 685 
1486 36 452 685 
1487 402 401 686 
1488 452 401 685 
1489 401 452 686 
1490 403 402 689 
1491 402 686 689 
1492 404 403 690 
1493 403 689 690 
1494 405 404 688 
1495 688 404 690 
1496 406 405 687 
1497 687 405 688 
1498 406 447 684 
1499 447 406 687 
1500 411 412 685 
1501 414 413 684 
1502 448 447 687 
1503 449 448 688 
1504 448 687 688 
1505 450 449 690 
1506 449 688 690 
1507 451 450 689 
1508 689 450 690 
1509 452 451 686 
1510 686 451 689 
2 31 2 32
1511 99 691 9 
1512 9 691 106 
1513 6 110 105 
1514 107 691 10 
1515 10 691 453 
1516 111 12 459 
1517 100 454 99 
1518 99 454 453 
1519 453 691 99 
1520 101 694 100 
1521 100 694 454 
1522 102 692 101 
1523 101 692 455 
1524 455 694 101 
1525 103 693 102 
1526 456 692 102 
1527 102 693 456 
1528 104 695 103 
1529 457 693 103 
1530 103 695 457 
1531 105 696 104 
1532 458 695 104 
1533 104 696 458 
1534 105 110 111 
1535 459 105 111 
1536 459 696 105 
1537 106 691 107 
1538 454 694 455 
1539 455 692 456 
1540 456 693 457 
1541 457 695 458 
1542 458 696 459 
2 32 2 32
1543 44 698 237 
1544 245 698 44 
1545 242 697 45 
1546 45 697 249 
1547 250 697 47 
1548 47 697 274 
1549 46 698 246 
1550 279 698 46 
1551 237 699 238 
1552 237 698 279 
1553 279 699 237 
1554 238 702 239 
1555 699 702 238 
1556 239 703 240 
1557 702 703 239 
1558 240 701 241 
1559 240 703 701 
1560 241 700 242 
1561 241 701 700 
1562 274 697 242 
1563 242 700 274 
1564 246 698 245 
1565 249 697 250 
1566 274 700 275 
1567 275 701 276 
1568 700 701 275 
1569 276 703 277 
1570 701 703 276 
1571 277 702 278 
1572 277 703 702 
1573 278 699 279 
1574 278 702 699 
2 33 2 33
1575 38 422 424 
1576 429 440 28 
1577 28 470 429 
1578 424 423 30 
1579 424 30 446 
1580 471 54 429 
1581 424 422 423 
1582 424 706 425 
1583 446 706 424 
1584 425 705 426 
1585 425 709 705 
1586 706 709 425 
1587 426 708 427 
1588 705 708 426 
1589 427 704 428 
1590 427 708 704 
1591 428 707 429 
1592 704 707 428 
1593 429 707 440 
1594 470 471 429 
1595 440 707 441 
1596 441 710 442 
1597 707 710 441 
1598 442 704 443 
1599 442 710 704 
1600 443 705 444 
1601 704 708 443 
1602 443 708 705 
1603 444 709 445 
1604 705 709 444 
1605 445 706 446 
1606 445 709 706 
1607 704 710 707 
2 34 2 23
1608 171 27 179 
1609 185 24 176 
1610 172 171 712 
1611 171 179 712 
1612 173 172 713 
1613 172 712 713 
1614 174 173 715 
1615 173 713 715 
1616 175 174 714 
1617 714 174 715 
1618 176 175 711 
1619 711 175 714 
1620 185 176 711 
1621 179 180 712 
1622 180 181 713 
1623 712 180 713 
1624 181 182 713 
1625 182 183 714 
1626 713 182 715 
1627 182 714 715 
1628 183 184 714 
1629 184 185 711 
1630 184 711 714 
2 35 2 23
1631 478 10 453 
1632 12 483 459 
1633 453 454 716 
1634 478 453 716 
1635 454 455 718 
1636 716 454 718 
1637 455 456 718 
1638 456 457 719 
1639 718 456 720 
1640 456 719 720 
1641 457 458 719 
1642 458 459 717 
1643 458 717 719 
1644 459 483 717 
1645 479 478 716 
1646 480 479 718 
1647 479 716 718 
1648 481 480 720 
1649 480 718 720 
1650 482 481 719 
1651 719 481 720 
1652 483 482 717 
1653 717 482 719 
2 36 2 32
1654 200 721 34 
1655 34 721 206 
1656 32 722 205 
1657 212 722 32 
1658 39 722 213 
1659 447 722 39 
1660 207 721 36 
1661 36 721 452 
1662 201 723 200 
1663 452 721 200 
1664 200 723 452 
1665 202 725 201 
1666 201 725 723 
1667 203 727 202 
1668 202 727 725 
1669 204 726 203 
1670 726 727 203 
1671 205 724 204 
1672 724 726 204 
1673 205 722 447 
1674 447 724 205 
1675 206 721 207 
1676 213 722 212 
1677 448 724 447 
1678 449 726 448 
1679 448 726 724 
1680 450 727 449 
1681 449 727 726 
1682 451 725 450 
1683 725 727 450 
1684 452 723 451 
1685 723 725 451 
2 37 2 32
1686 58 460 728 
1687 466 58 728 
1688 465 57 729 
1689 57 468 729 
1690 469 62 729 
1691 62 484 729 
1692 61 467 728 
1693 489 61 728 
1694 460 461 730 
1695 460 489 728 
1696 489 460 730 
1697 461 462 732 
1698 730 461 732 
1699 462 463 734 
1700 732 462 734 
1701 463 464 733 
1702 463 733 734 
1703 464 465 731 
1704 464 731 733 
1705 484 465 729 
1706 465 484 731 
1707 467 466 728 
1708 468 469 729 
1709 484 485 731 
1710 485 486 733 
1711 731 485 733 
1712 486 487 734 
1713 733 486 734 
1714 487 488 732 
1715 487 732 734 
1716 488 489 730 
1717 488 730 732 
2 38 2 23
1718 415 38 424 
1719 429 54 421 
1720 416 415 736 
1721 415 424 736 
1722 417 416 737 
1723 416 736 737 
1724 418 417 737 
1725 419 418 738 
1726 418 737 739 
1727 738 418 739 
1728 420 419 738 
1729 421 420 735 
1730 735 420 738 
1731 429 421 735 
1732 424 425 736 
1733 425 426 737 
1734 736 425 737 
1735 426 427 739 
1736 737 426 739 
1737 427 428 738 
1738 427 738 739 
1739 428 429 735 
1740 428 735 738 
2 39 2 23
1741 122 15 128 
1742 17 127 134 
1743 122 741 123 
1744 128 741 122 
1745 123 742 124 
1746 741 742 123 
1747 124 744 125 
1748 742 744 124 
1749 125 743 126 
1750 125 744 743 
1751 126 740 127 
1752 126 743 740 
1753 127 740 134 
1754 129 741 128 
1755 130 742 129 
1756 129 742 741 
1757 131 742 130 
1758 132 743 131 
1759 131 744 742 
1760 743 744 131 
1761 133 743 132 
1762 134 740 133 
1763 740 743 133 
2 40 2 32
1764 59 746 377 
1765 383 746 59 
1766 382 745 60 
1767 60 745 387 
1768 388 745 62 
1769 62 745 484 
1770 61 746 384 
1771 489 746 61 
1772 377 747 378 
1773 377 746 489 
1774 489 747 377 
1775 378 749 379 
1776 747 749 378 
1777 379 751 380 
1778 749 751 379 
1779 380 750 381 
1780 380 751 750 
1781 381 748 382 
1782 381 750 748 
1783 484 745 382 
1784 382 748 484 
1785 384 746 383 
1786 387 745 388 
1787 484 748 485 
1788 485 750 486 
1789 748 750 485 
1790 486 751 487 
1791 750 751 486 
1792 487 749 488 
1793 487 751 749 
1794 488 747 489 
1795 488 749 747 
2 41 2 32
1796 19 752 139 
1797 146 752 19 
1798 145 148 16 
1799 20 752 147 
1800 362 752 20 
1801 21 149 368 
1802 362 140 139 
1803 139 752 362 
1804 140 756 141 
1805 363 140 362 
1806 363 756 140 
1807 141 754 142 
1808 364 754 141 
1809 141 756 364 
1810 142 753 143 
1811 365 753 142 
1812 142 754 365 
1813 143 755 144 
1814 143 753 366 
1815 366 755 143 
1816 144 757 145 
1817 144 755 367 
1818 367 757 144 
1819 368 148 145 
1820 145 757 368 
1821 147 752 146 
1822 368 149 148 
1823 364 756 363 
1824 365 754 364 
1825 366 753 365 
1826 367 755 366 
1827 368 757 367 
2 42 2 32
1828 5 759 82 
1829 84 759 5 
1830 8 758 90 
1831 108 758 8 
1832 83 759 7 
1833 7 759 290 
1834 11 758 109 
1835 296 758 11 
1836 82 759 83 
1837 85 290 84 
1838 290 759 84 
1839 86 762 85 
1840 291 290 85 
1841 85 762 291 
1842 87 761 86 
1843 86 761 292 
1844 292 762 86 
1845 88 760 87 
1846 87 760 293 
1847 293 761 87 
1848 89 763 88 
1849 294 760 88 
1850 88 763 294 
1851 89 90 296 
1852 296 295 89 
1853 295 763 89 
1854 90 758 296 
1855 109 758 108 
1856 291 762 292 
1857 292 761 293 
1858 293 760 294 
1859 294 763 295 
2 43 2 18
1860 430 436 64 
1861 435 63 438 
1862 52 437 490 
1863 53 495 439 
1864 430 431 491 
1865 437 436 430 
1866 437 430 490 
1867 430 491 490 
1868 492 431 432 
1869 491 431 492 
1870 433 492 432 
1871 494 433 434 
1872 492 433 493 
1873 433 494 493 
1874 495 434 435 
1875 495 494 434 
1876 495 435 438 
1877 495 438 439 
2 44 2 36
1878 326 1 767 
1879 1 334 765 
1880 1 765 767 
1881 2 331 771 
1882 336 2 764 
1883 764 2 771 
1884 335 10 765 
1885 10 478 767 
1886 765 10 767 
1887 12 337 764 
1888 483 12 771 
1889 12 764 771 
1890 327 326 766 
1891 326 478 766 
1892 478 326 767 
1893 328 327 768 
1894 479 327 766 
1895 327 479 768 
1896 329 328 772 
1897 480 328 768 
1898 328 480 772 
1899 330 329 769 
1900 329 481 769 
1901 481 329 772 
1902 331 330 770 
1903 482 330 769 
1904 330 482 770 
1905 483 331 770 
1906 331 483 771 
1907 334 335 765 
1908 337 336 764 
1909 478 479 766 
1910 479 480 768 
1911 480 481 772 
1912 481 482 769 
1913 482 483 770 
2 45 2 49
1914 58 9 106 
1915 58 777 9 
1916 9 781 91 
1917 777 781 9 
1918 92 780 8 
1919 8 776 108 
1920 8 780 776 
1921 11 109 375 
1922 11 375 303 
1923 358 774 51 
1924 51 774 360 
1925 108 59 109 
1926 108 783 59 
1927 109 59 375 
1928 59 783 383 
1929 359 58 106 
1930 466 777 58 
1931 10 774 107 
1932 361 774 10 
1933 384 779 61 
1934 61 779 467 
1935 304 376 53 
1936 91 773 92 
1937 91 781 773 
1938 773 780 92 
1939 106 107 359 
1940 359 107 358 
1941 107 774 358 
1942 776 783 108 
1943 303 376 304 
1944 375 376 303 
1945 360 774 361 
1946 383 775 384 
1947 383 783 775 
1948 775 779 384 
1949 467 778 466 
1950 466 778 777 
1951 467 779 778 
1952 773 782 780 
1953 781 784 773 
1954 773 784 782 
1955 776 782 775 
1956 775 783 776 
1957 775 782 779 
1958 780 782 776 
1959 778 784 777 
1960 777 784 781 
1961 779 782 778 
1962 782 784 778 
2 46 2 11
1963 334 1 332 
1964 51 360 333 
1965 361 10 335 
1966 333 786 332 
1967 332 786 334 
1968 360 785 333 
1969 785 786 333 
1970 334 786 335 
1971 335 785 361 
1972 335 786 785 
1973 361 785 360 
2 47 2 49
1974 116 796 4 
1975 4 790 118 
1976 4 796 790 
1977 23 788 167 
1978 169 788 23 
1979 168 45 14 
1980 45 791 14 
1981 247 45 168 
1982 249 791 45 
1983 14 795 117 
1984 791 795 14 
1985 47 794 250 
1986 280 794 47 
1987 118 49 119 
1988 118 793 49 
1989 119 49 282 
1990 49 793 281 
1991 282 1 119 
1992 282 283 1 
1993 1 283 332 
1994 333 283 51 
1995 26 788 170 
1996 248 788 26 
1997 117 787 116 
1998 787 796 116 
1999 117 795 787 
2000 790 793 118 
2001 168 167 247 
2002 167 248 247 
2003 167 788 248 
2004 170 788 169 
2005 250 792 249 
2006 249 792 791 
2007 250 794 792 
2008 281 789 280 
2009 789 794 280 
2010 281 793 789 
2011 332 283 333 
2012 795 798 787 
2013 787 797 796 
2014 787 798 797 
2015 789 793 790 
2016 790 797 789 
2017 789 797 794 
2018 796 797 790 
2019 792 798 791 
2020 791 798 795 
2021 794 797 792 
2022 797 798 792 
2 48 2 16
2023 169 23 152 
2024 153 24 408 
2025 408 24 188 
2026 407 189 29 
2027 170 801 26 
2028 26 801 408 
2029 153 799 152 
2030 152 800 169 
2031 799 800 152 
2032 408 799 153 
2033 169 800 170 
2034 800 801 170 
2035 188 189 407 
2036 408 188 407 
2037 408 801 799 
2038 799 801 800 
2 49 2 23
2039 210 198 34 
2040 206 806 34 
2041 34 211 210 
2042 34 806 211 
2043 210 35 199 
2044 409 411 29 
2045 211 802 38 
2046 38 802 410 
2047 36 805 207 
2048 412 805 36 
2049 210 199 198 
2050 207 803 206 
2051 206 803 802 
2052 802 806 206 
2053 207 805 803 
2054 211 806 802 
2055 410 804 409 
2056 409 804 411 
2057 802 803 410 
2058 803 804 410 
2059 411 804 412 
2060 804 805 412 
2061 803 805 804 
2 50 2 10
2062 188 24 190 
2063 190 29 189 
2064 190 191 29 
2065 29 191 409 
2066 410 422 38 
2067 410 191 30 
2068 410 30 423 
2069 189 188 190 
2070 409 191 410 
2071 423 422 410 
2 51 2 61
2072 137 818 19 
2073 19 810 146 
2074 19 818 810 
2075 150 63 17 
2076 63 811 17 
2077 17 817 138 
2078 811 817 17 
2079 231 820 37 
2080 37 820 233 
2081 301 11 303 
2082 322 232 42 
2083 146 43 147 
2084 146 815 43 
2085 43 234 147 
2086 43 815 346 
2087 22 813 151 
2088 302 813 22 
2089 234 20 147 
2090 233 20 234 
2091 323 20 233 
2092 347 816 56 
2093 56 816 395 
2094 150 438 63 
2095 396 811 63 
2096 151 53 150 
2097 150 53 439 
2098 304 53 151 
2099 138 807 137 
2100 807 818 137 
2101 138 817 807 
2102 810 815 146 
2103 150 439 438 
2104 151 813 304 
2105 232 814 231 
2106 814 820 231 
2107 322 814 232 
2108 233 809 323 
2109 233 820 809 
2110 302 301 303 
2111 303 813 302 
2112 304 813 303 
2113 323 809 322 
2114 809 814 322 
2115 346 808 347 
2116 346 815 808 
2117 808 816 347 
2118 395 812 396 
2119 395 816 812 
2120 396 812 811 
2121 817 821 807 
2122 807 819 818 
2123 807 821 819 
2124 808 815 810 
2125 810 819 808 
2126 808 819 816 
2127 809 820 814 
2128 818 819 810 
2129 812 821 811 
2130 811 821 817 
2131 816 819 812 
2132 819 821 812 
2 52 2 16
2133 208 35 324 
2134 325 35 210 
2135 324 35 325 
2136 209 823 37 
2137 37 823 231 
2138 232 822 42 
2139 42 824 324 
2140 822 824 42 
2141 38 325 211 
2142 208 824 209 
2143 324 824 208 
2144 209 824 823 
2145 325 210 211 
2146 231 822 232 
2147 231 823 822 
2148 823 824 822 
2 53 2 61
2149 135 15 64 
2150 64 15 829 
2151 15 120 836 
2152 829 15 836 
2153 121 16 835 
2154 16 148 828 
2155 16 828 835 
2156 227 33 838 
2157 33 229 838 
2158 7 297 299 
2159 40 228 318 
2160 148 149 41 
2161 148 41 833 
2162 41 149 230 
2163 41 344 833 
2164 18 136 831 
2165 298 18 831 
2166 149 21 230 
2167 21 229 230 
2168 229 21 319 
2169 345 55 834 
2170 55 397 834 
2171 436 135 64 
2172 398 64 829 
2173 52 136 135 
2174 52 135 437 
2175 136 52 300 
2176 120 121 825 
2177 120 825 836 
2178 825 121 835 
2179 135 436 437 
2180 136 300 831 
2181 828 148 833 
2182 228 227 832 
2183 832 227 838 
2184 318 228 832 
2185 229 319 827 
2186 229 827 838 
2187 297 298 299 
2188 299 298 831 
2189 300 299 831 
2190 319 318 827 
2191 827 318 832 
2192 344 345 826 
2193 344 826 833 
2194 826 345 834 
2195 397 398 830 
2196 397 830 834 
2197 398 829 830 
2198 825 835 837 
2199 836 825 839 
2200 825 837 839 
2201 826 828 833 
2202 828 826 837 
2203 826 834 837 
2204 827 832 838 
2205 835 828 837 
2206 830 829 839 
2207 829 836 839 
2208 834 830 837 
2209 837 830 839 
2 54 2 58
2210 400 27 177 
2211 27 399 186 
2212 27 400 399 
2213 194 178 25 
2214 54 32 321 
2215 32 54 845 
2216 32 196 321 
2217 212 32 845 
2218 197 33 841 
2219 33 227 841 
2220 228 40 841 
2221 40 320 841 
2222 65 187 186 
2223 399 65 186 
2224 187 65 848 
2225 65 413 848 
2226 39 213 849 
2227 414 39 849 
2228 28 187 844 
2229 470 28 851 
2230 28 844 851 
2231 54 471 850 
2232 845 54 850 
2233 195 31 853 
2234 31 400 853 
2235 177 178 843 
2236 400 177 843 
2237 178 194 847 
2238 843 178 847 
2239 844 187 848 
2240 194 195 847 
2241 847 195 853 
2242 196 197 320 
2243 196 320 321 
2244 320 197 841 
2245 213 212 846 
2246 212 845 846 
2247 213 846 849 
2248 227 228 841 
2249 400 843 853 
2250 413 414 842 
2251 413 842 848 
2252 842 414 849 
2253 471 470 840 
2254 840 470 851 
2255 471 840 850 
2256 850 840 854 
2257 840 851 852 
2258 840 852 854 
2259 842 844 848 
2260 844 842 852 
2261 842 849 852 
2262 843 847 853 
2263 851 844 852 
2264 846 845 854 
2265 845 850 854 
2266 849 846 852 
2267 852 846 854 
2 55 2 52
2268 112 3 867 
2269 3 114 859 
2270 3 859 867 
2271 44 243 861 
2272 245 44 861 
2273 13 113 868 
2274 244 13 856 
2275 856 13 868 
2276 114 115 48 
2277 114 48 865 
2278 115 272 48 
2279 48 264 865 
2280 46 246 864 
2281 265 46 864 
2282 272 115 2 
2283 272 2 273 
2284 2 336 273 
2285 50 273 869 
2286 356 50 869 
2287 357 337 12 
2288 113 112 855 
2289 855 112 867 
2290 113 855 868 
2291 859 114 865 
2292 243 244 861 
2293 244 856 861 
2294 246 245 860 
2295 860 245 862 
2296 245 861 862 
2297 246 860 864 
2298 264 265 857 
2299 264 857 865 
2300 857 265 864 
2301 273 336 858 
2302 273 858 869 
2303 336 337 858 
2304 337 357 863 
2305 858 337 863 
2306 357 356 863 
2307 863 356 869 
2308 866 855 867 
2309 855 866 868 
2310 861 856 862 
2311 862 856 868 
2312 857 859 865 
2313 859 857 866 
2314 860 857 864 
2315 857 860 866 
2316 858 863 869 
2317 859 866 867 
2318 860 862 866 
2319 866 862 868 
2 56 2 12
2320 25 192 870 
2321 194 25 870 
2322 44 235 193 
2323 243 44 193 
2324 13 244 193 
2325 31 195 870 
2326 236 31 870 
2327 193 235 192 
2328 235 236 192 
2329 192 236 870 
2330 243 193 244 
2331 195 194 870 
2 57 2 49
2332 80 5 878 
2333 5 82 874 
2334 5 874 878 
2335 57 110 6 
2336 57 6 875 
2337 6 81 879 
2338 875 6 879 
2339 83 7 385 
2340 7 299 385 
2341 354 50 872 
2342 50 356 872 
2343 82 83 60 
2344 82 60 881 
2345 60 83 385 
2346 60 387 881 
2347 110 57 355 
2348 468 57 875 
2349 12 111 872 
2350 357 12 872 
2351 388 62 877 
2352 62 469 877 
2353 300 52 386 
2354 81 80 871 
2355 871 80 878 
2356 81 871 879 
2357 874 82 881 
2358 111 110 355 
2359 354 111 355 
2360 111 354 872 
2361 299 300 386 
2362 299 386 385 
2363 356 357 872 
2364 387 388 873 
2365 387 873 881 
2366 873 388 877 
2367 469 468 876 
2368 468 875 876 
2369 469 876 877 
2370 871 878 880 
2371 879 871 882 
2372 871 880 882 
2373 874 873 880 
2374 873 874 881 
2375 873 877 880 
2376 878 874 880 
2377 876 875 882 
2378 875 879 882 
2379 877 876 880 
2380 880 876 882 
3 1 4 2472
2381 317 42 617 883 
2382 51 353 623 895 
2383 326 327 626 584 
2384 868 862 866 894 
2385 868 856 862 894 
2386 879 875 882 509 
2387 777 781 784 884 
2388 854 850 845 885 
2389 836 829 839 888 
2390 817 821 811 887 
2391 791 795 798 886 
2392 860 866 698 857 
2393 51 603 353 895 
2394 472 555 31 891 
2395 348 602 50 889 
2396 26 554 477 890 
2397 221 536 33 892 
2398 876 880 882 729 
2399 10 478 453 895 
2400 25 166 159 891 
2401 483 12 459 889 
2402 154 160 23 890 
2403 40 305 312 892 
2404 874 873 881 745 
2405 372 371 613 593 
2406 328 329 628 587 
2407 371 370 611 591 
2408 567 865 857 859 
2409 781 773 784 884 
2410 850 854 840 885 
2411 825 836 839 888 
2412 821 817 807 887 
2413 798 795 787 886 
2414 634 381 636 285 
2415 374 373 609 592 
2416 330 331 627 583 
2417 599 286 636 598 
2418 176 175 649 711 
2419 783 776 108 884 
2420 848 187 844 885 
2421 815 810 146 887 
2422 118 793 790 886 
2423 861 862 856 894 
2424 848 844 842 885 
2425 808 810 815 887 
2426 826 833 828 888 
2427 790 793 789 886 
2428 775 776 783 884 
2429 237 698 44 894 
2430 327 328 625 585 
2431 864 860 698 857 
2432 232 231 814 883 
2433 816 819 808 887 
2434 834 826 837 888 
2435 842 852 849 885 
2436 789 794 797 886 
2437 779 782 775 884 
2438 82 874 881 509 
2439 782 779 778 884 
2440 812 819 816 887 
2441 834 837 830 888 
2442 794 792 797 886 
2443 852 846 849 885 
2444 804 805 803 721 
2445 599 286 285 636 
2446 877 880 876 729 
2447 211 802 806 896 
2448 866 518 857 859 
2449 804 803 410 893 
2450 820 814 231 883 
2451 481 482 606 769 
2452 156 155 533 557 
2453 875 876 882 729 
2454 661 716 694 662 
2455 737 579 736 669 
2456 373 372 612 594 
2457 329 330 629 586 
2458 782 778 784 884 
2459 812 821 819 887 
2460 837 839 830 888 
2461 852 854 846 885 
2462 792 798 797 886 
2463 654 563 565 553 
2464 664 662 692 720 
2465 664 663 720 693 
2466 655 553 565 564 
2467 667 582 739 737 
2468 739 666 738 582 
2469 852 842 844 885 
2470 828 837 826 888 
2471 810 808 819 887 
2472 790 789 797 886 
2473 423 424 30 893 
2474 782 776 775 884 
2475 317 311 42 883 
2476 717 695 663 660 
2477 657 564 561 550 
2478 563 562 549 656 
2479 738 735 578 668 
2480 682 710 180 712 
2481 871 879 882 509 
2482 350 349 769 606 
2483 476 475 533 557 
2484 175 174 651 714 
2485 784 773 782 884 
2486 854 852 840 885 
2487 807 819 821 887 
2488 825 839 837 888 
2489 797 798 787 886 
2490 104 695 717 660 
2491 562 258 549 656 
2492 550 561 657 262 
2493 735 420 578 668 
2494 637 379 287 638 
2495 856 244 861 894 
2496 716 100 661 694 
2497 579 416 736 669 
2498 93 8 92 884 
2499 190 648 188 189 
2500 137 127 19 887 
2501 121 16 122 888 
2502 470 28 429 885 
2503 116 256 4 886 
2504 862 866 698 860 
2505 21 374 368 589 
2506 331 2 624 72 
2507 783 108 758 884 
2508 848 678 187 885 
2509 815 146 752 887 
2510 496 793 118 886 
2511 288 635 378 637 
2512 715 681 708 705 
2513 375 376 631 303 
2514 710 682 713 712 
2515 680 708 704 715 
2516 773 780 782 884 
2517 852 851 840 885 
2518 819 807 818 887 
2519 835 825 837 888 
2520 797 787 796 886 
2521 203 542 739 582 
2522 576 510 573 763 
2523 739 542 202 582 
2524 232 822 231 883 
2525 549 558 562 238 
2526 661 605 716 461 
2527 604 717 464 660 
2528 539 735 578 204 
2529 740 600 597 548 
2530 604 483 696 465 
2531 205 670 312 539 
2532 154 242 556 659 
2533 556 561 241 550 
2534 314 542 203 582 
2535 574 504 762 291 
2536 804 721 803 893 
2537 202 542 315 582 
2538 257 13 251 894 
2539 630 385 299 386 
2540 231 822 823 883 
2541 237 658 159 558 
2542 518 866 868 855 
2543 294 508 510 760 
2544 587 512 585 498 
2545 764 357 863 337 
2546 18 284 298 630 
2547 707 710 405 712 
2548 544 743 601 744 
2549 613 754 525 611 
2550 510 573 507 378 
2551 550 154 556 659 
2552 169 152 527 800 
2553 847 178 526 194 
2554 512 587 516 498 
2555 696 717 483 604 
2556 670 578 312 539 
2557 550 556 561 659 
2558 228 615 318 832 
2559 814 232 614 322 
2560 640 338 833 888 
2561 654 552 563 553 
2562 718 692 662 720 
2563 719 720 663 693 
2564 553 655 551 564 
2565 581 582 667 737 
2566 666 580 738 582 
2567 696 717 604 660 
2568 578 670 735 539 
2569 243 861 244 894 
2570 680 704 713 715 
2571 658 549 159 558 
2572 504 762 575 574 
2573 509 881 82 759 
2574 289 22 302 631 
2575 698 866 862 894 
2576 715 708 681 443 
2577 208 209 824 535 
2578 683 711 184 709 
2579 653 652 404 173 
2580 718 694 716 662 
2581 737 581 579 669 
2582 517 500 67 584 
2583 658 549 558 562 
2584 780 776 782 884 
2585 464 482 717 604 
2586 539 578 313 204 
2587 509 874 881 745 
2588 852 844 851 885 
2589 818 810 819 887 
2590 835 837 828 888 
2591 797 796 790 886 
2592 765 361 335 785 
2593 558 549 158 238 
2594 605 716 461 479 
2595 324 208 824 535 
2596 241 556 550 155 
2597 561 556 242 659 
2598 463 608 664 720 
2599 240 553 565 560 
2600 509 875 882 729 
2601 564 657 551 550 
2602 663 719 695 717 
2603 552 563 549 656 
2604 578 738 668 580 
2605 765 332 333 786 
2606 499 514 583 586 
2607 715 680 708 443 
2608 561 564 241 550 
2609 717 663 464 660 
2610 461 716 661 662 
2611 549 562 563 238 
2612 204 735 578 738 
2613 579 736 201 737 
2614 575 761 86 504 
2615 286 380 636 638 
2616 740 546 600 133 
2617 696 604 465 660 
2618 205 735 670 539 
2619 777 9 781 884 
2620 882 880 871 509 
2621 795 791 14 886 
2622 54 845 850 885 
2623 829 836 15 888 
2624 17 817 811 887 
2625 239 565 563 553 
2626 463 664 663 720 
2627 462 662 664 720 
2628 564 553 565 240 
2629 582 202 739 737 
2630 203 739 738 582 
2631 90 8 93 884 
2632 510 88 294 760 
2633 429 28 440 885 
2634 19 127 139 887 
2635 145 122 16 888 
2636 4 256 79 886 
2637 714 711 683 709 
2638 548 740 600 133 
2639 705 715 681 714 
2640 585 500 517 584 
2641 540 204 313 580 
2642 561 550 659 262 
2643 549 658 258 562 
2644 717 696 104 660 
2645 670 420 578 735 
2646 742 543 595 744 
2647 753 613 519 612 
2648 587 516 497 586 
2649 480 462 718 607 
2650 559 157 239 552 
2651 315 581 541 202 
2652 201 316 581 541 
2653 721 802 893 896 
2654 502 86 761 504 
2655 509 882 880 729 
2656 406 440 707 712 
2657 558 237 658 562 
2658 605 99 661 716 
2659 360 333 785 895 
2660 559 238 158 552 
2661 607 461 718 479 
2662 580 314 540 203 
2663 90 573 377 507 
2664 71 514 583 499 
2665 611 756 524 610 
2666 544 601 600 218 
2667 141 524 525 754 
2668 713 405 710 712 
2669 183 681 714 444 
2670 760 576 508 577 
2671 58 9 777 884 
2672 63 17 811 887 
2673 64 829 15 888 
2674 791 45 14 886 
2675 54 32 845 885 
2676 600 743 546 740 
2677 664 692 102 720 
2678 720 102 664 693 
2679 553 565 654 260 
2680 260 553 565 655 
2681 418 666 739 582 
2682 739 418 582 667 
2683 409 804 410 893 
2684 239 565 553 560 
2685 608 462 664 720 
2686 521 342 524 610 
2687 600 219 597 548 
2688 535 199 198 210 
2689 653 652 173 474 
2690 131 544 601 744 
2691 525 754 613 365 
2692 512 585 498 517 
2693 875 879 6 509 
2694 292 761 86 575 
2695 289 22 631 220 
2696 710 181 682 442 
2697 510 573 378 576 
2698 18 284 630 214 
2699 758 746 783 884 
2700 684 678 848 885 
2701 793 496 566 886 
2702 752 641 815 887 
2703 498 77 512 517 
2704 715 681 182 443 
2705 715 182 680 443 
2706 824 324 535 883 
2707 579 736 537 201 
2708 525 613 341 519 
2709 865 567 518 859 
2710 809 820 233 614 
2711 552 157 239 553 
2712 480 718 462 720 
2713 203 580 314 582 
2714 315 581 202 582 
2715 704 708 404 715 
2716 324 824 42 883 
2717 484 729 98 745 
2718 340 644 522 339 
2719 597 495 740 548 
2720 526 843 853 400 
2721 745 98 484 382 
2722 515 268 587 269 
2723 475 474 653 534 
2724 786 333 765 785 
2725 173 172 652 713 
2726 157 239 553 560 
2727 480 462 608 720 
2728 634 630 633 284 
2729 341 613 525 611 
2730 244 193 243 894 
2731 88 510 508 760 
2732 67 517 584 513 
2733 824 823 822 883 
2734 743 493 601 744 
2735 597 494 600 740 
2736 584 517 270 513 
2737 683 183 709 444 
2738 93 92 91 884 
2739 460 605 478 453 
2740 251 279 567 266 
2741 137 138 127 887 
2742 120 121 122 888 
2743 470 429 471 885 
2744 116 117 256 886 
2745 713 181 682 710 
2746 711 706 184 709 
2747 293 760 508 577 
2748 505 504 381 574 
2749 695 104 663 660 
2750 420 735 738 668 
2751 258 562 563 656 
2752 545 741 129 742 
2753 561 564 657 262 
2754 755 612 609 367 
2755 499 583 71 586 
2756 740 743 546 133 
2757 99 605 453 716 
2758 238 549 158 552 
2759 551 241 550 155 
2760 461 716 718 479 
2761 464 482 719 717 
2762 204 578 313 580 
2763 316 581 579 201 
2764 615 827 838 229 
2765 600 219 548 133 
2766 30 424 446 893 
2767 605 478 453 716 
2768 502 761 293 577 
2769 379 751 502 380 
2770 761 575 502 504 
2771 705 681 708 443 
2772 875 98 465 729 
2773 865 567 48 266 
2774 857 518 567 859 
2775 502 575 761 577 
2776 527 801 799 408 
2777 640 338 41 833 
2778 595 601 493 744 
2779 377 90 507 884 
2780 598 741 129 545 
2781 522 755 609 367 
2782 273 869 858 764 
2783 600 132 544 218 
2784 524 141 364 754 
2785 706 711 402 709 
2786 380 502 379 577 
2787 139 140 610 521 
2788 184 185 706 711 
2789 219 600 546 133 
2790 875 465 57 729 
2791 499 511 514 586 
2792 428 427 726 688 
2793 848 842 684 885 
2794 793 566 789 886 
2795 808 815 641 887 
2796 826 640 833 888 
2797 552 239 563 553 
2798 720 663 463 719 
2799 551 553 564 240 
2800 662 462 718 720 
2801 581 202 582 737 
2802 203 738 580 582 
2803 366 753 143 612 
2804 130 543 216 742 
2805 775 783 746 884 
2806 881 509 745 759 
2807 503 510 507 378 
2808 523 124 123 644 
2809 441 712 710 707 
2810 737 736 416 669 
2811 694 100 661 662 
2812 756 611 363 610 
2813 762 575 574 291 
2814 500 585 67 584 
2815 180 713 682 712 
2816 573 295 576 763 
2817 683 184 711 714 
2818 502 508 379 577 
2819 714 681 705 444 
2820 181 704 680 442 
2821 441 440 712 707 
2822 516 511 497 586 
2823 67 66 513 584 
2824 762 292 86 504 
2825 293 87 761 502 
2826 609 338 523 757 
2827 657 161 550 262 
2828 549 258 165 656 
2829 458 104 695 717 
2830 306 578 420 668 
2831 853 195 847 891 
2832 483 459 696 465 
2833 659 154 242 160 
2834 166 658 159 237 
2835 312 305 670 205 
2836 745 509 98 382 
2837 404 713 704 715 
2838 379 751 95 502 
2839 498 585 77 517 
2840 509 98 729 745 
2841 300 299 630 831 
2842 289 288 597 635 
2843 707 440 406 885 
2844 543 595 598 742 
2845 753 519 522 612 
2846 551 241 564 550 
2847 238 563 549 552 
2848 719 663 464 717 
2849 461 718 716 662 
2850 738 578 204 580 
2851 201 581 579 737 
2852 460 99 661 605 
2853 324 42 665 883 
2854 789 566 794 886 
2855 684 842 849 885 
2856 641 816 808 887 
2857 834 640 826 888 
2858 775 746 779 884 
2859 864 698 567 857 
2860 573 90 89 507 
2861 543 131 595 744 
2862 753 519 613 365 
2863 255 570 512 270 
2864 689 402 705 425 
2865 267 583 514 586 
2866 239 563 559 552 
2867 607 462 718 662 
2868 204 540 738 580 
2869 522 124 644 340 
2870 581 541 202 737 
2871 341 520 525 519 
2872 878 871 880 509 
2873 581 201 541 737 
2874 490 741 547 599 
2875 441 712 180 710 
2876 342 520 645 126 
2877 288 287 596 637 
2878 271 584 270 513 
2879 343 342 521 610 
2880 87 508 502 577 
2881 564 557 551 240 
2882 663 606 463 719 
2883 316 579 537 201 
2884 148 833 338 888 
2885 563 238 559 552 
2886 607 718 461 662 
2887 77 68 585 498 
2888 575 381 504 574 
2889 232 814 614 883 
2890 869 356 863 889 
2891 508 87 293 577 
2892 170 801 800 890 
2893 832 838 227 892 
2894 747 507 94 730 
2895 606 464 482 719 
2896 241 551 557 155 
2897 598 741 545 742 
2898 612 522 755 609 
2899 406 707 405 712 
2900 540 738 580 203 
2901 465 57 6 875 
2902 6 98 465 875 
2903 847 195 194 891 
2904 706 711 401 402 
2905 292 762 575 504 
2906 11 289 632 296 
2907 185 706 711 401 
2908 289 302 301 631 
2909 605 460 99 453 
2910 583 514 71 501 
2911 507 573 377 378 
2912 294 576 508 760 
2913 428 687 724 707 
2914 254 572 515 269 
2915 866 518 867 855 
2916 298 284 297 630 
2917 701 254 255 570 
2918 425 402 705 709 
2919 129 547 741 598 
2920 367 609 522 757 
2921 508 87 760 293 
2922 380 96 506 750 
2923 537 415 736 579 
2924 585 512 587 269 
2925 353 767 623 895 
2926 518 866 867 859 
2927 95 508 379 502 
2928 571 702 253 252 
2929 270 512 255 517 
2930 685 805 804 721 
2931 683 183 714 709 
2932 271 66 584 513 
2933 649 401 711 402 
2934 510 576 294 763 
2935 251 699 569 252 
2936 627 583 266 267 
2937 339 338 609 592 
2938 108 776 8 884 
2939 226 617 588 883 
2940 511 267 571 252 
2941 378 503 510 576 
2942 518 251 567 266 
2943 844 187 28 885 
2944 146 810 19 887 
2945 4 118 790 886 
2946 356 357 863 889 
2947 521 524 342 126 
2948 170 800 169 890 
2949 84 574 85 505 
2950 832 227 228 892 
2951 93 507 90 884 
2952 687 428 405 707 
2953 525 520 341 611 
2954 633 634 284 382 
2955 253 511 571 252 
2956 515 587 516 269 
2957 140 610 521 524 
2958 96 95 751 502 
2959 93 507 747 730 
2960 514 71 74 499 
2961 268 511 571 253 
2962 99 100 661 716 
2963 416 736 415 579 
2964 704 181 710 442 
2965 429 724 687 707 
2966 575 86 292 504 
2967 402 705 403 689 
2968 572 254 570 269 
2969 690 689 403 426 
2970 749 94 747 378 
2971 97 381 750 748 
2972 380 751 96 750 
2973 427 688 404 690 
2974 524 520 342 126 
2975 94 507 747 378 
2976 704 680 442 443 
2977 500 68 585 517 
2978 659 550 161 262 
2979 165 658 258 549 
2980 458 696 104 717 
2981 420 578 306 670 
2982 515 268 572 253 
2983 623 326 353 271 
2984 647 171 406 472 
2985 588 369 226 343 
2986 426 725 689 425 
2987 874 878 880 509 
2988 276 572 254 570 
2989 485 97 750 748 
2990 94 747 488 749 
2991 750 751 96 486 
2992 688 427 449 690 
2993 689 690 450 426 
2994 123 644 393 643 
2995 880 509 729 745 
2996 509 98 875 729 
2997 728 778 779 884 
2998 812 816 672 887 
2999 834 830 671 888 
3000 794 697 792 886 
3001 846 722 849 885 
3002 572 268 571 253 
3003 689 705 426 425 
3004 340 341 613 519 
3005 748 484 98 382 
3006 407 648 29 189 
3007 514 75 499 74 
3008 511 268 515 253 
3009 361 360 785 895 
3010 687 428 688 405 
3011 696 717 459 483 
3012 659 550 154 160 
3013 312 305 578 670 
3014 166 658 549 159 
3015 331 348 266 624 
3016 401 648 477 176 
3017 338 374 221 589 
3018 277 572 571 253 
3019 424 401 706 893 
3020 628 587 268 269 
3021 613 593 341 340 
3022 483 602 459 465 
3023 154 554 242 160 
3024 312 536 305 205 
3025 460 478 603 691 
3026 340 646 341 519 
3027 211 210 325 896 
3028 507 93 94 730 
3029 448 687 428 688 
3030 591 225 370 342 
3031 502 751 96 380 
3032 237 159 166 555 
3033 513 271 79 886 
3034 139 521 343 887 
3035 328 351 625 269 
3036 85 574 504 505 
3037 596 743 493 601 
3038 342 611 524 610 
3039 224 371 341 591 
3040 520 341 646 519 
3041 279 251 569 266 
3042 543 595 216 598 
3043 522 143 519 753 
3044 94 749 503 378 
3045 593 372 223 340 
3046 329 268 350 628 
3047 506 97 381 750 
3048 327 270 352 626 
3049 517 270 585 584 
3050 555 166 257 192 
3051 714 402 711 709 
3052 373 594 339 222 
3053 267 349 330 629 
3054 593 224 371 341 
3055 351 328 628 269 
3056 543 131 217 595 
3057 142 519 753 365 
3058 570 254 255 512 
3059 698 237 279 894 
3060 327 352 270 625 
3061 651 402 476 175 
3062 11 109 758 632 
3063 475 174 403 651 
3064 868 866 518 894 
3065 575 381 506 504 
3066 225 370 342 590 
3067 172 405 650 473 
3068 255 270 517 513 
3069 285 284 599 634 
3070 372 223 340 594 
3071 350 268 329 629 
3072 69 516 587 498 
3073 10 691 107 895 
3074 339 373 222 592 
3075 349 330 627 267 
3076 85 574 291 504 
3077 602 459 105 111 
3078 421 320 536 305 
3079 263 554 167 160 
3080 494 597 495 740 
3081 626 353 326 271 
3082 270 626 584 271 
3083 402 649 476 175 
3084 724 429 428 707 
3085 362 140 363 610 
3086 290 85 574 291 
3087 573 89 296 295 
3088 179 441 712 180 
3089 613 340 519 612 
3090 143 142 519 753 
3091 595 217 543 216 
3092 369 226 343 590 
3093 650 406 171 472 
3094 185 706 401 446 
3095 595 131 601 744 
3096 519 525 613 365 
3097 255 270 513 568 
3098 573 90 377 296 
3099 406 179 440 712 
3100 820 614 814 883 
3101 268 587 516 515 
3102 506 381 575 380 
3103 145 338 523 888 
3104 642 521 342 126 
3105 747 730 489 884 
3106 403 715 708 705 
3107 643 394 674 888 
3108 389 642 673 887 
3109 687 447 724 885 
3110 700 274 568 886 
3111 382 505 381 574 
3112 270 570 512 269 
3113 221 374 338 592 
3114 627 348 266 331 
3115 649 401 477 176 
3116 583 266 514 501 
3117 287 286 595 638 
3118 587 497 69 586 
3119 182 680 713 715 
3120 692 102 662 664 
3121 613 753 365 612 
3122 131 543 742 744 
3123 575 293 761 577 
3124 182 681 715 714 
3125 654 565 563 260 
3126 666 738 418 739 
3127 739 418 667 737 
3128 743 544 131 744 
3129 576 760 293 577 
3130 585 69 587 498 
3131 611 613 754 365 
3132 565 260 655 564 
3133 663 664 102 693 
3134 507 94 503 378 
3135 415 537 311 579 
3136 145 523 338 757 
3137 520 341 611 342 
3138 520 341 342 645 
3139 267 268 511 571 
3140 445 185 446 706 
3141 88 510 294 763 
3142 576 379 508 577 
3143 520 646 125 519 
3144 692 718 455 456 
3145 308 580 307 666 
3146 308 309 581 667 
3147 456 719 457 693 
3148 551 655 163 162 
3149 164 552 654 163 
3150 210 35 325 535 
3151 705 403 715 714 
3152 181 704 713 680 
3153 512 516 587 269 
3154 59 377 758 632 
3155 721 685 452 893 
3156 494 743 600 740 
3157 707 429 440 885 
3158 77 68 500 517 
3159 686 401 424 893 
3160 686 401 706 424 
3161 183 714 709 444 
3162 497 69 516 587 
3163 689 705 403 426 
3164 79 66 271 513 
3165 78 66 79 513 
3166 522 124 340 519 
3167 514 74 71 501 
3168 502 293 87 577 
3169 497 511 70 586 
3170 692 718 456 720 
3171 456 720 719 693 
3172 666 308 580 582 
3173 308 581 582 667 
3174 163 553 655 551 
3175 552 654 163 553 
3176 131 543 130 742 
3177 563 259 654 260 
3178 692 102 101 662 
3179 713 181 680 182 
3180 497 70 69 586 
3181 292 293 761 575 
3182 743 544 132 131 
3183 737 418 667 417 
3184 261 655 260 564 
3185 366 365 753 612 
3186 611 754 364 365 
3187 585 68 69 498 
3188 419 738 418 666 
3189 760 294 576 293 
3190 681 182 183 714 
3191 102 103 663 693 
3192 721 806 802 896 
3193 503 508 510 576 
3194 576 508 510 294 
3195 598 216 543 742 
3196 522 143 753 612 
3197 499 70 511 586 
3198 105 696 459 465 
3199 659 242 263 160 
3200 166 658 237 257 
3201 670 305 421 205 
3202 492 742 595 744 
3203 379 503 378 576 
3204 460 478 691 453 
3205 409 410 191 893 
3206 676 645 520 126 
3207 708 404 715 403 
3208 428 427 688 704 
3209 700 568 513 256 
3210 673 642 521 127 
3211 602 105 459 465 
3212 554 263 242 160 
3213 305 536 421 205 
3214 503 379 508 576 
3215 267 514 511 586 
3216 571 267 569 252 
3217 270 255 570 568 
3218 257 193 555 192 
3219 538 665 200 311 
3220 95 96 751 734 
3221 512 254 515 269 
3222 707 405 687 406 
3223 680 704 708 443 
3224 642 342 645 126 
3225 686 424 452 893 
3226 690 403 708 426 
3227 748 97 381 505 
3228 747 507 377 378 
3229 257 237 166 555 
3230 76 511 497 516 
3231 506 381 97 505 
3232 377 758 90 884 
3233 278 571 569 252 
3234 255 275 570 568 
3235 79 271 496 886 
3236 678 406 440 885 
3237 343 752 139 887 
3238 425 706 402 709 
3239 464 606 663 719 
3240 241 557 551 564 
3241 645 390 642 126 
3242 650 406 405 712 
3243 610 343 342 590 
3244 478 603 691 895 
3245 430 490 741 547 
3246 105 110 602 111 
3247 321 320 536 421 
3248 168 554 167 263 
3249 802 806 721 206 
3250 568 513 255 700 
3251 93 730 747 884 
3252 687 724 429 885 
3253 700 568 256 886 
3254 122 643 674 888 
3255 642 127 673 887 
3256 113 518 868 855 
3257 122 145 523 888 
3258 521 642 673 126 
3259 512 585 270 269 
3260 523 522 644 339 
3261 405 172 652 473 
3262 164 552 259 654 
3263 261 655 551 162 
3264 718 101 692 455 
3265 457 719 103 693 
3266 419 307 580 666 
3267 309 581 667 417 
3268 804 685 721 893 
3269 493 596 601 595 
3270 339 522 340 612 
3271 492 595 493 744 
3272 131 601 544 217 
3273 754 525 142 365 
3274 598 547 741 599 
3275 609 523 522 757 
3276 646 645 341 125 
3277 875 6 98 509 
3278 495 435 740 548 
3279 828 833 148 888 
3280 749 379 503 378 
3281 405 428 688 704 
3282 311 537 317 579 
3283 283 51 623 333 
3284 721 452 424 893 
3285 445 185 706 184 
3286 108 8 758 884 
3287 718 694 101 455 
3288 309 581 417 669 
3289 678 28 187 885 
3290 4 496 118 886 
3291 752 146 19 887 
3292 513 270 271 568 
3293 343 521 342 642 
3294 645 646 391 125 
3295 746 377 489 884 
3296 648 407 188 189 
3297 148 338 145 888 
3298 447 406 684 885 
3299 274 566 271 886 
3300 640 394 338 888 
3301 389 641 343 887 
3302 749 732 94 503 
3303 505 748 98 382 
3304 651 403 402 714 
3305 514 569 251 266 
3306 78 66 513 67 
3307 723 686 706 424 
3308 750 96 506 733 
3309 251 279 237 894 
3310 270 585 512 517 
3311 404 688 427 704 
3312 686 706 402 425 
3313 268 515 572 269 
3314 403 705 402 714 
3315 148 41 338 833 
3316 405 704 710 707 
3317 123 124 675 644 
3318 525 141 754 142 
3319 218 544 601 217 
3320 508 95 379 503 
3321 114 865 48 266 
3322 217 131 601 595 
3323 519 142 525 365 
3324 174 403 653 475 
3325 611 524 520 342 
3326 686 402 689 425 
3327 311 665 42 883 
3328 380 285 636 381 
3329 586 268 267 629 
3330 612 340 339 594 
3331 377 288 635 378 
3332 512 570 254 269 
3333 454 100 716 694 
3334 579 310 416 669 
3335 686 452 401 893 
3336 519 340 522 612 
3337 512 516 77 498 
3338 713 405 704 710 
3339 380 506 381 750 
3340 523 339 338 609 
3341 686 689 451 425 
3342 494 743 493 596 
3343 179 441 440 712 
3344 362 140 610 139 
3345 85 290 574 84 
3346 573 90 296 89 
3347 254 515 572 703 
3348 654 163 553 260 
3349 163 553 260 655 
3350 456 102 692 720 
3351 720 456 102 693 
3352 666 418 308 582 
3353 582 418 308 667 
3354 402 401 706 686 
3355 718 692 101 662 
3356 259 552 563 654 
3357 655 261 551 564 
3358 719 663 103 693 
3359 738 419 580 666 
3360 737 667 581 417 
3361 705 402 714 709 
3362 401 452 685 893 
3363 856 868 13 894 
3364 524 364 756 611 
3365 695 719 458 717 
3366 552 549 165 656 
3367 551 657 161 550 
3368 306 578 668 580 
3369 709 714 705 444 
3370 535 209 824 883 
3371 101 694 718 662 
3372 581 737 417 669 
3373 415 310 579 311 
3374 99 454 716 453 
3375 747 489 377 884 
3376 643 338 394 888 
3377 343 642 389 887 
3378 687 406 447 885 
3379 271 568 274 886 
3380 87 86 761 502 
3381 443 705 681 444 
3382 379 95 749 503 
3383 546 132 600 218 
3384 781 91 773 884 
3385 415 310 416 579 
3386 454 99 716 100 
3387 795 117 787 886 
3388 850 840 471 885 
3389 825 120 836 888 
3390 817 138 807 887 
3391 685 804 409 893 
3392 364 141 524 756 
3393 514 251 569 252 
3394 703 572 254 276 
3395 254 701 276 570 
3396 486 96 750 733 
3397 731 97 485 748 
3398 488 732 94 749 
3399 94 747 730 488 
3400 486 751 96 734 
3401 485 750 97 733 
3402 427 727 449 690 
3403 725 689 450 426 
3404 450 690 727 426 
3405 427 449 726 688 
3406 643 393 123 674 
3407 644 675 123 393 
3408 147 752 20 588 
3409 186 27 678 647 
3410 623 119 1 496 
3411 625 270 585 269 
3412 181 713 704 710 
3413 504 85 762 291 
3414 404 708 427 690 
3415 495 220 639 631 
3416 704 405 428 707 
3417 489 460 728 884 
3418 672 389 435 887 
3419 274 242 697 886 
3420 722 205 447 885 
3421 702 277 571 253 
3422 277 572 253 703 
3423 514 266 583 267 
3424 601 596 743 600 
3425 520 525 524 611 
3426 200 537 415 736 
3427 415 537 200 311 
3428 517 67 78 513 
3429 381 506 504 505 
3430 547 214 490 599 
3431 382 60 759 633 
3432 748 731 97 505 
3433 428 724 687 448 
3434 726 448 428 688 
3435 215 547 129 598 
3436 367 522 144 757 
3437 709 706 184 445 
3438 523 124 644 522 
3439 484 98 731 748 
3440 75 70 511 499 
3441 676 520 645 125 
3442 98 731 748 505 
3443 67 78 500 517 
3444 713 652 404 405 
3445 512 515 516 269 
3446 259 552 164 656 
3447 551 657 261 162 
3448 103 719 457 695 
3449 668 419 307 580 
3450 575 506 502 504 
3451 70 75 511 497 
3452 741 490 491 599 
3453 591 611 341 342 
3454 685 409 679 893 
3455 409 191 679 893 
3456 288 379 637 378 
3457 706 686 723 425 
3458 597 495 548 220 
3459 575 502 380 577 
3460 266 72 73 501 
3461 757 338 145 368 
3462 750 506 97 733 
3463 598 129 215 545 
3464 755 522 144 367 
3465 430 394 671 888 
3466 251 699 279 569 
3467 690 708 727 426 
3468 505 98 509 382 
3469 341 520 646 125 
3470 289 288 635 377 
3471 267 514 569 252 
3472 10 453 691 895 
3473 743 546 132 600 
3474 75 514 499 511 
3475 190 29 648 189 
3476 130 598 216 545 
3477 522 143 366 755 
3478 253 572 515 703 
3479 184 683 709 445 
3480 612 339 522 609 
3481 595 598 742 492 
3482 516 76 77 498 
3483 68 77 585 517 
3484 401 446 706 893 
3485 751 95 749 379 
3486 124 125 646 519 
3487 148 145 338 368 
3488 114 72 73 266 
3489 494 743 596 600 
3490 267 511 514 252 
3491 96 506 502 380 
3492 502 506 575 380 
3493 508 87 88 760 
3494 780 8 776 884 
3495 136 214 490 128 
3496 749 487 95 751 
3497 103 663 719 695 
3498 259 563 552 656 
3499 261 657 551 564 
3500 419 668 738 580 
3501 851 844 28 885 
3502 4 790 796 886 
3503 835 828 16 888 
3504 810 818 19 887 
3505 516 511 268 515 
3506 128 214 490 547 
3507 511 268 267 586 
3508 492 432 742 744 
3509 493 743 433 744 
3510 124 646 125 677 
3511 545 130 598 742 
3512 755 366 522 612 
3513 422 424 423 893 
3514 679 446 401 893 
3515 287 380 638 379 
3516 597 495 220 639 
3517 105 696 465 660 
3518 735 670 421 205 
3519 242 263 561 659 
3520 562 237 658 257 
3521 548 435 740 134 
3522 126 520 676 125 
3523 93 91 9 884 
3524 700 513 255 256 
3525 17 127 138 887 
3526 54 471 429 885 
3527 122 15 120 888 
3528 14 256 117 886 
3529 746 758 377 884 
3530 126 673 521 127 
3531 678 684 406 885 
3532 271 566 496 886 
3533 752 343 641 887 
3534 729 98 465 484 
3535 848 684 65 678 
3536 793 496 49 566 
3537 641 43 752 815 
3538 59 758 746 783 
3539 745 60 881 759 
3540 688 404 405 704 
3541 742 598 741 491 
3542 727 427 708 690 
3543 452 686 723 424 
3544 278 569 699 252 
3545 571 278 702 252 
3546 255 275 568 700 
3547 275 701 255 570 
3548 390 673 642 126 
3549 390 645 676 126 
3550 266 514 569 267 
3551 340 124 646 519 
3552 644 124 646 340 
3553 294 576 295 763 
3554 683 183 184 714 
3555 417 737 416 669 
3556 585 67 68 500 
3557 364 756 611 363 
3558 101 100 694 662 
3559 575 762 292 291 
3560 682 181 713 180 
3561 73 514 266 501 
3562 151 134 495 220 
3563 505 381 748 382 
3564 668 738 420 419 
3565 663 103 104 695 
3566 612 755 366 367 
3567 132 546 743 133 
3568 499 71 70 586 
3569 261 657 564 262 
3570 129 130 545 742 
3571 258 563 259 656 
3572 284 7 633 290 
3573 741 128 430 547 
3574 644 646 124 392 
3575 759 509 745 382 
3576 135 136 490 128 
3577 491 742 598 492 
3578 134 548 495 220 
3579 266 114 72 115 
3580 149 148 338 368 
3581 555 166 192 891 
3582 739 542 203 202 
3583 708 404 403 690 
3584 879 871 81 509 
3585 708 403 705 426 
3586 731 98 97 505 
3587 139 127 521 887 
3588 513 79 256 886 
3589 7 83 633 759 
3590 465 604 464 660 
3591 539 205 735 204 
3592 556 241 561 242 
3593 303 304 631 813 
3594 95 732 749 503 
3595 661 460 605 461 
3596 562 558 237 238 
3597 589 149 338 368 
3598 624 266 72 115 
3599 220 289 639 631 
3600 646 391 125 677 
3601 676 645 391 125 
3602 514 518 266 251 
3603 520 341 645 125 
3604 320 536 305 892 
3605 167 160 554 890 
3606 459 111 602 889 
3607 489 728 746 884 
3608 491 598 636 492 
3609 159 166 555 891 
3610 671 394 640 888 
3611 566 274 697 886 
3612 389 672 641 887 
3613 722 447 684 885 
3614 312 305 536 892 
3615 154 554 160 890 
3616 483 459 602 889 
3617 721 893 424 896 
3618 523 145 144 757 
3619 547 215 214 599 
3620 694 716 454 718 
3621 310 579 581 669 
3622 72 266 583 501 
3623 757 609 338 368 
3624 691 99 460 453 
3625 200 665 415 311 
3626 863 858 869 764 
3627 511 76 497 75 
3628 505 509 84 382 
3629 598 595 636 492 
3630 242 477 554 154 
3631 536 312 221 205 
3632 483 348 602 465 
3633 723 686 451 425 
3634 689 725 451 425 
3635 682 710 441 180 
3636 526 843 847 853 
3637 527 801 800 799 
3638 150 134 495 151 
3639 220 495 151 631 
3640 314 223 540 203 
3641 630 214 490 136 
3642 219 597 548 220 
3643 464 482 604 349 
3644 313 222 539 204 
3645 759 84 509 382 
3646 379 288 637 287 
3647 859 518 865 114 
3648 313 222 204 540 
3649 430 491 741 490 
3650 556 241 476 155 
3651 542 315 224 202 
3652 159 237 472 555 
3653 603 478 460 353 
3654 42 824 822 883 
3655 223 314 542 203 
3656 473 238 158 559 
3657 352 461 607 479 
3658 827 832 615 838 
3659 820 809 814 614 
3660 200 721 452 424 
3661 225 316 201 541 
3662 541 224 315 202 
3663 474 157 239 559 
3664 607 480 462 351 
3665 719 457 695 458 
3666 165 164 552 656 
3667 307 306 668 580 
3668 162 551 657 161 
3669 494 434 743 740 
3670 491 741 742 431 
3671 311 538 665 883 
3672 433 432 492 744 
3673 493 433 492 744 
3674 685 29 679 409 
3675 490 430 128 547 
3676 708 427 727 426 
3677 495 434 740 435 
3678 158 558 238 473 
3679 461 352 605 479 
3680 348 483 604 465 
3681 205 312 221 539 
3682 595 493 638 492 
3683 556 477 242 154 
3684 514 518 73 266 
3685 339 523 522 609 
3686 404 427 708 704 
3687 159 158 558 549 
3688 478 479 716 605 
3689 96 97 506 733 
3690 495 435 548 134 
3691 312 313 539 578 
3692 482 483 717 604 
3693 143 522 366 612 
3694 216 598 130 742 
3695 73 518 114 266 
3696 472 237 159 558 
3697 478 605 460 353 
3698 596 600 288 637 
3699 596 493 494 637 
3700 377 288 378 573 
3701 424 706 723 425 
3702 600 596 494 637 
3703 491 430 741 431 
3704 434 495 740 494 
3705 29 401 679 648 
3706 478 691 453 895 
3707 685 411 29 409 
3708 287 595 596 638 
3709 30 679 191 893 
3710 404 713 405 704 
3711 155 154 556 550 
3712 636 286 595 598 
3713 42 614 617 883 
3714 8 90 758 884 
3715 440 28 678 885 
3716 496 4 79 886 
3717 752 19 139 887 
3718 289 597 220 639 
3719 43 343 752 588 
3720 271 49 623 496 
3721 406 65 678 647 
3722 25 192 166 891 
3723 535 538 209 883 
3724 491 598 741 599 
3725 495 597 494 635 
3726 738 540 204 203 
3727 831 630 300 136 
3728 614 588 20 617 
3729 314 315 542 582 
3730 202 541 201 737 
3731 58 93 9 884 
3732 63 127 17 887 
3733 54 429 32 885 
3734 45 256 14 886 
3735 239 563 238 559 
3736 607 461 462 662 
3737 684 414 39 849 
3738 794 47 566 280 
3739 347 641 56 816 
3740 55 640 345 834 
3741 745 62 877 388 
3742 61 384 746 779 
3743 320 305 40 892 
3744 23 160 167 890 
3745 12 111 459 889 
3746 211 38 802 896 
3747 236 31 555 891 
3748 358 603 51 895 
3749 380 287 577 379 
3750 58 460 93 884 
3751 435 127 63 887 
3752 429 205 32 885 
3753 45 242 256 886 
3754 110 105 602 465 
3755 536 321 421 205 
3756 263 168 554 242 
3757 45 791 249 697 
3758 722 32 845 212 
3759 466 728 58 777 
3760 468 875 57 729 
3761 398 829 64 671 
3762 396 63 811 672 
3763 490 430 135 128 
3764 537 538 317 226 
3765 728 779 746 884 
3766 751 487 95 734 
3767 487 95 732 749 
3768 566 697 794 886 
3769 849 722 684 885 
3770 641 672 816 887 
3771 834 671 640 888 
3772 380 285 286 636 
3773 746 383 59 783 
3774 387 60 881 745 
3775 281 793 49 566 
3776 413 684 65 848 
3777 640 41 344 833 
3778 346 43 641 815 
3779 608 664 462 463 
3780 565 239 240 560 
3781 409 685 411 804 
3782 685 36 412 805 
3783 207 805 36 721 
3784 877 62 729 469 
3785 728 467 61 779 
3786 697 47 794 250 
3787 39 849 213 722 
3788 672 56 816 395 
3789 671 834 55 397 
3790 46 246 698 864 
3791 254 253 515 703 
3792 495 435 134 150 
3793 597 495 639 635 
3794 773 92 780 884 
3795 796 787 116 886 
3796 470 840 851 885 
3797 807 137 818 887 
3798 825 835 121 888 
3799 264 567 48 865 
3800 567 265 46 864 
3801 490 52 135 437 
3802 110 57 6 465 
3803 285 380 575 381 
3804 289 288 377 573 
3805 460 661 94 461 
3806 464 97 465 660 
3807 465 97 98 660 
3808 557 476 241 155 
3809 482 464 606 349 
3810 732 95 94 503 
3811 567 46 698 864 
3812 317 538 311 883 
3813 440 678 179 406 
3814 679 185 401 446 
3815 758 377 90 296 
3816 759 290 84 382 
3817 271 66 79 496 
3818 362 752 139 343 
3819 338 339 523 643 
3820 565 239 254 240 
3821 202 203 739 426 
3822 203 427 739 426 
3823 433 494 743 493 
3824 432 742 431 492 
3825 239 157 474 560 
3826 608 462 480 351 
3827 509 82 5 759 
3828 53 495 150 439 
3829 677 124 646 392 
3830 644 124 675 392 
3831 253 565 239 254 
3832 701 703 254 276 
3833 732 94 730 488 
3834 734 96 486 733 
3835 97 485 733 731 
3836 725 450 727 426 
3837 449 727 427 726 
3838 393 675 123 674 
3839 149 338 41 589 
3840 624 48 266 115 
3841 239 254 240 703 
3842 202 201 725 426 
3843 202 727 203 426 
3844 733 96 464 463 
3845 733 96 97 464 
3846 427 203 727 426 
3847 643 523 122 674 
3848 702 277 253 703 
3849 805 685 36 721 
3850 424 706 446 893 
3851 448 428 724 726 
3852 596 493 638 595 
3853 702 239 253 238 
3854 239 253 254 703 
3855 61 746 489 728 
3856 62 729 484 745 
3857 671 55 640 394 
3858 46 698 279 567 
3859 672 641 56 389 
3860 685 452 36 721 
3861 47 566 274 697 
3862 39 447 684 722 
3863 358 774 107 895 
3864 428 427 203 726 
3865 203 204 428 726 
3866 382 60 745 759 
3867 43 343 641 752 
3868 59 377 746 758 
3869 406 65 684 678 
3870 271 49 496 566 
3871 29 401 685 679 
3872 685 679 401 893 
3873 44 861 243 894 
3874 460 94 730 461 
3875 97 464 465 731 
3876 465 98 97 731 
3877 57 110 602 465 
3878 321 536 32 205 
3879 45 554 168 242 
3880 168 14 45 256 
3881 63 17 127 150 
3882 321 32 54 429 
3883 731 465 98 484 
3884 433 494 434 743 
3885 742 491 431 492 
3886 509 5 84 759 
3887 791 792 249 697 
3888 468 876 875 729 
3889 830 829 398 671 
3890 728 466 778 777 
3891 811 812 396 672 
3892 845 846 722 212 
3893 30 446 679 893 
3894 127 435 63 150 
3895 429 321 32 205 
3896 256 45 168 242 
3897 218 600 546 219 
3898 38 415 424 896 
3899 721 424 200 896 
3900 718 454 694 455 
3901 581 309 310 669 
3902 136 490 52 135 
3903 429 735 204 428 
3904 699 237 251 279 
3905 123 741 430 431 
3906 564 241 557 240 
3907 663 606 464 463 
3908 191 679 29 409 
3909 661 94 93 460 
3910 429 735 205 204 
3911 464 97 733 731 
3912 461 94 730 732 
3913 733 734 96 463 
3914 254 240 703 701 
3915 202 725 727 426 
3916 727 203 427 726 
3917 215 547 598 599 
3918 523 144 522 757 
3919 234 147 20 588 
3920 282 119 1 623 
3921 186 399 27 647 
3922 10 107 774 895 
3923 287 380 286 638 
3924 200 537 736 201 
3925 379 288 576 378 
3926 253 239 702 703 
3927 623 333 51 895 
3928 721 803 802 206 
3929 315 316 541 581 
3930 428 204 724 726 
3931 158 157 559 552 
3932 479 480 718 607 
3933 715 403 174 714 
3934 713 404 173 715 
3935 329 268 587 586 
3936 328 585 587 269 
3937 341 371 613 611 
3938 613 372 340 612 
3939 252 562 237 238 
3940 561 241 255 242 
3941 430 122 741 123 
3942 313 314 540 580 
3943 665 415 38 896 
3944 632 758 11 296 
3945 495 53 150 151 
3946 589 21 149 368 
3947 624 72 2 115 
3948 204 724 429 428 
3949 430 123 431 674 
3950 702 278 699 252 
3951 251 562 237 252 
3952 255 701 275 700 
3953 730 93 94 460 
3954 205 724 429 204 
3955 673 390 676 126 
3956 123 523 643 674 
3957 240 254 255 701 
3958 240 255 241 701 
3959 200 452 723 424 
3960 675 431 123 674 
3961 305 306 578 670 
3962 717 458 696 459 
3963 161 550 659 160 
3964 166 658 165 549 
3965 325 35 324 665 
3966 145 16 148 888 
3967 870 194 195 891 
3968 252 702 253 238 
3969 464 96 663 463 
3970 663 97 96 464 
3971 426 202 201 737 
3972 537 225 316 201 
3973 557 156 560 475 
3974 606 350 608 481 
3975 14 168 263 256 
3976 421 321 54 429 
3977 134 127 17 150 
3978 128 135 15 122 
3979 237 699 252 238 
3980 700 255 241 242 
3981 244 856 13 894 
3982 480 481 720 608 
3983 157 156 560 553 
3984 391 676 125 677 
3985 824 209 823 883 
3986 430 122 123 674 
3987 253 239 563 238 
3988 126 434 435 740 
3989 316 317 537 579 
3990 736 200 201 425 
3991 304 813 151 631 
3992 148 338 41 149 
3993 266 48 114 115 
3994 526 177 843 400 
3995 738 428 427 203 
3996 428 738 204 203 
3997 758 59 108 783 
3998 60 82 881 759 
3999 435 127 134 150 
4000 429 421 321 205 
4001 168 263 256 242 
4002 65 848 678 187 
4003 43 146 752 815 
4004 118 496 49 793 
4005 281 789 793 566 
4006 826 640 344 833 
4007 815 641 346 808 
4008 684 413 842 848 
4009 35 325 535 665 
4010 663 96 664 463 
4011 254 564 565 240 
4012 426 739 202 737 
4013 738 427 739 203 
4014 535 324 35 665 
4015 699 251 237 252 
4016 881 873 387 745 
4017 783 746 383 775 
4018 516 69 76 498 
4019 233 323 809 614 
4020 357 356 872 889 
4021 788 170 169 890 
4022 723 451 725 425 
4023 227 841 228 892 
4024 239 565 253 563 
4025 255 256 561 242 
4026 426 201 725 425 
4027 740 435 126 127 
4028 147 43 752 588 
4029 186 678 65 647 
4030 49 119 623 496 
4031 220 151 22 631 
4032 430 135 128 122 
4033 714 711 402 175 
4034 713 172 405 712 
4035 267 330 583 586 
4036 585 270 327 584 
4037 575 285 381 574 
4038 339 612 373 609 
4039 342 370 611 610 
4040 699 702 252 238 
4041 701 255 241 700 
4042 336 273 858 764 
4043 566 47 794 697 
4044 849 39 684 722 
4045 816 641 56 672 
4046 834 55 640 671 
4047 728 61 746 779 
4048 729 62 877 745 
4049 126 434 673 435 
4050 421 420 670 735 
4051 562 658 258 257 
4052 263 561 659 262 
4053 547 741 128 129 
4054 133 548 740 134 
4055 696 105 104 660 
4056 757 367 609 368 
4057 71 72 583 501 
4058 865 264 567 857 
4059 527 799 153 408 
4060 201 200 723 425 
4061 197 33 536 892 
4062 26 248 554 890 
4063 50 602 354 889 
4064 135 430 490 437 
4065 495 438 150 439 
4066 430 135 436 437 
4067 155 557 476 533 
4068 769 482 606 349 
4069 481 482 719 606 
4070 156 155 557 551 
4071 379 288 287 576 
4072 319 827 615 229 
4073 171 406 650 712 
4074 610 369 343 590 
4075 862 698 245 860 
4076 495 438 435 150 
4077 584 626 326 271 
4078 698 246 860 864 
4079 107 691 603 895 
4080 287 379 576 577 
4081 214 630 18 136 
4082 774 360 361 895 
4083 255 700 256 242 
4084 831 18 630 136 
4085 673 126 435 127 
4086 200 736 424 425 
4087 630 52 300 136 
4088 609 338 374 592 
4089 266 583 627 331 
4090 711 401 649 176 
4091 516 76 69 497 
4092 673 676 434 126 
4093 201 723 725 425 
4094 491 490 634 599 
4095 241 564 255 240 
4096 254 255 564 240 
4097 682 710 442 441 
4098 563 252 253 238 
4099 287 380 577 286 
4100 125 676 434 433 
4101 107 106 359 691 
4102 3 73 518 114 
4103 190 648 29 679 
4104 211 34 210 896 
4105 523 123 122 674 
4106 567 265 864 857 
4107 332 765 334 786 
4108 151 495 53 631 
4109 725 450 689 451 
4110 278 277 571 702 
4111 488 487 732 749 
4112 703 277 572 276 
4113 701 275 276 570 
4114 393 644 675 392 
4115 727 449 690 450 
4116 646 391 677 392 
4117 449 448 726 688 
4118 487 751 486 734 
4119 750 485 486 733 
4120 390 645 391 676 
4121 433 125 676 677 
4122 95 462 664 463 
4123 664 96 95 463 
4124 9 99 93 691 
4125 510 88 89 763 
4126 464 663 97 660 
4127 461 661 94 662 
4128 758 109 59 632 
4129 490 52 630 136 
4130 803 805 207 721 
4131 380 285 575 286 
4132 487 732 95 734 
4133 424 723 200 425 
4134 461 462 95 732 
4135 461 95 94 732 
4136 734 462 95 463 
4137 95 96 734 463 
4138 444 709 683 445 
4139 747 489 730 488 
4140 484 731 485 748 
4141 674 643 393 394 
4142 389 673 642 390 
4143 451 452 686 723 
4144 699 279 569 278 
4145 274 568 275 700 
4146 447 687 724 448 
4147 738 204 735 428 
4148 150 435 63 438 
4149 288 378 573 576 
4150 201 426 737 425 
4151 786 765 335 785 
4152 64 430 135 436 
4153 91 781 9 884 
4154 14 117 795 886 
4155 54 850 471 885 
4156 15 836 120 888 
4157 17 138 817 887 
4158 587 268 329 628 
4159 593 613 372 340 
4160 16 828 148 888 
4161 628 328 587 269 
4162 613 593 371 341 
4163 472 159 555 891 
4164 478 353 603 895 
4165 676 434 126 125 
4166 304 151 53 631 
4167 611 591 370 342 
4168 312 536 221 892 
4169 154 477 554 890 
4170 602 348 483 889 
4171 86 85 762 504 
4172 741 123 742 431 
4173 341 371 611 591 
4174 124 677 675 392 
4175 414 684 842 849 
4176 566 789 794 280 
4177 826 345 640 834 
4178 816 347 641 808 
4179 746 384 775 779 
4180 877 873 745 388 
4181 633 290 7 759 
4182 328 625 585 269 
4183 632 109 59 375 
4184 327 270 585 625 
4185 767 623 326 353 
4186 171 647 531 472 
4187 369 617 588 226 
4188 518 867 855 112 
4189 743 125 433 744 
4190 813 22 151 631 
4191 732 462 95 734 
4192 73 74 514 501 
4193 805 412 685 804 
4194 586 267 330 629 
4195 339 612 594 373 
4196 329 268 586 629 
4197 372 340 612 594 
4198 665 200 415 896 
4199 402 651 714 175 
4200 651 174 403 714 
4201 624 331 348 771 
4202 648 529 477 176 
4203 589 374 221 619 
4204 124 432 433 744 
4205 125 434 743 433 
4206 639 289 597 635 
4207 562 252 563 238 
4208 255 564 241 561 
4209 124 432 431 675 
4210 124 431 123 675 
4211 433 432 124 677 
4212 871 878 80 509 
4213 331 266 72 624 
4214 338 374 589 368 
4215 481 606 350 769 
4216 475 557 156 533 
4217 879 81 6 509 
4218 377 289 639 635 
4219 577 380 575 286 
4220 95 462 461 662 
4221 94 95 461 662 
4222 432 124 677 675 
4223 405 172 650 712 
4224 610 342 370 590 
4225 583 266 72 331 
4226 374 338 609 368 
4227 141 140 524 756 
4228 7 299 630 385 
4229 632 11 109 375 
4230 743 126 434 125 
4231 95 462 662 664 
4232 626 327 270 584 
4233 743 434 126 740 
4234 215 216 598 545 
4235 143 522 144 755 
4236 736 201 737 425 
4237 632 377 758 296 
4238 34 211 806 896 
4239 65 399 186 647 
4240 49 119 282 623 
4241 43 147 234 588 
4242 632 639 289 631 
4243 298 630 299 831 
4244 794 792 697 250 
4245 849 846 213 722 
4246 672 816 812 395 
4247 830 834 671 397 
4248 422 423 410 893 
4249 728 467 779 778 
4250 729 876 877 469 
4251 583 627 330 267 
4252 373 339 609 592 
4253 711 649 402 175 
4254 742 432 124 744 
4255 614 588 617 883 
4256 432 431 742 124 
4257 123 742 431 124 
4258 433 125 124 744 
4259 652 713 172 405 
4260 500 78 77 517 
4261 874 82 5 509 
4262 636 598 491 599 
4263 617 226 317 883 
4264 460 93 99 691 
4265 408 648 407 188 
4266 125 433 124 677 
4267 652 404 173 713 
4268 30 191 410 893 
4269 265 567 264 857 
4270 465 98 105 660 
4271 359 106 58 603 
4272 721 207 803 206 
4273 42 822 232 883 
4274 237 562 251 257 
4275 384 383 746 775 
4276 745 873 387 388 
4277 566 281 789 280 
4278 414 684 413 842 
4279 347 346 641 808 
4280 345 640 344 826 
4281 855 113 518 112 
4282 226 538 317 883 
4283 401 711 185 176 
4284 406 171 179 712 
4285 584 326 66 271 
4286 362 369 343 610 
4287 871 80 81 509 
4288 358 107 603 895 
4289 603 359 106 691 
4290 127 740 435 134 
4291 561 256 263 242 
4292 421 429 735 205 
4293 764 863 858 337 
4294 697 792 249 250 
4295 722 846 213 212 
4296 467 728 466 778 
4297 729 468 876 469 
4298 671 398 830 397 
4299 812 396 672 395 
4300 472 531 159 891 
4301 412 411 685 804 
4302 478 767 353 895 
4303 122 128 430 741 
4304 312 221 619 892 
4305 154 529 477 890 
4306 348 771 483 889 
4307 843 178 526 847 
4308 800 152 527 799 
4309 573 377 289 296 
4310 382 284 290 574 
4311 759 633 290 382 
4312 303 11 631 375 
4313 633 83 60 759 
4314 299 7 630 297 
4315 832 615 318 827 
4316 809 814 614 322 
4317 246 245 698 860 
4318 765 335 334 786 
4319 589 149 21 230 
4320 272 624 2 115 
4321 93 99 661 460 
4322 736 415 200 424 
4323 359 358 107 603 
4324 92 773 91 884 
4325 116 787 117 886 
4326 470 471 840 885 
4327 825 121 120 888 
4328 137 807 138 887 
4329 257 251 237 894 
4330 11 632 631 375 
4331 289 377 632 296 
4332 385 83 60 633 
4333 44 243 193 894 
4334 7 83 385 633 
4335 8 780 92 884 
4336 796 116 4 886 
4337 470 851 28 885 
4338 137 19 818 887 
4339 121 835 16 888 
4340 878 874 5 509 
4341 603 107 359 691 
4342 813 302 631 303 
4343 110 355 602 111 
4344 321 536 320 196 
4345 247 554 167 168 
4346 231 37 820 883 
4347 7 630 633 385 
4348 42 232 614 883 
4349 193 235 555 192 
4350 653 534 174 475 
4351 25 870 192 891 
4352 111 12 872 889 
4353 167 788 23 890 
4354 320 40 841 892 
4355 3 518 867 859 
4356 284 290 633 382 
4357 200 424 415 896 
4358 11 303 631 301 
4359 231 823 37 883 
4360 50 354 872 889 
4361 26 788 248 890 
4362 197 841 33 892 
4363 358 51 774 895 
4364 236 870 31 891 
4365 333 360 51 895 
4366 45 554 247 168 
4367 321 32 536 196 
4368 57 110 355 602 
4369 410 423 30 893 
4370 299 297 630 298 
4371 49 119 496 118 
4372 187 678 65 186 
4373 108 109 59 758 
4374 82 60 83 759 
4375 752 146 43 147 
4376 29 190 679 191 
4377 35 208 324 535 
4378 111 872 354 889 
4379 788 167 248 890 
4380 320 841 197 892 
4381 192 870 236 891 
4382 639 289 377 632 
4383 853 31 195 891 
4384 44 193 235 555 
4385 272 48 624 115 
4386 41 149 589 230 
4387 869 50 356 889 
4388 26 801 170 890 
4389 227 838 33 892 
4390 774 361 10 895 
4391 194 870 25 891 
4392 858 336 764 337 
4393 18 630 298 831 
4394 872 12 357 889 
4395 169 23 788 890 
4396 40 228 841 892 
4397 10 765 361 335 
4398 12 357 764 337 
4399 615 318 40 228 
4400 614 232 42 322 
4401 152 23 169 527 
4402 25 526 178 194 
4403 474 653 534 173 
4404 1 765 334 332 
4405 332 1 623 283 
4406 209 37 823 883 
4407 177 178 526 843 
4408 152 527 799 153 
4409 614 323 809 322 
4410 827 615 318 319 
4411 3 518 859 114 
4412 532 172 158 473 
4413 534 474 173 157 
4414 156 174 475 533 
4415 159 530 171 472 
4416 476 528 155 175 
4417 176 154 477 528 
4418 530 158 172 473 
4419 476 155 533 175 
4420 532 173 474 157 
4421 174 534 156 475 
4422 768 480 351 328 
4423 772 481 350 329 
4424 225 370 616 316 
4425 482 769 330 349 
4426 618 312 221 374 
4427 479 327 352 766 
4428 315 371 224 621 
4429 223 372 314 620 
4430 770 483 348 331 
4431 222 373 313 618 
4432 373 313 620 222 
4433 224 371 315 622 
4434 372 314 622 223 
4435 370 225 621 316 
4436 353 326 478 766 
4437 317 226 369 616 
4438 330 770 482 349 
4439 352 327 479 768 
4440 329 481 350 769 
4441 351 480 772 328 
4442 177 526 27 400 
4443 233 20 323 614 
4444 648 408 24 188 
4445 20 233 588 614 
4446 870 195 31 891 
4447 2 273 336 764 
4448 153 24 527 408 
4449 319 615 21 229 
4450 312 221 374 619 
4451 226 369 617 317 
4452 192 236 555 891 
4453 529 154 477 176 
4454 159 171 531 472 
4455 331 483 348 771 
4456 326 478 767 353 
4457 872 356 50 889 
4458 26 170 788 890 
4459 227 33 841 892 
4460 51 360 774 895 
4461 301 631 302 303 
4462 2 273 624 272 
4463 21 589 230 229 
4464 602 111 354 889 
4465 167 554 248 890 
4466 320 197 536 892 
4467 400 27 399 647 
4468 1 282 623 283 
4469 233 234 20 588 
4470 867 518 3 112 
4471 5 80 878 509 
4472 302 22 813 631 
4473 236 555 235 192 
4474 167 248 554 247 
4475 536 197 320 196 
4476 355 602 111 354 
4477 24 176 529 648 
4478 376 53 631 304 
4479 304 303 631 376 
4480 299 300 630 386 
4481 21 374 589 619 
4482 172 171 650 712 
4483 331 2 771 624 
4484 210 35 535 199 
4485 370 369 610 590 
4486 369 20 588 617 
4487 52 386 630 300 
4488 174 173 534 653 
4489 171 27 531 647 
4490 1 326 767 623 
4491 37 209 538 883 
4492 37 538 226 883 
4493 37 226 588 883 
4494 483 771 12 889 
4495 154 23 529 890 
4496 25 159 531 891 
4497 40 312 619 892 
4498 13 518 251 894 
4499 10 767 478 895 
4500 200 34 721 896 
4501 325 38 896 665 
4502 325 896 38 211 
4503 34 721 806 206 
4504 34 806 721 896 
4505 476 477 155 528 
4506 476 155 477 556 
4507 154 155 477 528 
4508 154 477 155 556 
4509 350 351 481 772 
4510 350 481 351 608 
4511 480 481 351 772 
4512 480 351 481 608 
4513 474 475 157 534 
4514 474 157 475 560 
4515 156 157 475 534 
4516 156 475 157 560 
4517 877 880 745 873 
4518 877 745 880 729 
4519 312 221 313 618 
4520 312 313 221 539 
4521 222 313 221 618 
4522 222 221 313 539 
4523 348 349 483 770 
4524 348 483 349 604 
4525 482 483 349 770 
4526 482 349 483 604 
4527 313 222 314 620 
4528 313 314 222 540 
4529 223 314 222 620 
4530 223 222 314 540 
4531 289 11 631 301 
4532 289 631 11 632 
4533 314 223 315 622 
4534 314 315 223 542 
4535 224 315 223 622 
4536 224 223 315 542 
4537 351 352 480 768 
4538 351 480 352 607 
4539 479 480 352 768 
4540 479 352 480 607 
4541 473 474 158 532 
4542 473 158 474 559 
4543 157 158 474 532 
4544 157 474 158 559 
4545 315 224 316 621 
4546 315 316 224 541 
4547 225 316 224 621 
4548 225 224 316 541 
4549 352 353 479 766 
4550 352 479 353 605 
4551 478 479 353 766 
4552 478 353 479 605 
4553 472 473 159 530 
4554 472 159 473 558 
4555 158 159 473 530 
4556 158 473 159 558 
4557 634 636 599 285 
4558 599 636 634 491 
4559 7 284 630 297 
4560 7 630 284 633 
4561 507 89 763 510 
4562 763 573 507 510 
4563 316 225 317 616 
4564 316 317 225 537 
4565 226 317 225 616 
4566 226 225 317 537 
4567 20 369 752 362 
4568 20 752 369 588 
4569 343 752 369 362 
4570 343 369 752 588 
4571 271 326 496 623 
4572 271 496 326 66 
4573 1 496 326 623 
4574 1 326 496 66 
4575 27 171 678 647 
4576 27 678 171 179 
4577 406 678 171 647 
4578 406 171 678 179 
4579 600 544 743 601 
4580 600 743 544 132 
4581 754 524 611 364 
4582 754 611 524 525 
4583 893 803 802 721 
4584 893 802 803 410 
4585 610 756 140 363 
4586 610 140 756 524 
4587 874 745 880 873 
4588 880 745 874 509 
4589 884 58 728 777 
4590 884 728 58 460 
4591 63 887 672 435 
4592 672 887 63 811 
4593 886 45 697 791 
4594 886 697 45 242 
4595 885 32 722 205 
4596 885 722 32 845 
4597 888 64 671 430 
4598 888 671 64 829 
4599 538 325 665 535 
4600 198 210 538 535 
4601 210 325 538 535 
4602 567 518 894 251 
4603 567 279 894 698 
4604 894 279 567 251 
4605 894 13 193 257 
4606 894 193 13 244 
4607 865 266 518 567 
4608 518 266 865 114 
4609 424 38 893 422 
4610 424 893 38 896 
4611 410 893 38 422 
4612 9 106 93 58 
4613 9 93 106 691 
4614 93 106 460 58 
4615 93 460 106 691 
4616 460 106 603 58 
4617 460 603 106 691 
4618 720 608 719 463 
4619 720 719 608 481 
4620 606 719 608 463 
4621 606 608 719 481 
4622 553 560 551 156 
4623 553 551 560 240 
4624 557 551 560 156 
4625 557 560 551 240 
4626 884 778 777 728 
4627 884 777 778 784 
4628 610 139 343 362 
4629 610 343 139 521 
4630 887 812 811 672 
4631 887 811 812 821 
4632 888 830 829 839 
4633 888 829 830 671 
4634 886 792 791 697 
4635 886 791 792 798 
4636 885 846 845 854 
4637 885 845 846 722 
4638 523 888 643 122 
4639 643 888 523 338 
4640 10 767 361 765 
4641 10 361 767 895 
4642 361 767 785 765 
4643 361 785 767 895 
4644 785 767 333 765 
4645 785 333 767 895 
4646 333 623 767 895 
4647 574 84 382 505 
4648 574 382 84 290 
4649 516 586 268 511 
4650 268 586 516 587 
4651 273 771 869 764 
4652 771 12 357 764 
4653 771 357 12 889 
4654 863 771 357 764 
4655 863 357 771 889 
4656 869 771 863 764 
4657 869 863 771 889 
4658 531 25 194 526 
4659 531 194 25 891 
4660 847 531 194 526 
4661 847 194 531 891 
4662 853 531 847 526 
4663 853 847 531 891 
4664 529 408 801 527 
4665 23 529 169 527 
4666 169 529 23 890 
4667 529 800 169 527 
4668 169 800 529 890 
4669 529 801 800 527 
4670 800 801 529 890 
4671 884 730 460 93 
4672 884 460 730 489 
4673 674 888 430 122 
4674 430 888 674 394 
4675 673 887 435 389 
4676 435 887 673 127 
4677 885 724 205 447 
4678 885 205 724 429 
4679 886 700 242 256 
4680 886 242 700 274 
4681 644 523 643 123 
4682 643 523 644 339 
4683 229 619 838 615 
4684 619 40 228 615 
4685 619 228 40 892 
4686 832 619 228 615 
4687 832 228 619 892 
4688 838 619 832 615 
4689 838 832 619 892 
4690 526 531 400 853 
4691 588 37 820 233 
4692 820 37 588 883 
4693 820 614 588 233 
4694 588 614 820 883 
4695 2 771 273 764 
4696 273 771 2 624 
4697 27 531 400 526 
4698 27 400 531 647 
4699 529 24 408 527 
4700 408 24 529 648 
4701 853 31 531 400 
4702 853 531 31 891 
4703 647 531 31 400 
4704 619 21 229 589 
4705 229 21 619 615 
4706 869 50 771 273 
4707 869 771 50 889 
4708 624 771 50 273 
4709 648 26 529 408 
4710 801 529 26 408 
4711 801 26 529 890 
4712 33 589 619 229 
4713 619 838 33 229 
4714 33 838 619 892 
4715 465 6 105 98 
4716 465 105 6 110 
4717 638 637 596 287 
4718 638 596 637 493 
4719 623 333 332 283 
4720 600 637 597 288 
4721 600 597 637 494 
4722 635 597 637 288 
4723 635 637 597 494 
4724 888 122 64 430 
4725 888 64 122 15 
4726 135 64 122 430 
4727 135 122 64 15 
4728 883 535 665 324 
4729 883 665 535 538 
4730 636 638 595 286 
4731 595 638 636 492 
4732 538 537 311 200 
4733 538 311 537 317 
4734 214 630 599 284 
4735 214 599 630 490 
4736 634 599 630 284 
4737 634 630 599 490 
4738 698 44 861 245 
4739 861 44 698 894 
4740 861 862 698 245 
4741 698 862 861 894 
4742 13 518 868 113 
4743 868 518 13 894 
4744 34 210 538 198 
4745 372 373 223 594 
4746 372 223 373 620 
4747 222 223 373 594 
4748 222 373 223 620 
4749 369 370 226 590 
4750 369 226 370 616 
4751 225 226 370 590 
4752 225 370 226 616 
4753 89 573 763 295 
4754 89 763 573 507 
4755 371 372 224 593 
4756 371 224 372 622 
4757 223 224 372 593 
4758 223 372 224 622 
4759 373 374 222 592 
4760 373 222 374 618 
4761 221 222 374 592 
4762 221 374 222 618 
4763 172 173 473 532 
4764 172 473 173 652 
4765 474 473 173 532 
4766 474 173 473 652 
4767 171 172 472 530 
4768 171 472 172 650 
4769 473 472 172 530 
4770 473 172 472 650 
4771 348 331 349 770 
4772 348 349 331 627 
4773 330 349 331 770 
4774 330 331 349 627 
4775 349 330 350 769 
4776 349 350 330 629 
4777 329 350 330 769 
4778 329 330 350 629 
4779 404 173 403 653 
4780 404 403 173 715 
4781 174 403 173 653 
4782 174 173 403 715 
4783 350 329 351 772 
4784 350 351 329 628 
4785 328 351 329 772 
4786 328 329 351 628 
4787 352 327 353 766 
4788 352 353 327 626 
4789 326 353 327 766 
4790 326 327 353 626 
4791 174 175 475 533 
4792 174 475 175 651 
4793 476 475 175 533 
4794 476 175 475 651 
4795 370 371 225 591 
4796 370 225 371 621 
4797 224 225 371 591 
4798 224 371 225 621 
4799 351 328 352 768 
4800 351 352 328 625 
4801 327 352 328 768 
4802 327 328 352 625 
4803 382 284 381 634 
4804 382 381 284 574 
4805 285 381 284 634 
4806 285 284 381 574 
4807 175 176 476 528 
4808 175 476 176 649 
4809 477 476 176 528 
4810 477 176 476 649 
4811 237 257 193 555 
4812 193 257 237 894 
4813 193 44 237 555 
4814 237 44 193 894 
4815 200 34 210 538 
4816 200 210 34 896 
4817 325 200 210 538 
4818 325 210 200 896 
4819 665 200 325 538 
4820 665 325 200 896 
4821 31 472 531 647 
4822 31 531 472 891 
4823 50 348 771 624 
4824 50 771 348 889 
4825 477 26 529 648 
4826 477 529 26 890 
4827 33 221 619 589 
4828 33 619 221 892 
4829 24 190 648 188 
4830 648 190 24 679 
4831 401 176 679 648 
4832 401 679 176 185 
4833 24 679 176 648 
4834 24 176 679 185 
4835 507 884 747 377 
4836 747 884 507 93 
4837 885 707 687 406 
4838 885 687 707 429 
4839 886 513 568 256 
4840 886 568 513 271 
4841 887 521 642 127 
4842 887 642 521 343 
4843 333 767 332 765 
4844 333 332 767 623 
4845 1 332 767 765 
4846 1 767 332 623 
4847 894 567 857 518 
4848 857 567 894 698 
4849 857 866 894 518 
4850 894 866 857 698 
4851 893 38 802 410 
4852 893 802 38 896 
$EndElements
$Parametrizations
121 56
123
4
4.65663104090058 6.71913104090064 1.32185928869433e-15 0
5.76148538650451 8.011485386504591 2 1
5.76148538650451 8.011485386504591 6 2
4.65663104090058 6.71913104090064 8 3
124
4
6.1150387770978 6.11503877709782 8 0
6.55698051533936 7.68198051533946 6 1
6.55698051533936 7.68198051533946 2 2
6.1150387770978 6.11503877709782 1.32185928869433e-15 3
125
2
2.22595148057181 6.11503877709784 8 0
2.71208739263758 6.31640286503209 8 1
126
2
2.22595148057181 6.11503877709784 8 0
1.62185921676905 4.65663104090063 8 1
127
4
2.22595148057181 6.11503877709784 8 0
0.659009742330237 6.55698051533944 6 1
0.659009742330237 6.55698051533944 2 2
2.22595148057181 6.11503877709784 1.32185928869433e-15 3
128
2
2.71208739263758 6.31640286503209 1.33287478276678e-15 0
2.22595148057181 6.11503877709784 1.32185928869433e-15 1
129
2
2.71208739263758 6.31640286503209 1.33287478276678e-15 0
2.71208739263758 6.31640286503209 8 1
130
4
2.71208739263758 6.31640286503209 1.33287478276678e-15 0
2.5795048711651 8.011485386504541 2 1
2.5795048711651 8.011485386504541 6 2
2.71208739263758 6.31640286503209 8 3
131
2
2.71208739263758 6.31640286503209 1.33287478276678e-15 0
4.1704951288348 6.92049512883484 1.33287478276678e-15 1
132
2
2.22595148057181 6.11503877709784 1.32185928869433e-15 0
1.62185921676905 4.65663104090063 1.32185928869433e-15 1
133
2
2.71208739263758 6.31640286503209 8 0
4.17049512883481 6.92049512883484 8 1
134
2
6.1150387770978 6.11503877709782 8 0
6.31640286503206 5.62890286503204 8 1
135
2
6.1150387770978 6.11503877709782 8 0
4.65663104090058 6.71913104090064 8 1
136
2
6.1150387770978 6.11503877709782 1.32185928869433e-15 0
6.31640286503206 5.62890286503204 1.40998324127395e-15 1
137
2
6.1150387770978 6.11503877709782 1.32185928869433e-15 0
4.65663104090058 6.71913104090064 1.32185928869433e-15 1
138
2
2.02458739263755 2.71208739263759 8 0
2.22595148057181 2.22595148057182 8 1
139
2
2.02458739263755 2.71208739263759 8 0
2.02458739263755 2.71208739263759 1.23373533611471e-15 1
140
4
2.02458739263755 2.71208739263759 8 0
0.329504871165074 2.57950487116512 6 1
0.329504871165074 2.57950487116512 2 2
2.02458739263755 2.71208739263759 1.23373533611471e-15 3
141
2
2.02458739263755 2.71208739263759 8 0
1.4204951288348 4.17049512883486 8 1
142
2
2.22595148057181 2.22595148057182 1.23373533611471e-15 0
2.02458739263755 2.71208739263759 1.23373533611471e-15 1
143
4
2.22595148057181 2.22595148057182 1.23373533611471e-15 0
1.78400974233025 0.659009742330249 2 1
1.78400974233025 0.659009742330249 6 2
2.22595148057181 2.22595148057182 8 3
144
2
2.22595148057181 2.22595148057182 1.23373533611471e-15 0
3.68435921676903 1.62185921676907 1.23373533611471e-15 1
145
2
2.22595148057181 2.22595148057182 8 0
3.68435921676903 1.62185921676907 8 1
146
2
2.02458739263755 2.71208739263759 1.23373533611471e-15 0
1.4204951288348 4.17049512883486 1.23373533611471e-15 1
147
2
6.9204951288349 4.17049512883482 1.40998324127395e-15 0
6.71913104090065 3.68435921676905 1.23373533611471e-15 1
148
2
6.9204951288349 4.17049512883482 1.40998324127395e-15 0
6.9204951288349 4.17049512883482 8 1
149
4
6.9204951288349 4.17049512883482 1.40998324127395e-15 0
8.34099025766961 4.96599025766965 2 1
8.34099025766961 4.96599025766965 6 2
6.9204951288349 4.17049512883482 8 3
150
2
6.9204951288349 4.17049512883482 1.40998324127395e-15 0
6.31640286503206 5.62890286503204 1.40998324127395e-15 1
151
2
6.9204951288349 4.17049512883482 1.40998324127395e-15 0
6.58049512883482 4.17049512883483 0 1
152
2
6.71913104090065 3.68435921676905 8 0
6.71913104090065 3.68435921676905 1.23373533611471e-15 1
153
2
6.71913104090065 3.68435921676905 8 0
6.9204951288349 4.17049512883482 8 1
154
4
6.71913104090065 3.68435921676905 8 0
8.01148538650463 2.57950487116508 6 1
8.01148538650463 2.57950487116508 2 2
6.71913104090065 3.68435921676905 1.23373533611471e-15 3
155
2
6.71913104090065 3.68435921676905 8 0
6.11503877709771 2.22595148057182 8 1
156
2
6.71913104090065 3.68435921676905 1.23373533611471e-15 0
6.34253013224178 3.17049512883482 0 1
157
2
6.71913104090065 3.68435921676905 1.23373533611471e-15 0
6.11503877709771 2.22595148057182 1.23373533611471e-15 1
158
2
6.9204951288349 4.17049512883482 8 0
6.31640286503206 5.62890286503204 8 1
159
2
6.9204951288349 4.17049512883482 8 0
6.58049512883482 4.17049512883483 8 1
160
3
5.17049512883476 1.99846012542783 8 0
4.79424902753187 1.84261388747816 8 1
4.17049512883481 1.76049512883482 8 2
161
2
5.17049512883476 1.99846012542783 0 0
4.79424902753187 1.84261388747816 0 1
162
2
5.17049512883476 1.99846012542783 0 0
5.17049512883476 1.99846012542783 8 1
163
2
5.17049512883476 1.99846012542783 0 0
5.17049512883476 3.17049512883482 0 1
164
2
4.79424902753187 1.84261388747816 0 0
4.17049512883481 1.76049512883482 0 1
165
2
4.79424902753187 1.84261388747816 0 0
5.62890286503194 2.02458739263758 1.23373533611471e-15 1
166
2
5.17049512883476 1.99846012542783 8 0
5.17049512883476 3.17049512883482 8 1
167
4
1.4204951288348 4.17049512883486 8 0
0 3.37499999999997 6 1
0 3.37499999999997 2 2
1.4204951288348 4.17049512883486 1.23373533611471e-15 3
168
2
4.17049512883481 1.76049512883482 8 0
4.17049512883481 1.76049512883482 0 1
169
2
4.17049512883481 1.76049512883482 8 0
4.17049512883481 1.42049512883481 8 1
170
3
4.17049512883481 1.76049512883482 8 0
3.54674123013774 1.84261388747816 8 1
3.17049512883476 1.99846012542784 8 2
171
2
4.17049512883481 1.76049512883482 0 0
4.17049512883481 1.42049512883481 1.23373533611471e-15 1
172
3
4.17049512883481 1.76049512883482 0 0
3.54674123013774 1.84261388747816 0 1
3.17049512883476 1.99846012542784 0 2
173
3
6.34253013224178 5.17049512883483 8 0
6.49837637019148 4.79424902753191 8 1
6.58049512883482 4.17049512883483 8 2
174
2
6.34253013224178 5.17049512883483 8 0
6.34253013224178 5.17049512883483 0 1
175
2
6.34253013224178 5.17049512883483 8 0
6.31640286503206 5.62890286503204 8 1
176
2
6.34253013224178 5.17049512883483 8 0
5.17049512883476 5.17049512883483 8 1
177
3
6.34253013224178 5.17049512883483 0 0
6.49837637019148 4.79424902753191 0 1
6.58049512883482 4.17049512883483 0 2
178
2
6.34253013224178 5.17049512883483 0 0
5.17049512883476 5.17049512883483 0 1
179
2
6.31640286503206 5.62890286503204 8 0
6.31640286503206 5.62890286503204 1.40998324127395e-15 1
180
4
6.31640286503206 5.62890286503204 8 0
8.011485386504541 5.7614853865045 6 1
8.011485386504541 5.7614853865045 2 2
6.31640286503206 5.62890286503204 1.40998324127395e-15 3
181
2
5.17049512883476 6.34253013224185 8 0
5.17049512883476 5.17049512883483 8 1
182
2
5.17049512883476 6.34253013224185 8 0
5.17049512883476 6.34253013224185 0 1
183
3
5.17049512883476 6.34253013224185 8 0
4.79424902753187 6.49837637019149 8 1
4.17049512883481 6.58049512883484 8 2
184
2
5.17049512883476 5.17049512883483 0 0
5.17049512883476 5.17049512883483 8 1
185
2
5.17049512883476 5.17049512883483 0 0
5.17049512883476 6.34253013224185 0 1
186
3
5.17049512883476 6.34253013224185 0 0
4.79424902753187 6.49837637019149 0 1
4.17049512883481 6.58049512883484 0 2
187
2
1.62185921676905 4.65663104090063 8 0
1.62185921676905 4.65663104090063 1.32185928869433e-15 1
188
4
1.62185921676905 4.65663104090063 8 0
0.329504871165074 5.76148538650459 6 1
0.329504871165074 5.76148538650459 2 2
1.62185921676905 4.65663104090063 1.32185928869433e-15 3
189
2
1.62185921676905 4.65663104090063 8 0
1.4204951288348 4.17049512883486 8 1
190
2
1.62185921676905 4.65663104090063 8 0
1.84261388747814 3.54674123013775 8 1
191
2
1.62185921676905 4.65663104090063 1.32185928869433e-15 0
1.4204951288348 4.17049512883486 1.23373533611471e-15 1
192
2
1.62185921676905 4.65663104090063 1.32185928869433e-15 0
1.84261388747814 3.54674123013775 0 1
193
4
4.17049512883481 1.42049512883481 8 0
4.96599025766957 0 6 1
4.96599025766957 0 2 2
4.17049512883481 1.42049512883481 1.23373533611471e-15 3
194
2
4.17049512883481 1.42049512883481 8 0
4.17049512883481 1.42049512883481 1.23373533611471e-15 1
195
2
4.17049512883481 1.42049512883481 8 0
3.68435921676903 1.62185921676907 8 1
196
2
4.17049512883481 1.42049512883481 8 0
5.62890286503194 2.02458739263758 8 1
197
2
4.17049512883481 1.42049512883481 1.23373533611471e-15 0
3.68435921676903 1.62185921676907 1.23373533611471e-15 1
198
2
4.17049512883481 1.42049512883481 1.23373533611471e-15 0
5.62890286503194 2.02458739263758 1.23373533611471e-15 1
199
2
4.65663104090058 6.71913104090064 1.32185928869433e-15 0
4.65663104090058 6.71913104090064 8 1
200
2
4.65663104090058 6.71913104090064 1.32185928869433e-15 0
4.17049512883481 6.58049512883484 0 1
201
2
4.65663104090058 6.71913104090064 1.32185928869433e-15 0
4.1704951288348 6.92049512883484 1.33287478276678e-15 1
202
2
4.65663104090058 6.71913104090064 8 0
4.17049512883481 6.92049512883484 8 1
203
2
3.17049512883476 1.99846012542784 8 0
3.17049512883476 1.99846012542784 0 1
204
2
3.17049512883476 1.99846012542784 8 0
3.17049512883476 3.17049512883482 8 1
205
2
3.17049512883476 1.99846012542784 0 0
3.17049512883476 3.17049512883482 0 1
206
2
4.17049512883481 6.58049512883484 8 0
4.17049512883481 6.58049512883484 0 1
207
3
4.17049512883481 6.58049512883484 8 0
3.54674123013774 6.49837637019149 8 1
3.17049512883476 6.34253013224179 8 2
208
2
4.17049512883481 6.58049512883484 8 0
4.17049512883481 6.92049512883484 8 1
209
3
4.17049512883481 6.58049512883484 0 0
3.54674123013774 6.49837637019149 0 1
3.17049512883476 6.34253013224179 0 2
210
2
4.17049512883481 6.58049512883484 0 0
4.1704951288348 6.92049512883484 1.33287478276678e-15 1
211
4
3.68435921676903 1.62185921676907 1.23373533611471e-15 0
2.5795048711651 0.329504871165124 2 1
2.5795048711651 0.329504871165124 6 2
3.68435921676903 1.62185921676907 8 3
212
2
3.68435921676903 1.62185921676907 1.23373533611471e-15 0
3.68435921676903 1.62185921676907 8 1
213
4
1.99846012542783 5.17049512883483 0 0
1.84261388747814 4.79424902753191 0 1
1.76049512883479 4.17049512883483 0 2
1.84261388747814 3.54674123013775 0 3
214
2
1.99846012542783 5.17049512883483 0 0
1.99846012542783 5.17049512883483 8 1
215
2
1.99846012542783 5.17049512883483 0 0
3.17049512883476 5.17049512883483 0 1
216
4
1.99846012542783 5.17049512883483 8 0
1.84261388747814 4.79424902753191 8 1
1.76049512883479 4.17049512883483 8 2
1.84261388747814 3.54674123013775 8 3
217
2
1.99846012542783 5.17049512883483 8 0
3.17049512883476 5.17049512883483 8 1
218
2
3.17049512883476 3.17049512883482 0 0
3.17049512883476 3.17049512883482 8 1
219
2
3.17049512883476 3.17049512883482 0 0
1.99846012542783 3.17049512883482 0 1
220
2
3.17049512883476 3.17049512883482 8 0
1.99846012542783 3.17049512883482 8 1
221
3
6.34253013224178 3.17049512883482 8 0
6.49837637019148 3.54674123013775 8 1
6.58049512883482 4.17049512883483 8 2
222
2
6.34253013224178 3.17049512883482 0 0
6.34253013224178 3.17049512883482 8 1
223
3
6.34253013224178 3.17049512883482 0 0
6.49837637019148 3.54674123013775 0 1
6.58049512883482 4.17049512883483 0 2
224
2
6.34253013224178 3.17049512883482 0 0
5.62890286503194 2.02458739263758 1.23373533611471e-15 1
225
2
6.34253013224178 3.17049512883482 0 0
5.17049512883476 3.17049512883482 0 1
226
2
6.34253013224178 3.17049512883482 8 0
5.17049512883476 3.17049512883482 8 1
227
4
5.62890286503194 2.02458739263758 1.23373533611471e-15 0
5.76148538650442 0.329504871165124 2 1
5.76148538650442 0.329504871165124 6 2
5.62890286503194 2.02458739263758 8 3
228
2
5.62890286503194 2.02458739263758 1.23373533611471e-15 0
6.11503877709771 2.22595148057182 1.23373533611471e-15 1
229
2
5.62890286503194 2.02458739263758 1.23373533611471e-15 0
5.62890286503194 2.02458739263758 8 1
230
2
1.99846012542783 3.17049512883482 8 0
1.99846012542783 3.17049512883482 0 1
231
2
1.99846012542783 3.17049512883482 8 0
1.84261388747814 3.54674123013775 8 1
232
2
1.99846012542783 3.17049512883482 0 0
1.84261388747814 3.54674123013775 0 1
233
4
6.11503877709771 2.22595148057182 8 0
7.68198051533946 1.78400974233023 6 1
7.68198051533946 1.78400974233023 2 2
6.11503877709771 2.22595148057182 1.23373533611471e-15 3
234
2
5.17049512883476 3.17049512883482 8 0
5.17049512883476 3.17049512883482 0 1
235
4
4.1704951288348 6.92049512883484 1.33287478276678e-15 0
3.37499999999995 8.34099025766967 2 1
3.37499999999995 8.34099025766967 6 2
4.17049512883481 6.92049512883484 8 3
236
2
3.17049512883476 6.34253013224179 0 0
3.17049512883476 6.34253013224179 8 1
237
2
3.17049512883476 6.34253013224179 0 0
3.17049512883476 5.17049512883483 0 1
238
2
3.17049512883476 6.34253013224179 8 0
3.17049512883476 5.17049512883483 8 1
239
2
6.11503877709771 2.22595148057182 8 0
5.62890286503194 2.02458739263758 8 1
240
2
6.58049512883482 4.17049512883483 8 0
6.58049512883482 4.17049512883483 0 1
241
2
4.1704951288348 6.92049512883484 1.33287478276678e-15 0
4.17049512883481 6.92049512883484 8 1
242
2
3.17049512883476 5.17049512883483 8 0
3.17049512883476 5.17049512883483 0 1
243
2
1.84261388747814 3.54674123013775 8 0
1.84261388747814 3.54674123013775 0 1
2
8 6
5.76148538650451 8.011485386504591 6 1 0 0.5867723072421831 0.04347779672125242 0.1593873140592699 -0.0361755666795336 -0.02713973686756177 0.1405808035676371
6.55698051533936 7.68198051533946 2 -1 1.224646799147353e-16 0.3856032368437113 -0.5351856667388578 0.1101925577638054 -0.009199911734305772 -0.04633760058225215 -0.1928597026018689
5.76148538650451 8.011485386504591 2 0.3943448272232488 -0.9189625439822159 0.6597088723868659 -0.03463940787167817 0.03133260534963279 -0.004774011224728576 0.07862640808270055 0.1874414755924035
6.1150387770978 6.11503877709782 1.32185928869433e-15 -0.7307452666195756 -0.6826502437654918 -1.213697291585451 -1.2157801976134 -1.03569005517928 -0.1820331436054399 0.2107220486922748 -0.03404354464114567
4.65663104090058 6.71913104090064 1.32185928869433e-15 -0.351788009833217 -0.936079695398626 -0.8098131343362626 -2.245485262973463 -1.633113940799046 -0.1261429679563747 0.01525954076925928 0.04156914997914987
6.55698051533936 7.68198051533946 6 -0.3943448272232499 0.9189625439822154 0.4626443194080604 -0.4856862162828434 0.09313066690964966 -0.05926923773939197 -0.02951432597141158 0.1405109109900113
4.65663104090058 6.71913104090064 8 0.7214963962967278 0.6924181902079373 0.5583792662747498 1.603638186201739 -2.039966990273565 -0.01180750180817153 0.002712439729803659 -0.00109967086643882
6.1150387770978 6.11503877709782 8 0.3391643887515121 0.9407271216472995 1.963494610163555 2.305079983549808 -1.612720086181425 -0.3600142018455423 0.4406951671378225 0.1915717838189806
0 1 2
3 2 1
2 3 4
1 0 5
6 5 0
5 6 7
3
6 4
2.22595148057181 6.11503877709784 8 1 0 -0.9199397442197896 0.756906499349734 -0.9192175595373328 -0.2006935858373327 -0.1597096541912456 0.06934237721435446
2.71208739263758 6.31640286503209 1.33287478276678e-15 -0.9801191415093194 0.198409849672426 0.3696345286216151 -0.6286848852700859 -0.7289825806606051 -0.03363932622172672 -0.02973549529168698 0.008587310754550395
2.22595148057181 6.11503877709784 1.32185928869433e-15 -0.9998347496950719 0.01817892467097267 1.357725660003189 -1.347745575672082 -1.035980131442902 -0.2574577056672433 -0.2330763086674397 -0.03419888902704772
0.659009742330237 6.55698051533944 2 -0.643579189757457 -0.765379531024403 0.6064522765125631 0.2687416100275629 0.05305876336056908 -0.03091289056076144 0.03249727476567498 0.1887308010567721
0.659009742330237 6.55698051533944 6 0.6295590612609063 -0.7769526294339226 0.4879620969872921 0.5713565852773067 -0.0596022751808369 -0.03690302675297547 0.013071535839905 -0.176818254097964
2.71208739263758 6.31640286503209 8 0.9835640542334932 0.1805595503421905 -0.6653682383934456 0.7008635594459734 -0.6844585748107935 -0.08259445394573951 -0.07601905090691276 0.002449737325717982
0 1 2
3 0 2
0 3 4
1 0 5
4
6 4
6.55698051533936 7.68198051533946 2 1 0 0.3856032368437113 -0.5351856667388578 0.1101925577638054 -0.009199911734305772 -0.04633760058225215 -0.1928597026018689
6.1150387770978 6.11503877709782 8 -0.6435791897574565 0.7653795310244035 1.963494610163555 2.305079983549808 -1.612720086181425 -0.3600142018455423 0.4406951671378225 0.1915717838189806
6.1150387770978 6.11503877709782 1.32185928869433e-15 0.6295590612609008 -0.7769526294339272 -1.213697291585451 -1.2157801976134 -1.03569005517928 -0.1820331436054399 0.2107220486922748 -0.03404354464114567
6.31640286503206 5.62890286503204 8 -0.7711979410610358 0.6365954254494915 0.6816485855712707 0.4486211106034544 -1.116742723029663 -0.2080038091965278 0.22825421313638 -0.03526850269347409
6.31640286503206 5.62890286503204 1.40998324127395e-15 0.4789254452654285 -0.8778555791685276 1.090371442848349 0.6890947278037447 1.181952725023232 -0.06161385267778696 0.08410144579032176 0.00780752254601354
6.55698051533936 7.68198051533946 6 0.1894925285935608 0.9818821627910441 0.4626443194080604 -0.4856862162828434 0.09313066690964966 -0.05926923773939197 -0.02951432597141158 0.1405109109900113
0 1 2
3 2 1
2 3 4
1 0 5
5
6 4
2.02458739263755 2.71208739263759 8 1 0 0.9932933034277621 0.6742470009648883 1.02133957182011 -0.1007458286387392 0.1216556243189907 0.01766720646630152
2.22595148057181 2.22595148057182 1.23373533611471e-15 -0.98011914150932 0.1984098496724229 -0.36191522561259 -0.5803051518831801 0.5526852671971193 -0.09999989165954618 0.09675490117030418 0.03610713990817999
2.22595148057181 2.22595148057182 8 0.9835640542334929 -0.1805595503421921 0.6179219952500811 0.7747455623872113 0.6549870526958504 -0.0188145027000957 0.02548366636357695 -0.01239331731374809
1.78400974233025 0.659009742330249 2 -0.7711979410610335 -0.6365954254494944 -0.3778353873373128 0.5230018905191451 0.1124870843726161 0.007565487238490698 0.04288528801553557 -0.1739806664523771
1.78400974233025 0.659009742330249 6 0.4789254452654386 -0.8778555791685221 0.466190890827435 -0.4715970546968798 -0.06424480006198385 -0.06926857431477572 -0.04396051475412387 -0.1799480903356263
2.02458739263755 2.71208739263759 1.23373533611471e-15 -0.9281851632144429 0.3721186676163641 1.308532144728715 0.9790843870205908 -0.9359742191731107 -0.05996500940392679 0.07728228210413064 -0.002991820186026758
0 1 2
3 2 1
2 3 4
1 0 5
6
4 2
6.9204951288349 4.17049512883482 1.40998324127395e-15 1 0 2.875689150967697 1.007872265761941 1.606072816605012 -0.007021748376695659 0.05091043310561195 -0.01937573914186937
6.71913104090065 3.68435921676905 8 -1 1.224646799147353e-16 2.392816304378997 -1.140694431214289 -1.88580530012783 -0.03420499005202571 -0.1422020558974504 0.04261459832379769
6.71913104090065 3.68435921676905 1.23373533611471e-15 0.9812637090217039 -0.1926694925434976 3.174402746022067 -1.084678083935168 1.553300756547299 0.04013002160646682 0.1495962770330868 0.02245215693328489
6.9204951288349 4.17049512883482 8 -0.9812637090217038 0.192669492543498 2.838908376945382 0.8586996326989432 -1.267158720433566 0.005468132337501814 -0.0543625853325465 -0.02458855773630476
0 1 2
1 0 3
7
6 4
4.79424902753187 1.84261388747816 8 1 0 -0.7088223130043253 1.582158961787613 -1.709033641774198 -0.4794088739489848 -0.1826770670754662 0.02971945483066357
5.17049512883476 1.99846012542783 0 -0.9761747274250544 0.2169859477860738 0.5653795553672117 -0.7266853982347614 -0.9687404734720637 -0.5505888949961935 -0.6067573744950696 0.1338129491061197
4.79424902753187 1.84261388747816 0 -0.9970259913718945 0.07706602707348335 1.157890918448067 -1.785648255284647 -1.978614435108853 -0.455782303659783 -0.1947882926962231 -0.09093374232065442
4.17049512883481 1.76049512883482 8 0.9761747274250544 -0.2169859477860739 0.3507505905445866 1.779085934971704 -1.748604895169213 -0.342719666375729 0.0267982802945595 -0.04148031497534582
4.17049512883481 1.76049512883482 0 -0.9899938202898008 -0.1411107217329908 -0.2208552044573947 -1.758151502021021 -1.752719401818648 -0.3285294422015873 0.0279216503151325 0.01338887768509884
5.17049512883476 1.99846012542783 8 0.9899938202898008 0.1411107217329914 -0.9336066259805721 0.8714775740449238 -1.048011353896158 -0.6336910317722961 -0.7751196234554687 -0.08003846775577707
0 1 2
2 3 0
3 2 4
1 0 5
8
8 6
0 3.37499999999997 6 0.3517880098332258 0.9360796953986227 -0.0997061768132728 0.7344634583816709 -0.01411963687361325 -0.05456946383449768 -0.01063567966700474 -0.167894222918026
0.329504871165074 2.57950487116512 2 -0.3517880098332269 -0.9360796953986222 0.4805496295809803 -0.4049382303640888 0.1265980969001411 0.0497537108558531 -0.0002350532174711993 -0.189610349158075
0.329504871165074 2.57950487116512 6 0.7214963962967205 -0.6924181902079448 0.3619449363257252 -0.3635292755098615 -0.06920567116861689 -0.05017805238201004 -0.01736783979069487 -0.1711994632521627
2.02458739263755 2.71208739263759 8 1 0 0.9932933034277621 0.6742470009648883 1.02133957182011 -0.1007458286387392 0.1216556243189907 0.01766720646630152
1.4204951288348 4.17049512883486 8 0.8960824552869411 0.443887635924822 1.030740049756421 0.5068333119578042 0.674318487984124 0.001856508088806186 -0.08458642570348807 0.06073931202536834
0 3.37499999999997 2 -0.7214963962967208 0.6924181902079445 0.1594023987900115 0.6536054062307791 -0.02442070513026507 0.06240355208063278 -0.02190855981512225 -0.1790397623615451
2.02458739263755 2.71208739263759 1.23373533611471e-15 -0.9019723899333859 -0.4317937097710619 1.308532144728715 0.9790843870205908 -0.9359742191731107 -0.05996500940392679 0.07728228210413064 -0.002991820186026758
1.4204951288348 4.17049512883486 1.23373533611471e-15 -0.999909522810024 0.01345162420788253 -1.143515219571808 -0.3192245967268458 1.166149576602245 -0.003692408697027454 -0.03350715991891777 -0.0127930717069558
0 1 2
3 0 2
0 3 4
1 0 5
5 6 1
6 5 7
9
4 2
8.34099025766961 4.96599025766965 2 0.5862390013631344 0.8101381569095205 -0.175212181282013 -0.6823223334313039 -0.04887307749073089 -0.05894855019491464 0.02755103069899362 -0.1733097223827988
6.9204951288349 4.17049512883482 8 -0.9776149624416592 -0.2104019610417004 2.838908376945382 0.8586996326989432 -1.267158720433566 0.005468132337501814 -0.0543625853325465 -0.02458855773630476
6.9204951288349 4.17049512883482 1.40998324127395e-15 1 0 2.875689150967697 1.007872265761941 1.606072816605012 -0.007021748376695659 0.05091043310561195 -0.01937573914186937
8.34099025766961 4.96599025766965 6 -0.7435706762279282 0.6686573483137246 0.08674119188651207 -0.7403857687290689 0.0270878455280863 0.05534155610249773 0.0004016089148458052 -0.1662386551698748
0 1 2
1 0 3
10
6 4
6.34253013224178 5.17049512883483 8 1 0 2.504949719267165 0.8171474400339758 1.377651201094135 0.171180969300369 -0.3267390598334987 -0.1174504363385177
6.49837637019148 4.79424902753191 0 -0.9761747274250532 0.2169859477860795 -2.090300048269234 -0.196524884790497 3.055426692097101 0.1645778299102691 -0.6758731476877148 0.06912001975678589
6.49837637019148 4.79424902753191 8 0.989993820289799 -0.1411107217330039 1.880467540145746 -0.008685007985529236 2.730247190249216 0.1290919803693762 -0.8677259276554409 -0.09167282958208472
6.58049512883482 4.17049512883483 0 -1 1.224646799147353e-16 1.662494903072313 -0.2821898596788711 -1.635994306088859 0.02146365015767794 0.3340944439602607 -0.03581605085915684
6.58049512883482 4.17049512883483 8 0.9357879039758679 -0.3525634677224116 1.699067301898395 -0.323117933282112 1.698589996751872 -0.04892857933711522 -0.4169334924423531 -0.03036974149893559
6.34253013224178 5.17049512883483 0 -0.9357879039758681 0.352563467722411 3.905423683764519 1.527131012675419 -1.429919939372992 -0.0804211741196017 0.1685154841378632 -0.03967602281619784
0 1 2
3 2 1
2 3 4
1 0 5
11
4 2
6.31640286503206 5.62890286503204 8 1 0 0.6816485855712707 0.4486211106034544 -1.116742723029663 -0.2080038091965278 0.22825421313638 -0.03526850269347409
8.011485386504541 5.7614853865045 2 -0.7461864478022588 0.6657370239938942 0.4590111332697102 -0.3873058906705191 -0.1234388337754086 0.04393360265399943 -0.000633843297076761 0.1653572329003942
6.31640286503206 5.62890286503204 1.40998324127395e-15 -0.9741953372459048 -0.2257065459581041 1.090371442848349 0.6890947278037447 1.181952725023232 -0.06161385267778696 0.08410144579032176 0.00780752254601354
8.011485386504541 5.7614853865045 6 0.5766701539629553 0.8169770703810123 0.3441017687185345 -0.3565245669515239 0.09491860488653732 -0.04129598547136727 -0.007307917028173109 0.1222581147474411
0 1 2
1 0 3
12
4 2
5.17049512883476 6.34253013224185 8 1 0 0.620049787484024 0.5554013028367163 0.9136376429443899 -0.7629547305212132 0.9977527171121483 -0.0887477011258466
5.17049512883476 5.17049512883483 0 -1 1.224646799147353e-16 -0.1843626299744601 -0.09678741375965651 0.2811500437341163 -0.09222678158123035 0.1135974612469388 -0.02137067966570839
5.17049512883476 5.17049512883483 8 0.9204977932304985 -0.3907477609120523 0.1543237359958012 0.007763182446740666 0.1620869184425418 0.05606940973838673 -0.1044506805495457 -0.04838127081115894
5.17049512883476 6.34253013224185 0 -0.9204977932304986 0.3907477609120522 1.080842529798028 0.7246173110502082 -1.081961080764957 -0.9659301179983532 1.44275771501853 0.001320623850177407
0 1 2
1 0 3
13
4 2
1.62185921676905 4.65663104090063 8 1 0 3.371726681435958 -0.656889522085766 2.751181669591359 -0.006287951462809964 -0.09256502790902346 -0.0143951755945531
0.329504871165074 5.76148538650459 2 -0.7461864478022585 0.6657370239938946 -0.008489475241320958 0.6432193649466934 -0.05069987079656294 0.05640413217900698 -0.0153124042401996 -0.2037101131139426
1.62185921676905 4.65663104090063 1.32185928869433e-15 -0.9741953372459056 -0.2257065459581011 4.571306367441837 -0.3598240966203755 -2.257561908492359 0.001735085830477249 0.03076156533590982 -0.001389615735853151
0.329504871165074 5.76148538650459 6 0.5766701539629577 0.8169770703810105 0.02961523707805751 0.5221862182825538 -0.01954098260950822 -0.07875040497412417 -0.002573467376353086 -0.1881195630686653
0 1 2
1 0 3
14
4 2
4.17049512883481 1.42049512883481 8 1 0 -0.5376251278074847 1.652875337643257 1.286218208732206 -0.01806167050356543 0.001531869257483307 -0.009518133661901055
4.96599025766957 0 2 -0.74357067622793 -0.6686573483137225 0.6293834620766122 -0.102595191901658 -0.1045357493249688 -0.02495324152815361 0.0380897352986428 -0.18761984653212
4.96599025766957 0 6 0.5862390013631279 -0.8101381569095253 0.6765043837236202 -0.006711947288552911 -0.07191467790247001 -0.01937997695964418 -0.07795110949405236 -0.1750329139862756
4.17049512883481 1.42049512883481 1.23373533611471e-15 -0.9776149624416568 0.2104019610417119 0.2882180090711908 -1.868382918339753 1.205833636695137 -0.2390510560689876 -0.009050047294167115 0.04311528895019928
0 1 2
1 0 3
15
4 2
5.76148538650451 8.011485386504591 6 1 0 0.5867723072421831 0.04347779672125242 0.1593873140592699 -0.0361755666795336 -0.02713973686756177 0.1405808035676371
4.65663104090058 6.71913104090064 1.32185928869433e-15 -0.7461864478022565 0.6657370239938969 -0.8098131343362626 -2.245485262973463 -1.633113940799046 -0.1261429679563747 0.01525954076925928 0.04156914997914987
4.65663104090058 6.71913104090064 8 0.5766701539629631 -0.8169770703810068 0.5583792662747498 1.603638186201739 -2.039966990273565 -0.01180750180817153 0.002712439729803659 -0.00109967086643882
5.76148538650451 8.011485386504591 2 0.1135884297674997 0.9935278902089029 0.6597088723868659 -0.03463940787167817 0.03133260534963279 -0.004774011224728576 0.07862640808270055 0.1874414755924035
0 1 2
1 0 3
16
6 4
3.17049512883476 1.99846012542784 8 0.9357879039758638 -0.3525634677224224 0.1700058795332658 1.571511529044826 -1.124634433216899 -0.1556254798868845 0.0829391018257237 0.09237002271453325
3.54674123013774 1.84261388747816 0 -0.9899938202897967 0.1411107217330201 -0.1627474149894193 -1.933967466871515 -2.818366152295054 -0.7080162492314507 0.1700244199808529 -0.07578642055071939
3.17049512883476 1.99846012542784 0 -1 5.66553889764798e-16 -0.9305030616870531 -2.786317752292979 -1.286937703191992 -0.07092166580607641 0.03395275052003913 -0.02223132034262221
3.54674123013774 1.84261388747816 8 0.976174727425054 -0.2169859477860757 0.2487119314504762 1.726752729472699 -2.589688261903565 -0.7701218384776297 0.1517992826738027 0.02725476144265431
4.17049512883481 1.76049512883482 0 -0.9357879039758639 0.3525634677224223 -0.2208552044573947 -1.758151502021021 -1.752719401818648 -0.3285294422015873 0.0279216503151325 0.01338887768509884
4.17049512883481 1.76049512883482 8 1 0 0.3507505905445866 1.779085934971704 -1.748604895169213 -0.342719666375729 0.0267982802945595 -0.04148031497534582
0 1 2
1 0 3
3 4 1
4 3 5
17
6 4
0 3.37499999999997 2 0.1894925285935503 -0.9818821627910462 0.1594023987900115 0.6536054062307791 -0.02442070513026507 0.06240355208063278 -0.02190855981512225 -0.1790397623615451
1.4204951288348 4.17049512883486 8 0.6295590612609102 0.7769526294339195 1.030740049756421 0.5068333119578042 0.674318487984124 0.001856508088806186 -0.08458642570348807 0.06073931202536834
1.4204951288348 4.17049512883486 1.23373533611471e-15 -0.643579189757455 -0.7653795310244047 -1.143515219571808 -0.3192245967268458 1.166149576602245 -0.003692408697027454 -0.03350715991891777 -0.0127930717069558
1.62185921676905 4.65663104090063 8 0.4789254452654414 0.8778555791685205 3.371726681435958 -0.656889522085766 2.751181669591359 -0.006287951462809964 -0.09256502790902346 -0.0143951755945531
1.62185921676905 4.65663104090063 1.32185928869433e-15 -0.7711979410610326 -0.6365954254494954 4.571306367441837 -0.3598240966203755 -2.257561908492359 0.001735085830477249 0.03076156533590982 -0.001389615735853151
0 3.37499999999997 6 1 0 -0.0997061768132728 0.7344634583816709 -0.01411963687361325 -0.05456946383449768 -0.01063567966700474 -0.167894222918026
0 1 2
3 2 1
2 3 4
1 0 5
18
6 4
4.17049512883481 6.58049512883484 8 1 0 0.1283995211175323 0.8259195449809466 1.219900782882156 -0.319636574677157 0.005906360125625365 0.02964421808739718
3.54674123013774 6.49837637019149 0 -0.9899938202897962 -0.1411107217330229 -0.2407788828153102 -1.950385539536553 2.757161365713907 -1.07116241291097 -0.1162684297918299 -0.1757900568650843
4.17049512883481 6.58049512883484 0 -0.9357879039758626 -0.3525634677224254 -0.233868788554279 -1.742548217767309 1.737815810351182 -0.4067323021728413 0.03632237844523281 -0.01831522924389394
3.54674123013774 6.49837637019149 8 0.9761747274250541 0.2169859477860753 -0.06349941370838545 1.81766856555583 2.608810206037566 -0.7830567038218839 -0.174748230373613 0.1026946011723999
3.17049512883476 6.34253013224179 0 -1 -3.216245299353273e-16 -0.09157689752632137 -2.235349908193987 1.292381446122894 -0.06021422864159115 -0.02184475171546165 -0.04205019822177749
3.17049512883476 6.34253013224179 8 0.9357879039758629 0.3525634677224247 -0.9291355170093412 3.078872043525158 1.376402383341626 -0.05318823519543811 -0.02374147817483074 0.01720274194806037
0 1 2
1 0 3
3 4 1
4 3 5
19
4 2
3.68435921676903 1.62185921676907 1.23373533611471e-15 1 0 -1.054543533982282 -2.402538870255567 1.902435487170114 -0.1451568347018235 0.03151639498323393 -0.04066095169705943
2.5795048711651 0.329504871165124 6 -0.7461864478022566 -0.6657370239938967 0.5945570053724234 0.04754925747541128 -0.1400122983034405 -0.0410678732480871 -0.03515862951005252 -0.186333334846857
2.5795048711651 0.329504871165124 2 0.5766701539629637 -0.8169770703810063 0.6477533124394063 -0.03826968301137228 -0.02056907037293603 -0.001169262760696388 0.0693442853729562 -0.1658401466074323
3.68435921676903 1.62185921676907 8 -0.9741953372459076 0.2257065459580922 0.9349278255670306 2.82931549535903 1.658958458720985 -0.06090312690260472 0.01617367997131336 0.006738917775005326
0 1 2
1 0 3
20
4 2
4.17049512883481 1.42049512883481 8 1 0 -0.5376251278074847 1.652875337643257 1.286218208732206 -0.01806167050356543 0.001531869257483307 -0.009518133661901055
3.68435921676903 1.62185921676907 1.23373533611471e-15 -1 1.224646799147353e-16 -1.054543533982282 -2.402538870255567 1.902435487170114 -0.1451568347018235 0.03151639498323393 -0.04066095169705943
4.17049512883481 1.42049512883481 1.23373533611471e-15 -0.981263709021703 -0.1926694925435021 0.2882180090711908 -1.868382918339753 1.205833636695137 -0.2390510560689876 -0.009050047294167115 0.04311528895019928
3.68435921676903 1.62185921676907 8 0.981263709021703 0.1926694925435021 0.9349278255670306 2.82931549535903 1.658958458720985 -0.06090312690260472 0.01617367997131336 0.006738917775005326
0 1 2
1 0 3
21
6 4
4.79424902753187 6.49837637019149 8 0.9899938202898013 0.1411107217329875 1.755731866766398 2.698274589960643 2.243372276921927 -0.5242096341565485 0.2563533252244063 0.1019268618061972
4.17049512883481 6.58049512883484 0 -1 1.224646799147353e-16 -0.233868788554279 -1.742548217767309 1.737815810351182 -0.4067323021728413 0.03632237844523281 -0.01831522924389394
4.79424902753187 6.49837637019149 0 -0.9761747274250543 -0.2169859477860745 -1.02477352038595 -1.6306895560424 1.849315890703105 -0.5184957247340898 0.2418558608217088 -0.074053796606455
5.17049512883476 6.34253013224185 8 1 0 0.620049787484024 0.5554013028367163 0.9136376429443899 -0.7629547305212132 0.9977527171121483 -0.0887477011258466
5.17049512883476 6.34253013224185 0 -0.9357879039758756 -0.3525634677223909 1.080842529798028 0.7246173110502082 -1.081961080764957 -0.9659301179983532 1.44275771501853 0.001320623850177407
4.17049512883481 6.58049512883484 8 0.9357879039758756 0.352563467722391 0.1283995211175323 0.8259195449809466 1.219900782882156 -0.319636574677157 0.005906360125625365 0.02964421808739718
0 1 2
2 3 0
3 2 4
1 0 5
22
8 6
1.99846012542783 5.17049512883483 0 1 0 0.5271262335754018 -0.5396612018585828 1.233181741150182 -1.259392082743934 -0.9349316792462097 0.1291879746331861
1.84261388747814 4.79424902753191 8 -0.9175279174896069 0.3976713726523259 1.430889807594979 -1.072732202704014 -1.674547097444577 -0.3591988459356867 -0.6887253910024944 0.1342714925977039
1.84261388747814 4.79424902753191 0 0.9912522055038293 -0.1319813058118236 1.676651850374965 -1.362226596662867 1.916851367106476 0.3306331665354332 0.658814767079921 0.1789905536815123
1.76049512883479 4.17049512883483 8 -0.9791649292865853 0.2030665931540596 -3.27520429226989 -0.1895870649698412 4.858403659438297 0.003905541209059225 0.321678786746559 0.01518556043208996
1.76049512883479 4.17049512883483 0 0.943798401576098 -0.3305216743004949 2.898661125267761 -0.04258150101821983 4.308015015672623 -0.007721663887404965 0.3011791079536457 0.008172475095076341
1.84261388747814 3.54674123013775 8 -1 1.224646799147353e-16 4.049094765092283 0.8025225371495012 -3.071599168939129 0.03319924850895409 -0.1607985931435162 0.001752314708711719
1.84261388747814 3.54674123013775 0 0.8570163847762746 -0.5152891578764339 3.472337114825464 0.6335804070142339 2.606573364461982 -0.07264433579809572 0.3176061862846592 0.01957227342712028
1.99846012542783 5.17049512883483 8 -0.8570163847762747 0.5152891578764338 -0.8210594684587706 1.2815621860956 1.265277420071833 -1.501585031761766 -0.9787778794123485 0.0169718596705257
0 1 2
3 2 1
2 3 4
5 4 3
4 5 6
1 0 7
23
4 2
3.17049512883476 3.17049512883482 0 -1 1.224646799147353e-16 -0.2317524150601304 -0.3307997876035649 -0.3750348017757963 -0.02282182875868602 0.01893003690674312 -0.00259452790129527
3.17049512883476 1.99846012542784 8 1 0 0.1700058795332658 1.571511529044826 -1.124634433216899 -0.1556254798868845 0.0829391018257237 0.09237002271453325
3.17049512883476 1.99846012542784 0 -0.9204977932305033 0.3907477609120411 -0.9305030616870531 -2.786317752292979 -1.286937703191992 -0.07092166580607641 0.03395275052003913 -0.02223132034262221
3.17049512883476 3.17049512883482 8 0.9204977932305037 -0.39074776091204 0.3538906532599883 0.4534285868264657 -0.2691064133621513 -0.03712562092952525 0.03032172009639775 0.002267966944375831
0 1 2
1 0 3
24
6 4
6.49837637019148 3.54674123013775 8 1 0 2.022343003920938 -0.3557426952855792 3.030275804009825 -0.1607466191347761 -0.5934014543352722 0.03761590536040076
6.34253013224178 3.17049512883482 0 -0.9761747274250534 -0.2169859477860784 1.622895871853671 -0.6954210450518671 -0.984362974765553 0.1117198154373668 0.179014405090914 0.05772184048615577
6.34253013224178 3.17049512883482 8 0.9899938202897984 -0.1411107217330074 2.530626949796419 -1.217325635268137 1.005292607754237 -0.01201202887874554 -0.02120815026348372 0.00455662259385552
6.49837637019148 3.54674123013775 0 -0.9970259913718954 -0.0770660270734716 -1.723914673976321 0.3980386975230503 2.633626969537041 -0.1422762774747258 -0.6340590539980033 0.002698893044031069
6.58049512883482 4.17049512883483 8 0.9761747274250533 0.2169859477860789 1.699067301898395 -0.323117933282112 1.698589996751872 -0.04892857933711522 -0.4169334924423531 -0.03036974149893559
6.58049512883482 4.17049512883483 0 -0.9899938202897984 0.1411107217330073 1.662494903072313 -0.2821898596788711 -1.635994306088859 0.02146365015767794 0.3340944439602607 -0.03581605085915684
0 1 2
1 0 3
4 3 0
3 4 5
25
8 6
8.011485386504541 5.7614853865045 2 0.3391643887514921 0.9407271216473068 0.4590111332697102 -0.3873058906705191 -0.1234388337754086 0.04393360265399943 -0.000633843297076761 0.1653572329003942
8.34099025766961 4.96599025766965 6 -0.3391643887514924 -0.9407271216473067 0.08674119188651207 -0.7403857687290689 0.0270878455280863 0.05534155610249773 0.0004016089148458052 -0.1662386551698748
8.34099025766961 4.96599025766965 2 0.730745266619595 -0.682650243765471 -0.175212181282013 -0.6823223334313039 -0.04887307749073089 -0.05894855019491464 0.02755103069899362 -0.1733097223827988
6.31640286503206 5.62890286503204 1.40998324127395e-15 0.8960824552869411 0.4438876359248218 1.090371442848349 0.6890947278037447 1.181952725023232 -0.06161385267778696 0.08410144579032176 0.00780752254601354
6.9204951288349 4.17049512883482 1.40998324127395e-15 1 0 2.875689150967697 1.007872265761941 1.606072816605012 -0.007021748376695659 0.05091043310561195 -0.01937573914186937
8.011485386504541 5.7614853865045 6 -0.7307452666195952 0.6826502437654709 0.3441017687185345 -0.3565245669515239 0.09491860488653732 -0.04129598547136727 -0.007307917028173109 0.1222581147474411
6.31640286503206 5.62890286503204 8 -0.9999095228100238 -0.01345162420790271 0.6816485855712707 0.4486211106034544 -1.116742723029663 -0.2080038091965278 0.22825421313638 -0.03526850269347409
6.9204951288349 4.17049512883482 8 -0.8900303705954048 -0.4559012386666727 2.838908376945382 0.8586996326989432 -1.267158720433566 0.005468132337501814 -0.0543625853325465 -0.02458855773630476
0 1 2
2 3 0
3 2 4
1 0 5
6 1 5
1 6 7
26
4 2
2.5795048711651 8.011485386504541 6 -0.7461864478022578 -0.6657370239938953 0.4058044810563345 0.4762975923649771 0.1471123211556223 0.004001564919828409 0.05114108265788742 -0.1766148974640203
2.71208739263758 6.31640286503209 1.33287478276678e-15 1 0 0.3696345286216151 -0.6286848852700859 -0.7289825806606051 -0.03363932622172672 -0.02973549529168698 0.008587310754550395
2.71208739263758 6.31640286503209 8 -0.9741953372459061 0.2257065459580987 -0.6653682383934456 0.7008635594459734 -0.6844585748107935 -0.08259445394573951 -0.07601905090691276 0.002449737325717982
2.5795048711651 8.011485386504541 2 0.5766701539629594 -0.8169770703810093 0.4024751054753177 0.3353438840293906 -0.02329045760341269 -0.03914451445448698 0.05864610403705347 0.1679623386426845
0 1 2
1 0 3
27
8 6
5.76148538650442 0.329504871165124 2 -0.7307452666195847 -0.6826502437654821 0.4771605079420319 0.4161914731417152 -0.006193613009422463 -0.04923725331278726 0.05384443014891328 -0.1750965219489525
4.17049512883481 1.42049512883481 1.23373533611471e-15 -0.8900303705954234 0.4559012386666362 0.2882180090711908 -1.868382918339753 1.205833636695137 -0.2390510560689876 -0.009050047294167115 0.04311528895019928
5.62890286503194 2.02458739263758 1.23373533611471e-15 -0.9999095228100239 0.01345162420788875 0.7422056778453754 -1.383964879005387 1.210840367366937 -0.187572590647668 -0.1435668103368173 -0.04911793751925182
4.96599025766957 0 2 -0.3391643887515164 0.940727121647298 0.6293834620766122 -0.102595191901658 -0.1045357493249688 -0.02495324152815361 0.0380897352986428 -0.18761984653212
5.76148538650442 0.329504871165124 6 0.3391643887515163 -0.9407271216472981 -0.3883433172369943 -0.4572956193650773 0.135060490274978 -0.003189654024816049 -0.05507987526990193 -0.1956639313772158
4.96599025766957 0 6 0.7307452666195845 0.6826502437654822 0.6765043837236202 -0.006711947288552911 -0.07191467790247001 -0.01937997695964418 -0.07795110949405236 -0.1750329139862756
5.62890286503194 2.02458739263758 8 0.8960824552869537 -0.4438876359247964 -0.9846096144161972 1.368026335316712 0.8098428782102566 -0.01697390557551815 -0.01265481445230093 0.0007402038488887105
4.17049512883481 1.42049512883481 8 1 0 -0.5376251278074847 1.652875337643257 1.286218208732206 -0.01806167050356543 0.001531869257483307 -0.009518133661901055
0 1 2
1 0 3
4 3 0
3 4 5
6 5 4
5 6 7
28
4 2
1.99846012542783 3.17049512883482 8 -1 1.224646799147353e-16 0.6143609646722095 0.4873910031892535 -1.241502986028133 -0.7931776906705592 0.6338810042497025 -0.1436561286119408
3.17049512883476 3.17049512883482 0 1 0 -0.2317524150601304 -0.3307997876035649 -0.3750348017757963 -0.02282182875868602 0.01893003690674312 -0.00259452790129527
1.99846012542783 3.17049512883482 0 0.9204977932305092 0.3907477609120271 -1.044634659381419 -1.047190314935297 -1.206524639874307 -0.7113930762374455 0.6057663080497514 0.09017076765968569
3.17049512883476 3.17049512883482 8 -0.9204977932305094 -0.3907477609120266 0.3538906532599883 0.4534285868264657 -0.2691064133621513 -0.03712562092952525 0.03032172009639775 0.002267966944375831
0 1 2
1 0 3
29
8 6
8.01148538650463 2.57950487116508 2 -0.3517880098331978 -0.9360796953986332 0.009316770927056201 -0.6553258866759226 -0.04922034165797591 -0.05170096412992031 0.01329652123338201 -0.1868178947308805
7.68198051533946 1.78400974233023 6 0.3517880098331985 0.9360796953986329 -0.4777197701502731 -0.5646411007106794 -0.07535344585152513 0.03336386284266425 -0.008374384131089981 -0.1487663276482163
7.68198051533946 1.78400974233023 2 -0.7214963962967298 0.6924181902079352 0.5766650741195317 0.2564425547785878 -0.05418542594593462 -0.02709526397094976 0.02714685058790948 -0.1598821922297702
6.11503877709771 2.22595148057182 1.23373533611471e-15 -0.9999095228100245 0.01345162420784479 0.6522149740725173 -0.5637205695784488 0.7394525002638279 -0.1585966204251557 -0.1412339347197461 0.03221656096376897
6.71913104090065 3.68435921676905 1.23373533611471e-15 -0.9019723899333681 -0.4317937097710991 3.174402746022067 -1.084678083935168 1.553300756547299 0.04013002160646682 0.1495962770330868 0.02245215693328489
8.01148538650463 2.57950487116508 6 0.7214963962967297 -0.6924181902079353 -0.03141742640850265 -0.5417863704377514 -0.01862085952898514 0.06794593959074434 0.001641841008566385 -0.1624099914941273
6.11503877709771 2.22595148057182 8 0.8960824552869394 0.4438876359248253 -0.5435827711470924 0.271584166813448 0.6410995315632857 -0.1023698623856145 -0.07874497364050229 -0.05344038442373137
6.71913104090065 3.68435921676905 8 1 0 2.392816304378997 -1.140694431214289 -1.88580530012783 -0.03420499005202571 -0.1422020558974504 0.04261459832379769
0 1 2
3 0 2
0 3 4
1 0 5
5 6 1
6 5 7
30
4 2
5.17049512883476 3.17049512883482 8 -1 1.224646799147353e-16 0.251096899181733 -0.08092462209506851 0.3320215212768015 -0.07529064563062735 -0.1063174049694379 0.03102675933881057
6.34253013224178 3.17049512883482 0 1 0 1.622895871853671 -0.6954210450518671 -0.984362974765553 0.1117198154373668 0.179014405090914 0.05772184048615577
5.17049512883476 3.17049512883482 0 0.9204977932304987 0.3907477609120519 0.1543237359958049 -0.007763182446735094 -0.1620869184425399 0.05606940973839108 0.1044506805495589 0.04838127081116785
6.34253013224178 3.17049512883482 8 -0.9204977932304985 -0.3907477609120523 2.530626949796419 -1.217325635268137 1.005292607754237 -0.01201202887874554 -0.02120815026348372 0.00455662259385552
0 1 2
1 0 3
31
8 6
2.5795048711651 8.011485386504541 6 -0.3517880098332302 0.936079695398621 0.4058044810563345 0.4762975923649771 0.1471123211556223 0.004001564919828409 0.05114108265788742 -0.1766148974640203
3.37499999999995 8.34099025766967 2 0.3517880098332316 -0.9360796953986206 0.7272217567805389 0.06549119230073293 0.09790989248189708 -0.02763959658610339 0.03562105046905287 0.1814653296970344
2.5795048711651 8.011485386504541 2 0.7214963962967218 0.6924181902079435 0.4024751054753177 0.3353438840293906 -0.02329045760341269 -0.03914451445448698 0.05864610403705347 0.1679623386426845
4.1704951288348 6.92049512883484 1.33287478276678e-15 0.8960824552869459 -0.4438876359248123 0.7064095978233376 -2.321116303065522 -1.624313691624204 -0.06908476037865857 -0.002178153030063082 -0.02693223083185085
2.71208739263758 6.31640286503209 1.33287478276678e-15 1 0 0.3696345286216151 -0.6286848852700859 -0.7289825806606051 -0.03363932622172672 -0.02973549529168698 0.008587310754550395
3.37499999999995 8.34099025766967 6 -0.7214963962967204 -0.6924181902079449 0.6613179335785212 -0.1720148197307993 0.05319951059111425 -0.03034196936643212 -0.06091209353776285 0.180225449186543
2.71208739263758 6.31640286503209 8 -0.9019723899333878 0.4317937097710581 -0.6653682383934456 0.7008635594459734 -0.6844585748107935 -0.08259445394573951 -0.07601905090691276 0.002449737325717982
4.17049512883481 6.92049512883484 8 -0.9999095228100241 -0.01345162420787785 -0.4526957118374291 3.846452460450077 -1.379220870756727 -0.1452404079901924 -0.007249516128336075 0.02745375417136266
0 1 2
3 2 1
2 3 4
1 0 5
6 5 0
5 6 7
32
4 2
6.34253013224178 5.17049512883483 8 1 0 2.504949719267165 0.8171474400339758 1.377651201094135 0.171180969300369 -0.3267390598334987 -0.1174504363385177
5.17049512883476 5.17049512883483 0 -1 1.224646799147353e-16 -0.1843626299744601 -0.09678741375965651 0.2811500437341163 -0.09222678158123035 0.1135974612469388 -0.02137067966570839
6.34253013224178 5.17049512883483 0 -0.9204977932304985 -0.3907477609120523 3.905423683764519 1.527131012675419 -1.429919939372992 -0.0804211741196017 0.1685154841378632 -0.03967602281619784
5.17049512883476 5.17049512883483 8 0.9204977932304987 0.3907477609120519 0.1543237359958012 0.007763182446740666 0.1620869184425418 0.05606940973838673 -0.1044506805495457 -0.04838127081115894
0 1 2
1 0 3
33
6 4
6.11503877709771 2.22595148057182 8 -0.9801191415093128 -0.1984098496724588 -0.5435827711470924 0.271584166813448 0.6410995315632857 -0.1023698623856145 -0.07874497364050229 -0.05344038442373137
5.62890286503194 2.02458739263758 1.23373533611471e-15 1 0 0.7422056778453754 -1.383964879005387 1.210840367366937 -0.187572590647668 -0.1435668103368173 -0.04911793751925182
6.11503877709771 2.22595148057182 1.23373533611471e-15 0.9835640542334938 0.1805595503421871 0.6522149740725173 -0.5637205695784488 0.7394525002638279 -0.1585966204251557 -0.1412339347197461 0.03221656096376897
7.68198051533946 1.78400974233023 2 0.478925445265418 0.8778555791685333 0.5766650741195317 0.2564425547785878 -0.05418542594593462 -0.02709526397094976 0.02714685058790948 -0.1598821922297702
7.68198051533946 1.78400974233023 6 -0.7711979410610378 0.6365954254494892 -0.4777197701502731 -0.5646411007106794 -0.07535344585152513 0.03336386284266425 -0.008374384131089981 -0.1487663276482163
5.62890286503194 2.02458739263758 8 -0.928185163214431 -0.3721186676163936 -0.9846096144161972 1.368026335316712 0.8098428782102566 -0.01697390557551815 -0.01265481445230093 0.0007402038488887105
0 1 2
3 0 2
0 3 4
1 0 5
34
4 2
6.71913104090065 3.68435921676905 8 1 0 2.392816304378997 -1.140694431214289 -1.88580530012783 -0.03420499005202571 -0.1422020558974504 0.04261459832379769
8.01148538650463 2.57950487116508 2 -0.7461864478022583 0.6657370239938949 0.009316770927056201 -0.6553258866759226 -0.04922034165797591 -0.05170096412992031 0.01329652123338201 -0.1868178947308805
6.71913104090065 3.68435921676905 1.23373533611471e-15 -0.9741953372459051 -0.2257065459581028 3.174402746022067 -1.084678083935168 1.553300756547299 0.04013002160646682 0.1495962770330868 0.02245215693328489
8.01148538650463 2.57950487116508 6 0.5766701539629565 0.8169770703810114 -0.03141742640850265 -0.5417863704377514 -0.01862085952898514 0.06794593959074434 0.001641841008566385 -0.1624099914941273
0 1 2
1 0 3
35
4 2
4.1704951288348 6.92049512883484 1.33287478276678e-15 0.5862390013631199 -0.8101381569095309 0.7064095978233376 -2.321116303065522 -1.624313691624204 -0.06908476037865857 -0.002178153030063082 -0.02693223083185085
3.37499999999995 8.34099025766967 6 0.1057947010921293 0.9943879933008177 0.6613179335785212 -0.1720148197307993 0.05319951059111425 -0.03034196936643212 -0.06091209353776285 0.180225449186543
4.17049512883481 6.92049512883484 8 -0.7435706762279332 0.668657348313719 -0.4526957118374291 3.846452460450077 -1.379220870756727 -0.1452404079901924 -0.007249516128336075 0.02745375417136266
3.37499999999995 8.34099025766967 2 1 0 0.7272217567805389 0.06549119230073293 0.09790989248189708 -0.02763959658610339 0.03562105046905287 0.1814653296970344
0 1 2
1 0 3
36
4 2
5.17049512883476 3.17049512883482 8 -1 1.224646799147353e-16 0.251096899181733 -0.08092462209506851 0.3320215212768015 -0.07529064563062735 -0.1063174049694379 0.03102675933881057
5.17049512883476 1.99846012542783 0 1 0 0.5653795553672117 -0.7266853982347614 -0.9687404734720637 -0.5505888949961935 -0.6067573744950696 0.1338129491061197
5.17049512883476 1.99846012542783 8 -0.9204977932305022 0.3907477609120436 -0.9336066259805721 0.8714775740449238 -1.048011353896158 -0.6336910317722961 -0.7751196234554687 -0.08003846775577707
5.17049512883476 3.17049512883482 0 0.9204977932305024 -0.3907477609120433 0.1543237359958049 -0.007763182446735094 -0.1620869184425399 0.05606940973839108 0.1044506805495589 0.04838127081116785
0 1 2
1 0 3
37
4 2
3.17049512883476 6.34253013224179 0 1 0 -0.09157689752632137 -2.235349908193987 1.292381446122894 -0.06021422864159115 -0.02184475171546165 -0.04205019822177749
3.17049512883476 5.17049512883483 8 -1 1.224646799147353e-16 -0.2529733736545242 0.2941155571635413 0.3647259538787102 -0.008961514718454348 -0.008275269635826069 0.0004574967217521869
3.17049512883476 5.17049512883483 0 0.9204977932305055 -0.3907477609120359 0.4268175075898482 -0.3545039938934785 0.2604405004944415 0.06379806379189305 0.07425190308430857 -0.003484613097471851
3.17049512883476 6.34253013224179 8 -0.9204977932305055 0.3907477609120358 -0.9291355170093412 3.078872043525158 1.376402383341626 -0.05318823519543811 -0.02374147817483074 0.01720274194806037
0 1 2
1 0 3
38
4 2
5.62890286503194 2.02458739263758 1.23373533611471e-15 0.5766701539629587 0.8169770703810099 0.7422056778453754 -1.383964879005387 1.210840367366937 -0.187572590647668 -0.1435668103368173 -0.04911793751925182
5.76148538650442 0.329504871165124 6 0.1135884297675028 -0.9935278902089025 -0.3883433172369943 -0.4572956193650773 0.135060490274978 -0.003189654024816049 -0.05507987526990193 -0.1956639313772158
5.76148538650442 0.329504871165124 2 1 0 0.4771605079420319 0.4161914731417152 -0.006193613009422463 -0.04923725331278726 0.05384443014891328 -0.1750965219489525
5.62890286503194 2.02458739263758 8 -0.7461864478022584 -0.6657370239938947 -0.9846096144161972 1.368026335316712 0.8098428782102566 -0.01697390557551815 -0.01265481445230093 0.0007402038488887105
0 1 2
1 0 3
39
4 2
2.02458739263755 2.71208739263759 8 1 0 0.9932933034277621 0.6742470009648883 1.02133957182011 -0.1007458286387392 0.1216556243189907 0.01766720646630152
0.329504871165074 2.57950487116512 2 -0.7461864478022592 0.6657370239938939 0.4805496295809803 -0.4049382303640888 0.1265980969001411 0.0497537108558531 -0.0002350532174711993 -0.189610349158075
2.02458739263755 2.71208739263759 1.23373533611471e-15 -0.9741953372459047 -0.2257065459581045 1.308532144728715 0.9790843870205908 -0.9359742191731107 -0.05996500940392679 0.07728228210413064 -0.002991820186026758
0.329504871165074 2.57950487116512 6 0.5766701539629557 0.8169770703810119 0.3619449363257252 -0.3635292755098615 -0.06920567116861689 -0.05017805238201004 -0.01736783979069487 -0.1711994632521627
0 1 2
1 0 3
40
4 2
3.17049512883476 5.17049512883483 8 -1 1.224646799147353e-16 -0.2529733736545242 0.2941155571635413 0.3647259538787102 -0.008961514718454348 -0.008275269635826069 0.0004574967217521869
1.99846012542783 5.17049512883483 0 1 0 0.5271262335754018 -0.5396612018585828 1.233181741150182 -1.259392082743934 -0.9349316792462097 0.1291879746331861
3.17049512883476 5.17049512883483 0 0.9204977932305092 0.3907477609120271 0.4268175075898482 -0.3545039938934785 0.2604405004944415 0.06379806379189305 0.07425190308430857 -0.003484613097471851
1.99846012542783 5.17049512883483 8 -0.9204977932305094 -0.3907477609120266 -0.8210594684587706 1.2815621860956 1.265277420071833 -1.501585031761766 -0.9787778794123485 0.0169718596705257
0 1 2
1 0 3
41
8 6
2.5795048711651 0.329504871165124 6 -0.7307452666195799 0.6826502437654871 0.5945570053724234 0.04754925747541128 -0.1400122983034405 -0.0410678732480871 -0.03515862951005252 -0.186333334846857
1.78400974233025 0.659009742330249 2 0.7307452666195811 -0.6826502437654859 -0.3778353873373128 0.5230018905191451 0.1124870843726161 0.007565487238490698 0.04288528801553557 -0.1739806664523771
2.5795048711651 0.329504871165124 2 0.3391643887515126 0.9407271216472994 0.6477533124394063 -0.03826968301137228 -0.02056907037293603 -0.001169262760696388 0.0693442853729562 -0.1658401466074323
2.22595148057181 2.22595148057182 1.23373533611471e-15 1 0 -0.36191522561259 -0.5803051518831801 0.5526852671971193 -0.09999989165954618 0.09675490117030418 0.03610713990817999
3.68435921676903 1.62185921676907 1.23373533611471e-15 0.8960824552869456 0.4438876359248126 -1.054543533982282 -2.402538870255567 1.902435487170114 -0.1451568347018235 0.03151639498323393 -0.04066095169705943
1.78400974233025 0.659009742330249 6 -0.3391643887515124 -0.9407271216472994 0.466190890827435 -0.4715970546968798 -0.06424480006198385 -0.06926857431477572 -0.04396051475412387 -0.1799480903356263
3.68435921676903 1.62185921676907 8 -0.9999095228100242 -0.01345162420786897 0.9349278255670306 2.82931549535903 1.658958458720985 -0.06090312690260472 0.01617367997131336 0.006738917775005326
2.22595148057181 2.22595148057182 8 -0.8900303705954246 -0.455901238666634 0.6179219952500811 0.7747455623872113 0.6549870526958504 -0.0188145027000957 0.02548366636357695 -0.01239331731374809
0 1 2
3 2 1
2 3 4
1 0 5
6 5 0
5 6 7
42
8 6
0.659009742330237 6.55698051533944 6 0.7307452666195796 0.6826502437654874 0.4879620969872921 0.5713565852773067 -0.0596022751808369 -0.03690302675297547 0.013071535839905 -0.176818254097964
0.329504871165074 5.76148538650459 2 -0.7307452666195798 -0.6826502437654872 -0.008489475241320958 0.6432193649466934 -0.05069987079656294 0.05640413217900698 -0.0153124042401996 -0.2037101131139426
0.329504871165074 5.76148538650459 6 0.3391643887515104 -0.9407271216473002 0.02961523707805751 0.5221862182825538 -0.01954098260950822 -0.07875040497412417 -0.002573467376353086 -0.1881195630686653
2.22595148057181 6.11503877709784 8 1 0 -0.9199397442197896 0.756906499349734 -0.9192175595373328 -0.2006935858373327 -0.1597096541912456 0.06934237721435446
1.62185921676905 4.65663104090063 8 0.8960824552869474 -0.4438876359248091 3.371726681435958 -0.656889522085766 2.751181669591359 -0.006287951462809964 -0.09256502790902346 -0.0143951755945531
0.659009742330237 6.55698051533944 2 -0.3391643887515106 0.9407271216473001 0.6064522765125631 0.2687416100275629 0.05305876336056908 -0.03091289056076144 0.03249727476567498 0.1887308010567721
2.22595148057181 6.11503877709784 1.32185928869433e-15 -0.8900303705954239 0.4559012386666353 1.357725660003189 -1.347745575672082 -1.035980131442902 -0.2574577056672433 -0.2330763086674397 -0.03419888902704772
1.62185921676905 4.65663104090063 1.32185928869433e-15 -0.9999095228100241 0.01345162420787365 4.571306367441837 -0.3598240966203755 -2.257561908492359 0.001735085830477249 0.03076156533590982 -0.001389615735853151
0 1 2
2 3 0
3 2 4
1 0 5
6 1 5
1 6 7
43
4 2
1.84261388747814 3.54674123013775 0 -1 1.224646799147353e-16 3.472337114825464 0.6335804070142339 2.606573364461982 -0.07264433579809572 0.3176061862846592 0.01957227342712028
1.99846012542783 3.17049512883482 8 1 0 0.6143609646722095 0.4873910031892535 -1.241502986028133 -0.7931776906705592 0.6338810042497025 -0.1436561286119408
1.99846012542783 3.17049512883482 0 -0.9884432080856892 0.1515916369371045 -1.044634659381419 -1.047190314935297 -1.206524639874307 -0.7113930762374455 0.6057663080497514 0.09017076765968569
1.84261388747814 3.54674123013775 8 0.9884432080856892 -0.1515916369371046 4.049094765092283 0.8025225371495012 -3.071599168939129 0.03319924850895409 -0.1607985931435162 0.001752314708711719
0 1 2
1 0 3
44
4 2
4.1704951288348 6.92049512883484 1.33287478276678e-15 0.9812637090217045 0.1926694925434945 0.7064095978233376 -2.321116303065522 -1.624313691624204 -0.06908476037865857 -0.002178153030063082 -0.02693223083185085
4.65663104090058 6.71913104090064 8 -0.9812637090217049 -0.1926694925434925 0.5583792662747498 1.603638186201739 -2.039966990273565 -0.01180750180817153 0.002712439729803659 -0.00109967086643882
4.65663104090058 6.71913104090064 1.32185928869433e-15 1 0 -0.8098131343362626 -2.245485262973463 -1.633113940799046 -0.1261429679563747 0.01525954076925928 0.04156914997914987
4.17049512883481 6.92049512883484 8 -1 -1.653892159485515e-15 -0.4526957118374291 3.846452460450077 -1.379220870756727 -0.1452404079901924 -0.007249516128336075 0.02745375417136266
0 1 2
1 0 3
45
12 10
4.1704951288348 6.92049512883484 1.33287478276678e-15 0.5633943926092067 0.8261880889824684 0.7064095978233376 -2.321116303065522 -1.624313691624204 -0.06908476037865857 -0.002178153030063082 -0.02693223083185085
3.17049512883476 6.34253013224179 0 -0.2467097552087221 0.9690894162484969 -0.09157689752632137 -2.235349908193987 1.292381446122894 -0.06021422864159115 -0.02184475171546165 -0.04205019822177749
2.71208739263758 6.31640286503209 1.33287478276678e-15 1 0 0.3696345286216151 -0.6286848852700859 -0.7289825806606051 -0.03363932622172672 -0.02973549529168698 0.008587310754550395
3.17049512883476 5.17049512883483 0 -0.8255576663091774 0.5643177647373374 0.4268175075898482 -0.3545039938934785 0.2604405004944415 0.06379806379189305 0.07425190308430857 -0.003484613097471851
2.22595148057181 6.11503877709784 1.32185928869433e-15 0.9479368971712968 -0.3184582217202978 1.357725660003189 -1.347745575672082 -1.035980131442902 -0.2574577056672433 -0.2330763086674397 -0.03419888902704772
1.99846012542783 5.17049512883483 0 -0.9925307348097151 -0.1219948378337669 0.5271262335754018 -0.5396612018585828 1.233181741150182 -1.259392082743934 -0.9349316792462097 0.1291879746331861
1.84261388747814 4.79424902753191 0 -0.9311874649167969 -0.3645406769920594 1.676651850374965 -1.362226596662867 1.916851367106476 0.3306331665354332 0.658814767079921 0.1789905536815123
1.62185921676905 4.65663104090063 1.32185928869433e-15 0.2709559427898349 -0.9625917499474383 4.571306367441837 -0.3598240966203755 -2.257561908492359 0.001735085830477249 0.03076156533590982 -0.001389615735853151
1.76049512883479 4.17049512883483 0 -0.7243872238708374 -0.6893933201683211 2.898661125267761 -0.04258150101821983 4.308015015672623 -0.007721663887404965 0.3011791079536457 0.008172475095076341
1.84261388747814 3.54674123013775 0 -0.4101635596964703 -0.9120119814438404 3.472337114825464 0.6335804070142339 2.606573364461982 -0.07264433579809572 0.3176061862846592 0.01957227342712028
3.54674123013774 6.49837637019149 0 0.001556415550806365 0.999998788784583 -0.2407788828153102 -1.950385539536553 2.757161365713907 -1.07116241291097 -0.1162684297918299 -0.1757900568650843
4.17049512883481 6.58049512883484 0 0.3793263622205162 0.9252629415061158 -0.233868788554279 -1.742548217767309 1.737815810351182 -0.4067323021728413 0.03632237844523281 -0.01831522924389394
0 1 2
3 2 1
3 4 2
5 4 3
6 4 5
6 7 4
7 6 8
9 7 8
1 0 10
10 0 11
46
3 1
4.17049512883481 6.58049512883484 0 -0.6777927882328628 0.7352529743017172 -0.233868788554279 -1.742548217767309 1.737815810351182 -0.4067323021728413 0.03632237844523281 -0.01831522924389394
4.1704951288348 6.92049512883484 1.33287478276678e-15 -0.7442734648219644 -0.6678749954609082 0.7064095978233376 -2.321116303065522 -1.624313691624204 -0.06908476037865857 -0.002178153030063082 -0.02693223083185085
4.65663104090058 6.71913104090064 1.32185928869433e-15 1 0 -0.8098131343362626 -2.245485262973463 -1.633113940799046 -0.1261429679563747 0.01525954076925928 0.04156914997914987
0 1 2
47
11 9
4.17049512883481 6.58049512883484 0 0.1067903840368575 -0.9942815566414075 -0.233868788554279 -1.742548217767309 1.737815810351182 -0.4067323021728413 0.03632237844523281 -0.01831522924389394
4.65663104090058 6.71913104090064 1.32185928869433e-15 0.4457887937562966 -0.8951381744520261 -0.8098131343362626 -2.245485262973463 -1.633113940799046 -0.1261429679563747 0.01525954076925928 0.04156914997914987
4.79424902753187 6.49837637019149 0 -0.3286677297261166 -0.9444456169820898 -1.02477352038595 -1.6306895560424 1.849315890703105 -0.5184957247340898 0.2418558608217088 -0.074053796606455
6.1150387770978 6.11503877709782 1.32185928869433e-15 1 0 -1.213697291585451 -1.2157801976134 -1.03569005517928 -0.1820331436054399 0.2107220486922748 -0.03404354464114567
5.17049512883476 6.34253013224185 0 -0.5817920009595851 -0.8133376098640971 1.080842529798028 0.7246173110502082 -1.081961080764957 -0.9659301179983532 1.44275771501853 0.001320623850177407
5.17049512883476 5.17049512883483 0 -0.9919889860158487 -0.126324390452708 -0.1843626299744601 -0.09678741375965651 0.2811500437341163 -0.09222678158123035 0.1135974612469388 -0.02137067966570839
6.34253013224178 5.17049512883483 0 -0.7670662824077916 0.6415678595387163 3.905423683764519 1.527131012675419 -1.429919939372992 -0.0804211741196017 0.1685154841378632 -0.03967602281619784
6.31640286503206 5.62890286503204 1.40998324127395e-15 0.9324790140561741 0.3612241524937467 1.090371442848349 0.6890947278037447 1.181952725023232 -0.06161385267778696 0.08410144579032176 0.00780752254601354
6.9204951288349 4.17049512883482 1.40998324127395e-15 0.09234316644792395 0.9957272415728973 2.875689150967697 1.007872265761941 1.606072816605012 -0.007021748376695659 0.05091043310561195 -0.01937573914186937
6.49837637019148 4.79424902753191 0 -0.5548795694091694 0.8319306842834292 -2.090300048269234 -0.196524884790497 3.055426692097101 0.1645778299102691 -0.6758731476877148 0.06912001975678589
6.58049512883482 4.17049512883483 0 -0.1458095303893576 0.9893126810304389 1.662494903072313 -0.2821898596788711 -1.635994306088859 0.02146365015767794 0.3340944439602607 -0.03581605085915684
0 1 2
2 1 3
2 3 4
4 3 5
5 3 6
6 3 7
6 7 8
6 8 9
9 8 10
48
5 3
6.58049512883482 4.17049512883483 0 0.6665925751233188 -0.7454222553630007 1.662494903072313 -0.2821898596788711 -1.635994306088859 0.02146365015767794 0.3340944439602607 -0.03581605085915684
6.9204951288349 4.17049512883482 1.40998324127395e-15 1 0 2.875689150967697 1.007872265761941 1.606072816605012 -0.007021748376695659 0.05091043310561195 -0.01937573914186937
6.71913104090065 3.68435921676905 1.23373533611471e-15 0.2657583461517247 0.9640396783590912 3.174402746022067 -1.084678083935168 1.553300756547299 0.04013002160646682 0.1495962770330868 0.02245215693328489
6.49837637019148 3.54674123013775 0 -0.735815230014344 -0.6771823589543203 -1.723914673976321 0.3980386975230503 2.633626969537041 -0.1422762774747258 -0.6340590539980033 0.002698893044031069
6.34253013224178 3.17049512883482 0 -0.96545580151956 0.2605668730138655 1.622895871853671 -0.6954210450518671 -0.984362974765553 0.1117198154373668 0.179014405090914 0.05772184048615577
0 1 2
2 3 0
2 4 3
49
5 3
6.34253013224178 3.17049512883482 0 -0.9856671356875447 0.1687018008958746 1.622895871853671 -0.6954210450518671 -0.984362974765553 0.1117198154373668 0.179014405090914 0.05772184048615577
5.17049512883476 1.99846012542783 0 1 0 0.5653795553672117 -0.7266853982347614 -0.9687404734720637 -0.5505888949961935 -0.6067573744950696 0.1338129491061197
5.17049512883476 3.17049512883482 0 0.08465478224076239 0.9964103410963623 0.1543237359958049 -0.007763182446735094 -0.1620869184425399 0.05606940973839108 0.1044506805495589 0.04838127081116785
5.62890286503194 2.02458739263758 1.23373533611471e-15 -0.02868213495703131 -0.9995885829351527 0.7422056778453754 -1.383964879005387 1.210840367366937 -0.187572590647668 -0.1435668103368173 -0.04911793751925182
4.79424902753187 1.84261388747816 0 0.8696255815405656 -0.4937118065534113 1.157890918448067 -1.785648255284647 -1.978614435108853 -0.455782303659783 -0.1947882926962231 -0.09093374232065442
0 1 2
1 0 3
3 4 1
50
4 2
5.62890286503194 2.02458739263758 1.23373533611471e-15 -0.9959184704605575 -0.09025741075115996 0.7422056778453754 -1.383964879005387 1.210840367366937 -0.187572590647668 -0.1435668103368173 -0.04911793751925182
6.34253013224178 3.17049512883482 0 0.5584437031341475 -0.8295424223207757 1.622895871853671 -0.6954210450518671 -0.984362974765553 0.1117198154373668 0.179014405090914 0.05772184048615577
6.11503877709771 2.22595148057182 1.23373533611471e-15 -0.7533776306659474 0.6575881276393023 0.6522149740725173 -0.5637205695784488 0.7394525002638279 -0.1585966204251557 -0.1412339347197461 0.03221656096376897
6.71913104090065 3.68435921676905 1.23373533611471e-15 1 0 3.174402746022067 -1.084678083935168 1.553300756547299 0.04013002160646682 0.1495962770330868 0.02245215693328489
0 1 2
2 1 3
51
12 10
1.4204951288348 4.17049512883486 1.23373533611471e-15 0.245155942916801 0.9694836582699959 -1.143515219571808 -0.3192245967268458 1.166149576602245 -0.003692408697027454 -0.03350715991891777 -0.0127930717069558
1.84261388747814 3.54674123013775 0 -0.7134965982136079 0.7006586931863541 3.472337114825464 0.6335804070142339 2.606573364461982 -0.07264433579809572 0.3176061862846592 0.01957227342712028
2.02458739263755 2.71208739263759 1.23373533611471e-15 0.9457896443606811 0.3247798463884362 1.308532144728715 0.9790843870205908 -0.9359742191731107 -0.05996500940392679 0.07728228210413064 -0.002991820186026758
1.99846012542783 3.17049512883482 0 -0.8676635746187953 0.4971518090882645 -1.044634659381419 -1.047190314935297 -1.206524639874307 -0.7113930762374455 0.6057663080497514 0.09017076765968569
3.17049512883476 3.17049512883482 0 -0.9766630151268255 -0.214777454318134 -0.2317524150601304 -0.3307997876035649 -0.3750348017757963 -0.02282182875868602 0.01893003690674312 -0.00259452790129527
2.22595148057181 2.22595148057182 1.23373533611471e-15 1 0 -0.36191522561259 -0.5803051518831801 0.5526852671971193 -0.09999989165954618 0.09675490117030418 0.03610713990817999
3.17049512883476 1.99846012542784 0 -0.5790437592475657 -0.8152964644081606 -0.9305030616870531 -2.786317752292979 -1.286937703191992 -0.07092166580607641 0.03395275052003913 -0.02223132034262221
3.68435921676903 1.62185921676907 1.23373533611471e-15 0.5467347056732413 -0.8373058948869249 -1.054543533982282 -2.402538870255567 1.902435487170114 -0.1451568347018235 0.03151639498323393 -0.04066095169705943
3.54674123013774 1.84261388747816 0 -0.3537227062667077 -0.9353503338703399 -0.1627474149894193 -1.933967466871515 -2.818366152295054 -0.7080162492314507 0.1700244199808529 -0.07578642055071939
4.17049512883481 1.76049512883482 0 0.03393962569696683 -0.9994238849494992 -0.2208552044573947 -1.758151502021021 -1.752719401818648 -0.3285294422015873 0.0279216503151325 0.01338887768509884
4.17049512883481 1.42049512883481 1.23373533611471e-15 0.2451559429168229 -0.9694836582699904 0.2882180090711908 -1.868382918339753 1.205833636695137 -0.2390510560689876 -0.009050047294167115 0.04311528895019928
1.62185921676905 4.65663104090063 1.32185928869433e-15 -0.08300280154483777 0.9965493138504026 4.571306367441837 -0.3598240966203755 -2.257561908492359 0.001735085830477249 0.03076156533590982 -0.001389615735853151
0 1 2
2 1 3
2 3 4
2 4 5
5 4 6
5 6 7
7 6 8
7 8 9
7 9 10
1 0 11
52
4 2
4.17049512883481 1.42049512883481 1.23373533611471e-15 -0.2173787558873472 -0.9760873303597732 0.2882180090711908 -1.868382918339753 1.205833636695137 -0.2390510560689876 -0.009050047294167115 0.04311528895019928
4.17049512883481 1.76049512883482 0 0.3975334527436627 -0.9175876818864245 -0.2208552044573947 -1.758151502021021 -1.752719401818648 -0.3285294422015873 0.0279216503151325 0.01338887768509884
4.79424902753187 1.84261388747816 0 1 0 1.157890918448067 -1.785648255284647 -1.978614435108853 -0.455782303659783 -0.1947882926962231 -0.09093374232065442
5.62890286503194 2.02458739263758 1.23373533611471e-15 -0.006961368606753194 0.999975769379999 0.7422056778453754 -1.383964879005387 1.210840367366937 -0.187572590647668 -0.1435668103368173 -0.04911793751925182
0 1 2
0 2 3
53
12 10
3.68435921676903 1.62185921676907 8 0.2451559429168289 0.9694836582699888 0.9349278255670306 2.82931549535903 1.658958458720985 -0.06090312690260472 0.01617367997131336 0.006738917775005326
3.17049512883476 1.99846012542784 8 -0.8124454515995441 0.5830372099405088 0.1700058795332658 1.571511529044826 -1.124634433216899 -0.1556254798868845 0.0829391018257237 0.09237002271453325
2.22595148057181 2.22595148057182 8 0.9457896443606811 0.3247798463884362 0.6179219952500811 0.7747455623872113 0.6549870526958504 -0.0188145027000957 0.02548366636357695 -0.01239331731374809
3.17049512883476 3.17049512883482 8 -0.9934731543581738 -0.1140661718899169 0.3538906532599883 0.4534285868264657 -0.2691064133621513 -0.03712562092952525 0.03032172009639775 0.002267966944375831
2.02458739263755 2.71208739263759 8 1 0 0.9932933034277621 0.6742470009648883 1.02133957182011 -0.1007458286387392 0.1216556243189907 0.01766720646630152
1.99846012542783 3.17049512883482 8 -0.6591623354760081 -0.7520006751923927 0.6143609646722095 0.4873910031892535 -1.241502986028133 -0.7931776906705592 0.6338810042497025 -0.1436561286119408
1.84261388747814 3.54674123013775 8 -0.4472578711332176 -0.8944050518134288 4.049094765092283 0.8025225371495012 -3.071599168939129 0.03319924850895409 -0.1607985931435162 0.001752314708711719
1.4204951288348 4.17049512883486 8 0.5467347056732168 -0.837305894886941 1.030740049756421 0.5068333119578042 0.674318487984124 0.001856508088806186 -0.08458642570348807 0.06073931202536834
1.62185921676905 4.65663104090063 8 0.2451559429168031 -0.9694836582699954 3.371726681435958 -0.656889522085766 2.751181669591359 -0.006287951462809964 -0.09256502790902346 -0.0143951755945531
3.54674123013774 1.84261388747816 8 -0.6383302103160686 0.7697626534184701 0.2487119314504762 1.726752729472699 -2.589688261903565 -0.7701218384776297 0.1517992826738027 0.02725476144265431
4.17049512883481 1.76049512883482 8 -0.2924929893131629 0.9562676671322993 0.3507505905445866 1.779085934971704 -1.748604895169213 -0.342719666375729 0.0267982802945595 -0.04148031497534582
4.17049512883481 1.42049512883481 8 -0.08300280154481675 0.9965493138504044 -0.5376251278074847 1.652875337643257 1.286218208732206 -0.01806167050356543 0.001531869257483307 -0.009518133661901055
0 1 2
3 2 1
3 4 2
5 4 3
6 4 5
6 7 4
7 6 8
1 0 9
9 0 10
10 0 11
54
12 10
4.17049512883481 1.76049512883482 8 -0.9109389429122635 -0.4125412007131989 0.3507505905445866 1.779085934971704 -1.748604895169213 -0.342719666375729 0.0267982802945595 -0.04148031497534582
4.17049512883481 1.42049512883481 8 -0.7931739942001937 -0.6089950861250943 -0.5376251278074847 1.652875337643257 1.286218208732206 -0.01806167050356543 0.001531869257483307 -0.009518133661901055
4.79424902753187 1.84261388747816 8 -0.9999998845609002 -0.00048049785267968 -0.7088223130043253 1.582158961787613 -1.709033641774198 -0.4794088739489848 -0.1826770670754662 0.02971945483066357
5.62890286503194 2.02458739263758 8 0.1492086993454168 -0.9888057261361551 -0.9846096144161972 1.368026335316712 0.8098428782102566 -0.01697390557551815 -0.01265481445230093 0.0007402038488887105
5.17049512883476 1.99846012542783 8 -0.9625685451353122 0.2710383661330779 -0.9336066259805721 0.8714775740449238 -1.048011353896158 -0.6336910317722961 -0.7751196234554687 -0.08003846775577707
5.17049512883476 3.17049512883482 8 -0.4838293683200584 0.8751623519959101 0.251096899181733 -0.08092462209506851 0.3320215212768015 -0.07529064563062735 -0.1063174049694379 0.03102675933881057
6.34253013224178 3.17049512883482 8 0.282380409510782 0.9593025092870981 2.530626949796419 -1.217325635268137 1.005292607754237 -0.01201202887874554 -0.02120815026348372 0.00455662259385552
6.11503877709771 2.22595148057182 8 0.4838293683199612 -0.8751623519959639 -0.5435827711470924 0.271584166813448 0.6410995315632857 -0.1023698623856145 -0.07874497364050229 -0.05344038442373137
6.71913104090065 3.68435921676905 8 1 0 2.392816304378997 -1.140694431214289 -1.88580530012783 -0.03420499005202571 -0.1422020558974504 0.04261459832379769
6.49837637019148 3.54674123013775 8 0.5322251369982451 0.8466028605829296 2.022343003920938 -0.3557426952855792 3.030275804009825 -0.1607466191347761 -0.5934014543352722 0.03761590536040076
6.58049512883482 4.17049512883483 8 0.8338180068154573 0.5520394293076339 1.699067301898395 -0.323117933282112 1.698589996751872 -0.04892857933711522 -0.4169334924423531 -0.03036974149893559
6.9204951288349 4.17049512883482 8 0.9375570957045296 0.3478314136102251 2.838908376945382 0.8586996326989432 -1.267158720433566 0.005468132337501814 -0.0543625853325465 -0.02458855773630476
0 1 2
2 1 3
2 3 4
4 3 5
5 3 6
6 3 7
6 7 8
6 8 9
9 8 10
11 10 8
55
9 7
6.34253013224178 5.17049512883483 8 0.6145012822226972 -0.788915821964968 2.504949719267165 0.8171474400339758 1.377651201094135 0.171180969300369 -0.3267390598334987 -0.1174504363385177
5.17049512883476 6.34253013224185 8 -0.9975516806702835 -0.0699331422995751 0.620049787484024 0.5554013028367163 0.9136376429443899 -0.7629547305212132 0.9977527171121483 -0.0887477011258466
5.17049512883476 5.17049512883483 8 -0.4073277861285926 -0.9132820345586459 0.1543237359958012 0.007763182446740666 0.1620869184425418 0.05606940973838673 -0.1044506805495457 -0.04838127081115894
6.1150387770978 6.11503877709782 8 1 0 1.963494610163555 2.305079983549808 -1.612720086181425 -0.3600142018455423 0.4406951671378225 0.1915717838189806
4.79424902753187 6.49837637019149 8 -0.9536302015355137 0.3009807946021398 1.755731866766398 2.698274589960643 2.243372276921927 -0.5242096341565485 0.2563533252244063 0.1019268618061972
4.65663104090058 6.71913104090064 8 0.1142120359215703 0.9934563960489912 0.5583792662747498 1.603638186201739 -2.039966990273565 -0.01180750180817153 0.002712439729803659 -0.00109967086643882
4.17049512883481 6.92049512883484 8 -0.362531762775698 0.931971416395774 -0.4526957118374291 3.846452460450077 -1.379220870756727 -0.1452404079901924 -0.007249516128336075 0.02745375417136266
4.17049512883481 6.58049512883484 8 -0.6324062105801557 0.774636937422718 0.1283995211175323 0.8259195449809466 1.219900782882156 -0.319636574677157 0.005906360125625365 0.02964421808739718
6.31640286503206 5.62890286503204 8 0.8844674738403565 -0.466601851387731 0.6816485855712707 0.4486211106034544 -1.116742723029663 -0.2080038091965278 0.22825421313638 -0.03526850269347409
0 1 2
1 0 3
3 4 1
5 4 3
6 4 5
6 7 4
3 0 8
56
5 3
6.31640286503206 5.62890286503204 8 -0.9721747655556077 0.2342567506325041 0.6816485855712707 0.4486211106034544 -1.116742723029663 -0.2080038091965278 0.22825421313638 -0.03526850269347409
6.34253013224178 5.17049512883483 8 -0.8204770319791455 -0.5716794906192562 2.504949719267165 0.8171474400339758 1.377651201094135 0.171180969300369 -0.3267390598334987 -0.1174504363385177
6.9204951288349 4.17049512883482 8 1 0 2.838908376945382 0.8586996326989432 -1.267158720433566 0.005468132337501814 -0.0543625853325465 -0.02458855773630476
6.49837637019148 4.79424902753191 8 -0.2111635355476865 -0.9774507462041251 1.880467540145746 -0.008685007985529236 2.730247190249216 0.1290919803693762 -0.8677259276554409 -0.09167282958208472
6.58049512883482 4.17049512883483 8 0.810539837332219 -0.5856835084731855 1.699067301898395 -0.323117933282112 1.698589996751872 -0.04892857933711522 -0.4169334924423531 -0.03036974149893559
0 1 2
2 1 3
2 3 4
57
12 10
1.62185921676905 4.65663104090063 8 0.5633943926092102 0.826188088982466 3.371726681435958 -0.656889522085766 2.751181669591359 -0.006287951462809964 -0.09256502790902346 -0.0143951755945531
1.84261388747814 4.79424902753191 8 -0.7666159804384293 0.6421058624062124 1.430889807594979 -1.072732202704014 -1.674547097444577 -0.3591988459356867 -0.6887253910024944 0.1342714925977039
2.22595148057181 6.11503877709784 8 1 0 -0.9199397442197896 0.756906499349734 -0.9192175595373328 -0.2006935858373327 -0.1597096541912456 0.06934237721435446
1.99846012542783 5.17049512883483 8 -0.902006245987071 0.4317229808572988 -0.8210594684587706 1.2815621860956 1.265277420071833 -1.501585031761766 -0.9787778794123485 0.0169718596705257
3.17049512883476 5.17049512883483 8 -0.9622882044805245 -0.272032004583373 -0.2529733736545242 0.2941155571635413 0.3647259538787102 -0.008961514718454348 -0.008275269635826069 0.0004574967217521869
2.71208739263758 6.31640286503209 8 0.9479368971712979 -0.3184582217202944 -0.6653682383934456 0.7008635594459734 -0.6844585748107935 -0.08259445394573951 -0.07601905090691276 0.002449737325717982
3.17049512883476 6.34253013224179 8 -0.5424797720409053 -0.8400688643953229 -0.9291355170093412 3.078872043525158 1.376402383341626 -0.05318823519543811 -0.02374147817483074 0.01720274194806037
4.17049512883481 6.92049512883484 8 0.2709559427898298 -0.9625917499474398 -0.4526957118374291 3.846452460450077 -1.379220870756727 -0.1452404079901924 -0.007249516128336075 0.02745375417136266
3.54674123013774 6.49837637019149 8 -0.3169824522708511 -0.9484314023440797 -0.06349941370838545 1.81766856555583 2.608810206037566 -0.7830567038218839 -0.174748230373613 0.1026946011723999
4.17049512883481 6.58049512883484 8 0.06491986384286078 -0.9978904806032696 0.1283995211175323 0.8259195449809466 1.219900782882156 -0.319636574677157 0.005906360125625365 0.02964421808739718
1.76049512883479 4.17049512883483 8 -0.4671304065399958 0.8841884320017868 -3.27520429226989 -0.1895870649698412 4.858403659438297 0.003905541209059225 0.321678786746559 0.01518556043208996
1.84261388747814 3.54674123013775 8 -0.09837145831319542 0.9951497657083256 4.049094765092283 0.8025225371495012 -3.071599168939129 0.03319924850895409 -0.1607985931435162 0.001752314708711719
0 1 2
2 1 3
2 3 4
2 4 5
5 4 6
5 6 7
7 6 8
7 8 9
1 0 10
0 11 10
$EndParametrizations
