$MeshFormat
4.1 0 8
$EndMeshFormat
$Entities
97 174 77 1
1 5.76148538650451 8.011485386504591 6 0 
2 5.76148538650451 8.011485386504591 2 0 
3 6.55698051533936 7.68198051533946 6 0 
4 4.65663104090058 6.71913104090064 8 0 
5 6.55698051533936 7.68198051533946 2 0 
6 6.1150387770978 6.11503877709782 1.32185928869433e-15 0 
7 4.65663104090058 6.71913104090064 1.32185928869433e-15 0 
8 6.1150387770978 6.11503877709782 8 0 
9 2.22595148057181 6.11503877709784 8 0 
10 2.22595148057181 6.11503877709784 1.32185928869433e-15 0 
11 2.71208739263758 6.31640286503209 8 0 
12 1.62185921676905 4.65663104090063 8 0 
13 0.659009742330237 6.55698051533944 6 0 
14 2.71208739263758 6.31640286503209 1.33287478276678e-15 0 
15 2.5795048711651 8.011485386504541 2 0 
16 4.1704951288348 6.92049512883484 1.33287478276678e-15 0 
17 1.62185921676905 4.65663104090063 1.32185928869433e-15 0 
18 0.659009742330237 6.55698051533944 2 0 
19 2.5795048711651 8.011485386504541 6 0 
20 4.17049512883481 6.92049512883484 8 0 
21 6.31640286503206 5.62890286503204 8 0 
22 6.31640286503206 5.62890286503204 1.40998324127395e-15 0 
23 2.02458739263755 2.71208739263759 8 0 
24 2.22595148057181 2.22595148057182 8 0 
25 2.02458739263755 2.71208739263759 1.23373533611471e-15 0 
26 0.329504871165074 2.57950487116512 6 0 
27 1.4204951288348 4.17049512883486 8 0 
28 2.22595148057181 2.22595148057182 1.23373533611471e-15 0 
29 1.78400974233025 0.659009742330249 2 0 
30 3.68435921676903 1.62185921676907 1.23373533611471e-15 0 
31 1.78400974233025 0.659009742330249 6 0 
32 3.68435921676903 1.62185921676907 8 0 
33 0.329504871165074 2.57950487116512 2 0 
34 1.4204951288348 4.17049512883486 1.23373533611471e-15 0 
35 6.9204951288349 4.17049512883482 1.40998324127395e-15 0 
36 6.71913104090065 3.68435921676905 1.23373533611471e-15 0 
37 6.9204951288349 4.17049512883482 8 0 
38 8.34099025766961 4.96599025766965 2 0 
39 6.58049512883482 4.17049512883483 0 0 
40 6.71913104090065 3.68435921676905 8 0 
41 8.01148538650463 2.57950487116508 6 0 
42 6.11503877709771 2.22595148057182 8 0 
43 6.34253013224178 3.17049512883482 0 0 
44 8.01148538650463 2.57950487116508 2 0 
45 6.11503877709771 2.22595148057182 1.23373533611471e-15 0 
46 8.34099025766961 4.96599025766965 6 0 
47 6.58049512883482 4.17049512883483 8 0 
48 5.17049512883476 1.99846012542783 8 0 
49 4.17049512883481 1.76049512883482 8 0 
50 5.17049512883476 1.99846012542783 0 0 
51 4.79424902753187 1.84261388747816 0 0 
52 5.17049512883476 3.17049512883482 0 0 
53 4.17049512883481 1.76049512883482 0 0 
54 5.62890286503194 2.02458739263758 1.23373533611471e-15 0 
55 5.17049512883476 3.17049512883482 8 0 
56 0 3.37499999999997 6 0 
57 0 3.37499999999997 2 0 
58 8.011485386504541 5.7614853865045 2 0 
59 8.011485386504541 5.7614853865045 6 0 
60 4.17049512883481 1.42049512883481 8 0 
61 3.17049512883476 1.99846012542784 8 0 
62 4.17049512883481 1.42049512883481 1.23373533611471e-15 0 
63 3.17049512883476 1.99846012542784 0 0 
64 6.34253013224178 5.17049512883483 8 0 
65 6.34253013224178 5.17049512883483 0 0 
66 5.17049512883476 5.17049512883483 8 0 
67 5.17049512883476 5.17049512883483 0 0 
68 5.17049512883476 6.34253013224185 8 0 
69 5.17049512883476 6.34253013224185 0 0 
70 4.17049512883481 6.58049512883484 8 0 
71 4.17049512883481 6.58049512883484 0 0 
72 2.5795048711651 0.329504871165124 2 0 
73 2.5795048711651 0.329504871165124 6 0 
74 0.329504871165074 5.76148538650459 6 0 
75 1.84261388747814 3.54674123013775 8 0 
76 0.329504871165074 5.76148538650459 2 0 
77 1.84261388747814 3.54674123013775 0 0 
78 4.96599025766957 0 6 0 
79 5.62890286503194 2.02458739263758 8 0 
80 4.96599025766957 0 2 0 
81 5.76148538650442 0.329504871165124 2 0 
82 5.76148538650442 0.329504871165124 6 0 
83 3.17049512883476 3.17049512883482 8 0 
84 3.17049512883476 3.17049512883482 0 0 
85 3.17049512883476 6.34253013224179 8 0 
86 3.17049512883476 6.34253013224179 0 0 
87 1.99846012542783 5.17049512883483 0 0 
88 1.99846012542783 5.17049512883483 8 0 
89 3.17049512883476 5.17049512883483 0 0 
90 3.17049512883476 5.17049512883483 8 0 
91 1.99846012542783 3.17049512883482 0 0 
92 1.99846012542783 3.17049512883482 8 0 
93 6.34253013224178 3.17049512883482 8 0 
94 3.37499999999995 8.34099025766967 6 0 
95 3.37499999999995 8.34099025766967 2 0 
96 7.68198051533946 1.78400974233023 2 0 
97 7.68198051533946 1.78400974233023 6 0 
176 5.76148538650451 8.011485386504591 2 5.76148538650451 8.011485386504591 6 0 2 1 -2 
177 5.76148538650451 7.68198051533946 6 6.55698051533936 8.011485386504591 6 0 2 1 -3 
178 4.65663104090058 6.71913104090064 6 5.76148538650451 8.011485386504591 8 0 2 1 -4 
179 5.76148538650451 7.68198051533946 2 6.55698051533936 8.011485386504591 2 0 2 5 -2 
180 6.55698051533936 7.68198051533946 2 6.55698051533936 7.68198051533946 6 0 2 5 -3 
181 6.1150387770978 6.11503877709782 1.332267629550188e-15 6.55698051533936 7.68198051533946 2 0 2 5 -6 
182 4.65663104090058 6.71913104090064 1.332267629550188e-15 5.76148538650451 8.011485386504591 2 0 2 2 -7 
183 6.1150387770978 6.11503877709782 6 6.55698051533936 7.68198051533946 8 0 2 3 -8 
184 2.22595148057181 6.11503877709784 1.332267629550188e-15 2.22595148057181 6.11503877709784 8 0 2 9 -10 
185 2.22595148057181 6.11503877709784 8 2.71208739263758 6.31640286503209 8 0 2 9 -11 
186 1.62185921676905 4.65663104090063 8 2.22595148057181 6.11503877709784 8 0 2 9 -12 
187 0.659009742330237 6.11503877709784 6 2.22595148057181 6.55698051533944 8 0 2 9 -13 
188 2.22595148057181 6.11503877709784 1.32185928869433e-15 2.71208739263758 6.31640286503209 1.33287478276678e-15 0 2 14 -10 
189 2.71208739263758 6.31640286503209 1.332267629550188e-15 2.71208739263758 6.31640286503209 8 0 2 14 -11 
190 2.5795048711651 6.31640286503209 1.332267629550188e-15 2.71208739263758 8.011485386504541 2 0 2 14 -15 
191 2.71208739263758 6.31640286503209 1.33287478276678e-15 4.1704951288348 6.92049512883484 1.33287478276678e-15 0 2 14 -16 
192 1.62185921676905 4.65663104090063 1.32185928869433e-15 2.22595148057181 6.11503877709784 1.32185928869433e-15 0 2 10 -17 
193 0.659009742330237 6.11503877709784 1.332267629550188e-15 2.22595148057181 6.55698051533944 2 0 2 10 -18 
194 2.5795048711651 6.31640286503209 6 2.71208739263758 8.011485386504541 8 0 2 11 -19 
195 2.71208739263758 6.31640286503209 8 4.17049512883481 6.92049512883484 8 0 2 11 -20 
196 6.1150387770978 6.11503877709782 1.332267629550188e-15 6.1150387770978 6.11503877709782 8 0 2 8 -6 
197 6.1150387770978 5.62890286503204 8 6.31640286503206 6.11503877709782 8 0 2 8 -21 
198 4.65663104090058 6.11503877709782 8 6.1150387770978 6.71913104090064 8 0 2 8 -4 
199 6.1150387770978 5.62890286503204 1.32185928869433e-15 6.31640286503206 6.11503877709782 1.40998324127395e-15 0 2 6 -22 
200 4.65663104090058 6.11503877709782 1.32185928869433e-15 6.1150387770978 6.71913104090064 1.32185928869433e-15 0 2 6 -7 
201 2.02458739263755 2.22595148057182 8 2.22595148057181 2.71208739263759 8 0 2 23 -24 
202 2.02458739263755 2.71208739263759 1.332267629550188e-15 2.02458739263755 2.71208739263759 8 0 2 23 -25 
203 0.329504871165074 2.57950487116512 6 2.02458739263755 2.71208739263759 8 0 2 23 -26 
204 1.4204951288348 2.71208739263759 8 2.02458739263755 4.17049512883486 8 0 2 23 -27 
205 2.22595148057181 2.22595148057182 1.332267629550188e-15 2.22595148057181 2.22595148057182 8 0 2 28 -24 
206 2.02458739263755 2.22595148057182 1.23373533611471e-15 2.22595148057181 2.71208739263759 1.23373533611471e-15 0 2 28 -25 
207 1.78400974233025 0.659009742330249 1.221245327087672e-15 2.22595148057181 2.22595148057182 2 0 2 28 -29 
208 2.22595148057181 1.62185921676907 1.23373533611471e-15 3.68435921676903 2.22595148057182 1.23373533611471e-15 0 2 28 -30 
209 1.78400974233025 0.659009742330249 6 2.22595148057181 2.22595148057182 8 0 2 24 -31 
210 2.22595148057181 1.62185921676907 8 3.68435921676903 2.22595148057182 8 0 2 24 -32 
211 0.329504871165074 2.57950487116512 1.221245327087672e-15 2.02458739263755 2.71208739263759 2 0 2 25 -33 
212 1.4204951288348 2.71208739263759 1.23373533611471e-15 2.02458739263755 4.17049512883486 1.23373533611471e-15 0 2 25 -34 
213 6.71913104090065 3.68435921676905 1.23373533611471e-15 6.9204951288349 4.17049512883482 1.40998324127395e-15 0 2 35 -36 
214 6.9204951288349 4.17049512883482 1.332267629550188e-15 6.9204951288349 4.17049512883482 8 0 2 35 -37 
215 6.9204951288349 4.17049512883482 1.443289932012704e-15 8.34099025766961 4.96599025766965 2 0 2 35 -38 
216 6.31640286503206 4.17049512883482 1.40998324127395e-15 6.9204951288349 5.62890286503204 1.40998324127395e-15 0 2 35 -22 
217 6.58049512883482 4.17049512883482 0 6.9204951288349 4.17049512883483 1.40998324127395e-15 0 2 35 -39 
218 6.71913104090065 3.68435921676905 1.332267629550188e-15 6.71913104090065 3.68435921676905 8 0 2 40 -36 
219 6.71913104090065 3.68435921676905 8 6.9204951288349 4.17049512883482 8 0 2 40 -37 
220 6.71913104090065 2.57950487116508 6 8.01148538650463 3.68435921676905 8 0 2 40 -41 
221 6.11503877709771 2.22595148057182 8 6.71913104090065 3.68435921676905 8 0 2 40 -42 
222 6.34253013224178 3.17049512883482 0 6.71913104090065 3.68435921676905 1.23373533611471e-15 0 2 36 -43 
223 6.71913104090065 2.57950487116508 1.221245327087672e-15 8.01148538650463 3.68435921676905 2 0 2 36 -44 
224 6.11503877709771 2.22595148057182 1.23373533611471e-15 6.71913104090065 3.68435921676905 1.23373533611471e-15 0 2 36 -45 
225 6.9204951288349 4.17049512883482 6 8.34099025766961 4.96599025766965 8 0 2 37 -46 
226 6.31640286503206 4.17049512883482 8 6.9204951288349 5.62890286503204 8 0 2 37 -21 
227 6.58049512883482 4.17049512883482 8 6.9204951288349 4.17049512883483 8 0 2 37 -47 
228 4.17049512883481 1.76049512883482 8 5.17049512883476 1.99846012542783 8 0 2 48 -49 
229 4.79424902753187 1.84261388747816 0 5.17049512883476 1.99846012542783 0 0 2 50 -51 
230 5.17049512883476 1.99846012542783 0 5.17049512883476 1.99846012542783 8 0 2 50 -48 
231 5.17049512883476 1.99846012542783 0 5.17049512883476 3.17049512883482 0 0 2 50 -52 
232 4.17049512883481 1.76049512883482 0 4.79424902753187 1.84261388747816 0 0 2 51 -53 
233 4.79424902753187 1.84261388747816 0 5.62890286503194 2.02458739263758 1.23373533611471e-15 0 2 51 -54 
234 5.17049512883476 1.99846012542783 8 5.17049512883476 3.17049512883482 8 0 2 48 -55 
235 0 2.57950487116512 6 0.329504871165074 3.37499999999997 6 0 2 56 -26 
236 0 3.37499999999997 2 0 3.37499999999997 6 0 2 56 -57 
237 0 3.37499999999997 6 1.4204951288348 4.17049512883486 8 0 2 56 -27 
238 0.329504871165074 2.57950487116512 2 0.329504871165074 2.57950487116512 6 0 2 33 -26 
239 0 2.57950487116512 2 0.329504871165074 3.37499999999997 2 0 2 33 -57 
240 0 3.37499999999997 1.221245327087672e-15 1.4204951288348 4.17049512883486 2 0 2 57 -34 
241 8.34099025766961 4.96599025766965 2 8.34099025766961 4.96599025766965 6 0 2 38 -46 
242 8.011485386504541 4.96599025766965 2 8.34099025766961 5.7614853865045 2 0 2 38 -58 
243 8.011485386504541 4.96599025766965 6 8.34099025766961 5.7614853865045 6 0 2 46 -59 
244 4.17049512883481 1.76049512883482 0 4.17049512883481 1.76049512883482 8 0 2 49 -53 
245 4.17049512883481 1.42049512883481 8 4.17049512883481 1.76049512883482 8 0 2 49 -60 
246 3.17049512883476 1.76049512883482 8 4.17049512883481 1.99846012542784 8 0 2 49 -61 
247 4.17049512883481 1.42049512883481 0 4.17049512883481 1.76049512883482 1.23373533611471e-15 0 2 53 -62 
248 3.17049512883476 1.76049512883482 0 4.17049512883481 1.99846012542784 0 0 2 53 -63 
249 6.34253013224178 4.17049512883483 8 6.58049512883482 5.17049512883483 8 0 2 64 -47 
250 6.34253013224178 5.17049512883483 0 6.34253013224178 5.17049512883483 8 0 2 64 -65 
251 6.31640286503206 5.17049512883483 8 6.34253013224178 5.62890286503204 8 0 2 64 -21 
252 5.17049512883476 5.17049512883483 8 6.34253013224178 5.17049512883483 8 0 2 64 -66 
253 6.34253013224178 4.17049512883483 0 6.58049512883482 5.17049512883483 0 0 2 65 -39 
254 5.17049512883476 5.17049512883483 0 6.34253013224178 5.17049512883483 0 0 2 65 -67 
255 6.31640286503206 5.62890286503204 1.332267629550188e-15 6.31640286503206 5.62890286503204 8 0 2 21 -22 
256 6.31640286503206 5.62890286503204 6 8.011485386504541 5.7614853865045 8 0 2 21 -59 
257 6.31640286503206 5.62890286503204 1.443289932012704e-15 8.011485386504541 5.7614853865045 2 0 2 58 -22 
258 8.011485386504541 5.7614853865045 2 8.011485386504541 5.7614853865045 6 0 2 58 -59 
259 5.17049512883476 5.17049512883483 8 5.17049512883476 6.34253013224185 8 0 2 68 -66 
260 5.17049512883476 6.34253013224185 0 5.17049512883476 6.34253013224185 8 0 2 68 -69 
261 4.17049512883481 6.34253013224185 8 5.17049512883476 6.58049512883484 8 0 2 68 -70 
262 5.17049512883476 5.17049512883483 0 5.17049512883476 5.17049512883483 8 0 2 67 -66 
263 5.17049512883476 5.17049512883483 0 5.17049512883476 6.34253013224185 0 0 2 67 -69 
264 4.17049512883481 6.34253013224185 0 5.17049512883476 6.58049512883484 0 0 2 69 -71 
265 1.78400974233025 0.659009742330249 2 1.78400974233025 0.659009742330249 6 0 2 29 -31 
266 1.78400974233025 0.329504871165124 2 2.5795048711651 0.659009742330249 2 0 2 29 -72 
267 1.78400974233025 0.329504871165124 6 2.5795048711651 0.659009742330249 6 0 2 31 -73 
268 1.62185921676905 4.65663104090063 1.332267629550188e-15 1.62185921676905 4.65663104090063 8 0 2 12 -17 
269 0.329504871165074 4.65663104090063 6 1.62185921676905 5.76148538650459 8 0 2 12 -74 
270 1.4204951288348 4.17049512883486 8 1.62185921676905 4.65663104090063 8 0 2 12 -27 
271 1.62185921676905 3.54674123013775 8 1.84261388747814 4.65663104090063 8 0 2 12 -75 
272 0.329504871165074 4.65663104090063 1.332267629550188e-15 1.62185921676905 5.76148538650459 2 0 2 76 -17 
273 0.329504871165074 5.76148538650459 2 0.329504871165074 5.76148538650459 6 0 2 76 -74 
274 0.329504871165074 5.76148538650459 2 0.659009742330237 6.55698051533944 2 0 2 76 -18 
275 1.4204951288348 4.17049512883486 1.23373533611471e-15 1.62185921676905 4.65663104090063 1.32185928869433e-15 0 2 17 -34 
276 1.62185921676905 3.54674123013775 0 1.84261388747814 4.65663104090063 1.32185928869433e-15 0 2 17 -77 
277 0.329504871165074 5.76148538650459 6 0.659009742330237 6.55698051533944 6 0 2 74 -13 
278 4.17049512883481 0 6 4.96599025766957 1.42049512883481 8 0 2 60 -78 
279 4.17049512883481 1.42049512883481 1.332267629550188e-15 4.17049512883481 1.42049512883481 8 0 2 60 -62 
280 3.68435921676903 1.42049512883481 8 4.17049512883481 1.62185921676907 8 0 2 60 -32 
281 4.17049512883481 1.42049512883481 8 5.62890286503194 2.02458739263758 8 0 2 60 -79 
282 4.96599025766957 0 2 4.96599025766957 0 6 0 2 80 -78 
283 4.17049512883481 0 1.221245327087672e-15 4.96599025766957 1.42049512883481 2 0 2 80 -62 
284 4.96599025766957 0 2 5.76148538650442 0.329504871165124 2 0 2 80 -81 
285 4.96599025766957 0 6 5.76148538650442 0.329504871165124 6 0 2 78 -82 
286 3.68435921676903 1.42049512883481 1.23373533611471e-15 4.17049512883481 1.62185921676907 1.23373533611471e-15 0 2 62 -30 
287 4.17049512883481 1.42049512883481 1.23373533611471e-15 5.62890286503194 2.02458739263758 1.23373533611471e-15 0 2 62 -54 
288 4.65663104090058 6.71913104090064 1.332267629550188e-15 4.65663104090058 6.71913104090064 8 0 2 7 -4 
289 4.17049512883481 6.58049512883484 0 4.65663104090058 6.71913104090064 1.32185928869433e-15 0 2 7 -71 
290 4.1704951288348 6.71913104090064 1.32185928869433e-15 4.65663104090058 6.92049512883484 1.33287478276678e-15 0 2 7 -16 
291 4.17049512883481 6.71913104090064 8 4.65663104090058 6.92049512883484 8 0 2 4 -20 
292 3.17049512883476 1.99846012542784 0 3.17049512883476 1.99846012542784 8 0 2 61 -63 
293 3.17049512883476 1.99846012542784 8 3.17049512883476 3.17049512883482 8 0 2 61 -83 
294 3.17049512883476 1.99846012542784 0 3.17049512883476 3.17049512883482 0 0 2 63 -84 
295 1.4204951288348 4.17049512883486 1.332267629550188e-15 1.4204951288348 4.17049512883486 8 0 2 27 -34 
296 4.17049512883481 6.58049512883484 0 4.17049512883481 6.58049512883484 8 0 2 70 -71 
297 3.17049512883476 6.34253013224179 8 4.17049512883481 6.58049512883484 8 0 2 70 -85 
298 4.17049512883481 6.58049512883484 8 4.17049512883481 6.92049512883484 8 0 2 70 -20 
299 3.17049512883476 6.34253013224179 0 4.17049512883481 6.58049512883484 0 0 2 71 -86 
300 4.1704951288348 6.58049512883484 0 4.17049512883481 6.92049512883484 1.33287478276678e-15 0 2 71 -16 
301 2.5795048711651 0.3295048711651241 1.221245327087672e-15 3.68435921676903 1.62185921676907 2 0 2 30 -72 
302 3.68435921676903 1.62185921676907 1.332267629550188e-15 3.68435921676903 1.62185921676907 8 0 2 30 -32 
303 2.5795048711651 0.329504871165124 2 2.5795048711651 0.329504871165124 6 0 2 73 -72 
304 2.5795048711651 0.3295048711651241 6 3.68435921676903 1.62185921676907 8 0 2 73 -32 
305 1.770149298620231 3.54674123013775 0 1.99846012542783 5.17049512883483 0 0 2 87 -77 
306 1.99846012542783 5.17049512883483 0 1.99846012542783 5.17049512883483 8 0 2 87 -88 
307 1.99846012542783 5.17049512883483 0 3.17049512883476 5.17049512883483 0 0 2 87 -89 
308 1.770149298620231 3.54674123013775 8 1.99846012542783 5.17049512883483 8 0 2 88 -75 
309 1.99846012542783 5.17049512883483 8 3.17049512883476 5.17049512883483 8 0 2 88 -90 
310 3.17049512883476 3.17049512883482 0 3.17049512883476 3.17049512883482 8 0 2 84 -83 
311 1.99846012542783 3.17049512883482 0 3.17049512883476 3.17049512883482 0 0 2 84 -91 
312 1.99846012542783 3.17049512883482 8 3.17049512883476 3.17049512883482 8 0 2 83 -92 
313 6.34253013224178 3.17049512883482 8 6.58049512883482 4.17049512883483 8 0 2 93 -47 
314 6.34253013224178 3.17049512883482 0 6.34253013224178 3.17049512883482 8 0 2 43 -93 
315 6.34253013224178 3.17049512883482 0 6.58049512883482 4.17049512883483 0 0 2 43 -39 
316 5.62890286503194 2.02458739263758 0 6.34253013224178 3.17049512883482 1.23373533611471e-15 0 2 43 -54 
317 5.17049512883476 3.17049512883482 0 6.34253013224178 3.17049512883482 0 0 2 43 -52 
318 5.17049512883476 3.17049512883482 8 6.34253013224178 3.17049512883482 8 0 2 93 -55 
319 2.5795048711651 8.011485386504541 2 2.5795048711651 8.011485386504541 6 0 2 19 -15 
320 2.5795048711651 8.011485386504541 6 3.37499999999995 8.34099025766967 6 0 2 19 -94 
321 2.5795048711651 8.011485386504541 2 3.37499999999995 8.34099025766967 2 0 2 15 -95 
322 5.62890286503194 0.3295048711651241 1.221245327087672e-15 5.76148538650442 2.02458739263758 2 0 2 81 -54 
323 5.76148538650442 0.329504871165124 2 5.76148538650442 0.329504871165124 6 0 2 81 -82 
324 5.62890286503194 2.02458739263758 1.23373533611471e-15 6.11503877709771 2.22595148057182 1.23373533611471e-15 0 2 54 -45 
325 5.62890286503194 2.02458739263758 1.332267629550188e-15 5.62890286503194 2.02458739263758 8 0 2 54 -79 
326 1.99846012542783 3.17049512883482 0 1.99846012542783 3.17049512883482 8 0 2 92 -91 
327 1.84261388747814 3.17049512883482 8 1.99846012542783 3.54674123013775 8 0 2 92 -75 
328 1.84261388747814 3.17049512883482 0 1.99846012542783 3.54674123013775 0 0 2 91 -77 
329 7.68198051533946 1.78400974233023 2 8.01148538650463 2.57950487116508 2 0 2 44 -96 
330 8.01148538650463 2.57950487116508 2 8.01148538650463 2.57950487116508 6 0 2 44 -41 
331 7.68198051533946 1.78400974233023 2 7.68198051533946 1.78400974233023 6 0 2 97 -96 
332 7.68198051533946 1.78400974233023 6 8.01148538650463 2.57950487116508 6 0 2 97 -41 
333 6.11503877709771 1.78400974233023 6 7.68198051533946 2.22595148057182 8 0 2 97 -42 
334 6.11503877709771 1.78400974233023 1.221245327087672e-15 7.68198051533946 2.22595148057182 2 0 2 96 -45 
335 5.17049512883476 3.17049512883482 0 5.17049512883476 3.17049512883482 8 0 2 55 -52 
336 3.37499999999995 8.34099025766967 2 3.37499999999995 8.34099025766967 6 0 2 95 -94 
337 3.37499999999995 6.92049512883484 1.332267629550188e-15 4.1704951288348 8.34099025766967 2 0 2 95 -16 
338 3.37499999999995 6.92049512883484 6 4.17049512883481 8.34099025766967 8 0 2 94 -20 
339 3.17049512883476 6.34253013224179 0 3.17049512883476 6.34253013224179 8 0 2 86 -85 
340 3.17049512883476 5.17049512883483 0 3.17049512883476 6.34253013224179 0 0 2 86 -89 
341 3.17049512883476 5.17049512883483 8 3.17049512883476 6.34253013224179 8 0 2 85 -90 
342 6.11503877709771 2.22595148057182 1.332267629550188e-15 6.11503877709771 2.22595148057182 8 0 2 42 -45 
343 5.62890286503194 2.02458739263758 8 6.11503877709771 2.22595148057182 8 0 2 42 -79 
344 5.62890286503194 0.3295048711651241 6 5.76148538650442 2.02458739263758 8 0 2 79 -82 
345 6.58049512883482 4.17049512883483 0 6.58049512883482 4.17049512883483 8 0 2 47 -39 
346 4.1704951288348 6.92049512883484 1.332267629550188e-15 4.17049512883481 6.92049512883484 8 0 2 16 -20 
347 3.17049512883476 5.17049512883483 0 3.17049512883476 5.17049512883483 8 0 2 90 -89 
348 0.659009742330237 6.55698051533944 2 0.659009742330237 6.55698051533944 6 0 2 13 -18 
349 1.84261388747814 3.54674123013775 0 1.84261388747814 3.54674123013775 8 0 2 75 -77 
2 5.76148538650451 7.68198051533946 2 6.55698051533936 8.011485386504591 6 0 4 176 -179 180 -177 
3 2.22595148057181 6.11503877709784 1.332267629550188e-15 2.71208739263758 6.31640286503209 8 0 4 184 -188 189 -185 
4 6.1150387770978 6.11503877709782 1.332267629550188e-15 6.55698051533936 7.68198051533946 8 0 4 180 183 196 -181 
5 2.02458739263755 2.22595148057182 1.332267629550188e-15 2.22595148057181 2.71208739263759 8 0 4 201 -205 206 -202 
6 6.71913104090065 3.68435921676905 1.332267629550188e-15 6.9204951288349 4.17049512883482 8 0 4 213 -218 219 -214 
7 4.17049512883481 1.76049512883482 0 5.17049512883476 1.99846012542783 8 0 5 228 244 -232 -229 230 
8 0 2.57950487116512 2 0.329504871165074 3.37499999999997 6 0 4 235 -238 239 -236 
9 6.9204951288349 4.17049512883482 1.332267629550188e-15 8.34099025766961 4.96599025766965 8 0 4 214 225 -241 -215 
10 6.34253013224178 4.17049512883483 0 6.58049512883482 5.17049512883483 8 0 4 249 345 -253 -250 
11 6.31640286503206 5.62890286503204 1.332267629550188e-15 8.011485386504541 5.7614853865045 8 0 4 255 -257 258 -256 
12 5.17049512883476 5.17049512883483 0 5.17049512883476 6.34253013224185 8 0 4 259 -262 263 -260 
13 1.78400974233025 0.659009742330249 1.332267629550188e-15 2.22595148057181 2.22595148057182 8 0 4 205 209 -265 -207 
14 0.329504871165074 4.65663104090063 1.332267629550188e-15 1.62185921676905 5.76148538650459 8 0 4 268 -272 273 -269 
15 4.17049512883481 0 1.332267629550188e-15 4.96599025766957 1.42049512883481 8 0 4 278 -282 283 -279 
16 4.65663104090058 6.71913104090064 1.332267629550188e-15 5.76148538650451 8.011485386504591 8 0 4 176 182 288 -178 
17 3.17049512883476 1.76049512883482 0 4.17049512883481 1.99846012542784 8 0 4 244 248 -292 -246 
18 0 3.37499999999997 1.332267629550188e-15 1.4204951288348 4.17049512883486 8 0 4 236 240 -295 -237 
19 3.17049512883476 6.34253013224179 0 4.17049512883481 6.58049512883484 8 0 4 296 299 339 -297 
20 2.5795048711651 0.3295048711651241 1.332267629550188e-15 3.68435921676903 1.62185921676907 8 0 4 301 -303 304 -302 
21 3.68435921676903 1.42049512883481 1.332267629550188e-15 4.17049512883481 1.62185921676907 8 0 4 279 286 302 -280 
22 4.17049512883481 6.34253013224185 0 5.17049512883476 6.58049512883484 8 0 4 260 264 -296 -261 
23 1.76049512883479 3.54674123013775 0 1.99846012542783 5.17049512883483 8 0 4 305 -349 -308 -306 
24 3.17049512883476 1.99846012542784 0 3.17049512883476 3.17049512883482 8 0 4 292 294 310 -293 
25 6.34253013224178 3.17049512883482 0 6.58049512883482 4.17049512883483 8 0 4 313 345 -315 314 
26 8.011485386504541 4.96599025766965 2 8.34099025766961 5.7614853865045 6 0 4 241 243 -258 -242 
27 2.5795048711651 6.31640286503209 1.332267629550188e-15 2.71208739263758 8.011485386504541 8 0 4 189 194 319 -190 
28 4.17049512883481 0 1.221245327087672e-15 5.76148538650442 2.02458739263758 2 0 4 283 287 -322 -284 
29 1.99846012542783 3.17049512883482 0 3.17049512883476 3.17049512883482 8 0 4 310 312 326 -311 
30 7.68198051533946 1.78400974233023 2 8.01148538650463 2.57950487116508 6 0 4 329 -331 332 -330 
31 5.17049512883476 3.17049512883482 0 6.34253013224178 3.17049512883482 8 0 4 314 318 335 -317 
32 2.5795048711651 8.011485386504541 2 3.37499999999995 8.34099025766967 6 0 4 319 321 336 -320 
33 5.17049512883476 5.17049512883483 0 6.34253013224178 5.17049512883483 8 0 4 250 254 262 -252 
34 5.62890286503194 2.02458739263758 1.332267629550188e-15 6.11503877709771 2.22595148057182 8 0 4 324 -342 343 -325 
35 6.1150387770978 5.62890286503204 1.332267629550188e-15 6.31640286503206 6.11503877709782 8 0 4 196 199 -255 -197 
36 1.4204951288348 4.17049512883486 1.332267629550188e-15 1.62185921676905 4.65663104090063 8 0 4 268 275 -295 -270 
37 6.71913104090065 2.57950487116508 1.332267629550188e-15 8.01148538650463 3.68435921676905 8 0 4 218 223 330 -220 
38 3.37499999999995 6.92049512883484 1.332267629550188e-15 4.17049512883481 8.34099025766967 8 0 4 336 338 -346 -337 
39 5.17049512883476 1.99846012542783 0 5.17049512883476 3.17049512883482 8 0 4 230 234 335 -231 
40 3.17049512883476 5.17049512883483 0 3.17049512883476 6.34253013224179 8 0 4 339 341 347 -340 
41 5.62890286503194 0.3295048711651241 1.332267629550188e-15 5.76148538650442 2.02458739263758 8 0 4 322 325 344 -323 
42 4.96599025766957 0 2 5.76148538650442 0.329504871165124 6 0 4 282 285 -323 -284 
43 0.329504871165074 2.57950487116512 1.332267629550188e-15 2.02458739263755 2.71208739263759 8 0 4 202 211 238 -203 
44 1.99846012542783 5.17049512883483 0 3.17049512883476 5.17049512883483 8 0 4 306 309 347 -307 
45 1.78400974233025 0.329504871165124 2 2.5795048711651 0.659009742330249 6 0 4 265 267 303 -266 
46 0.329504871165074 5.76148538650459 2 0.659009742330237 6.55698051533944 6 0 4 273 277 348 -274 
47 6.11503877709771 1.78400974233023 1.332267629550188e-15 7.68198051533946 2.22595148057182 8 0 4 331 334 -342 -333 
48 0.659009742330237 6.11503877709784 1.332267629550188e-15 2.22595148057181 6.55698051533944 8 0 4 184 193 -348 -187 
49 6.11503877709771 1.78400974233023 6 8.01148538650463 3.68435921676905 8 0 4 220 -332 333 -221 
50 1.84261388747814 3.17049512883482 0 1.99846012542783 3.54674123013775 8 0 4 326 328 -349 -327 
51 4.1704951288348 6.71913104090064 1.332267629550188e-15 4.65663104090058 6.92049512883484 8 0 4 288 291 -346 -290 
52 6.11503877709771 1.78400974233023 1.221245327087672e-15 8.01148538650463 3.68435921676905 2 0 4 223 329 334 -224 
53 1.78400974233025 0.3295048711651241 1.221245327087672e-15 3.68435921676903 2.22595148057182 2 0 4 207 266 -301 -208 
54 2.5795048711651 6.31640286503209 1.332267629550188e-15 4.1704951288348 8.34099025766967 2 0 4 190 321 337 -191 
55 0 2.57950487116512 1.221245327087672e-15 2.02458739263755 4.17049512883486 2 0 4 211 239 240 -212 
56 0.329504871165074 4.65663104090063 1.332267629550188e-15 2.22595148057181 6.55698051533944 2 0 4 192 -272 274 -193 
57 6.31640286503206 4.17049512883482 1.443289932012704e-15 8.34099025766961 5.7614853865045 2 0 4 215 242 257 -216 
58 4.65663104090058 6.11503877709782 1.332267629550188e-15 6.55698051533936 8.011485386504591 2 0 4 179 182 -200 -181 
59 1.62185921676905 3.54674123013775 0 4.17049512883481 6.92049512883484 1.33287478276678e-15 0 9 188 192 276 -305 307 -340 -299 300 -191 
60 4.1704951288348 6.58049512883484 0 4.65663104090058 6.92049512883484 1.33287478276678e-15 0 3 289 300 -290 
61 4.17049512883481 4.17049512883482 0 6.9204951288349 6.71913104090064 1.40998324127395e-15 0 9 199 -216 217 -253 254 263 264 -289 -200 
62 6.34253013224178 3.17049512883482 0 6.9204951288349 4.17049512883483 1.40998324127395e-15 0 4 213 222 315 -217 
63 4.79424902753187 1.84261388747816 0 6.34253013224178 3.17049512883482 1.23373533611471e-15 0 5 229 233 -316 317 -231 
64 5.62890286503194 2.02458739263758 0 6.71913104090065 3.68435921676905 1.23373533611471e-15 0 4 222 316 324 -224 
65 1.4204951288348 1.42049512883481 0 4.17049512883481 4.65663104090063 1.32185928869433e-15 0 11 206 212 -275 276 -328 -311 -294 -248 247 286 -208 
66 4.17049512883481 1.42049512883481 0 5.62890286503194 2.02458739263758 1.23373533611471e-15 0 4 232 247 287 -233 
67 6.31640286503206 4.17049512883482 6 8.34099025766961 5.7614853865045 8 0 4 225 243 -256 -226 
68 4.65663104090058 6.11503877709782 6 6.55698051533936 8.011485386504591 8 0 4 177 183 198 -178 
69 2.5795048711651 6.31640286503209 6 4.17049512883481 8.34099025766967 8 0 4 194 320 338 -195 
70 1.78400974233025 0.3295048711651241 6 3.68435921676903 2.22595148057182 8 0 4 209 267 304 -210 
71 4.17049512883481 0 6 5.76148538650442 2.02458739263758 8 0 4 278 285 -344 -281 
72 0 2.57950487116512 6 2.02458739263755 4.17049512883486 8 0 4 203 -235 237 -204 
73 0.329504871165074 4.65663104090063 6 2.22595148057181 6.55698051533944 8 0 4 186 269 277 -187 
74 1.4204951288348 1.42049512883481 8 4.17049512883481 4.65663104090063 8 0 11 201 210 -280 -245 246 293 312 327 -271 270 -204 
75 4.17049512883481 1.42049512883481 8 6.9204951288349 4.17049512883483 8 0 10 219 227 -313 318 -234 228 245 281 -343 -221 
76 4.17049512883481 5.17049512883483 8 6.34253013224178 6.92049512883484 8 0 8 197 -251 252 -259 261 298 -291 -198 
77 6.31640286503206 4.17049512883482 8 6.9204951288349 5.62890286503204 8 0 4 226 -251 249 -227 
78 1.62185921676905 3.54674123013775 8 4.17049512883481 6.92049512883484 8 0 9 185 195 -298 297 341 -309 308 -271 -186 
1 0 0 0 8.34099025766961 8.34099025766967 8 0 77 2 3 4 5 6 7 8 9 10 11 12 13 14 15 16 17 18 19 20 21 22 23 24 25 26 27 28 29 30 31 32 33 34 35 36 37 38 39 40 41 42 43 44 45 46 47 48 49 50 51 52 53 54 55 56 57 58 59 60 61 62 63 64 65 66 67 68 69 70 71 72 73 74 75 76 77 78 
$EndEntities
$Nodes
349 935 1 935
0 1 0 1
1
5.76148538650451 8.011485386504591 6
0 2 0 1
2
5.76148538650451 8.011485386504591 2
0 3 0 1
3
6.55698051533936 7.68198051533946 6
0 4 0 1
4
4.65663104090058 6.71913104090064 8
0 5 0 1
5
6.55698051533936 7.68198051533946 2
0 6 0 1
6
6.1150387770978 6.11503877709782 1.32185928869433e-15
0 7 0 1
7
4.65663104090058 6.71913104090064 1.32185928869433e-15
0 8 0 1
8
6.1150387770978 6.11503877709782 8
0 9 0 1
9
2.22595148057181 6.11503877709784 8
0 10 0 1
10
2.22595148057181 6.11503877709784 1.32185928869433e-15
0 11 0 1
11
2.71208739263758 6.31640286503209 8
0 12 0 1
12
1.62185921676905 4.65663104090063 8
0 13 0 1
13
0.659009742330237 6.55698051533944 6
0 14 0 1
14
2.71208739263758 6.31640286503209 1.33287478276678e-15
0 15 0 1
15
2.5795048711651 8.011485386504541 2
0 16 0 1
16
4.1704951288348 6.92049512883484 1.33287478276678e-15
0 17 0 1
17
1.62185921676905 4.65663104090063 1.32185928869433e-15
0 18 0 1
18
0.659009742330237 6.55698051533944 2
0 19 0 1
19
2.5795048711651 8.011485386504541 6
0 20 0 1
20
4.17049512883481 6.92049512883484 8
0 21 0 1
21
6.31640286503206 5.62890286503204 8
0 22 0 1
22
6.31640286503206 5.62890286503204 1.40998324127395e-15
0 23 0 1
23
2.02458739263755 2.71208739263759 8
0 24 0 1
24
2.22595148057181 2.22595148057182 8
0 25 0 1
25
2.02458739263755 2.71208739263759 1.23373533611471e-15
0 26 0 1
26
0.329504871165074 2.57950487116512 6
0 27 0 1
27
1.4204951288348 4.17049512883486 8
0 28 0 1
28
2.22595148057181 2.22595148057182 1.23373533611471e-15
0 29 0 1
29
1.78400974233025 0.659009742330249 2
0 30 0 1
30
3.68435921676903 1.62185921676907 1.23373533611471e-15
0 31 0 1
31
1.78400974233025 0.659009742330249 6
0 32 0 1
32
3.68435921676903 1.62185921676907 8
0 33 0 1
33
0.329504871165074 2.57950487116512 2
0 34 0 1
34
1.4204951288348 4.17049512883486 1.23373533611471e-15
0 35 0 1
35
6.9204951288349 4.17049512883482 1.40998324127395e-15
0 36 0 1
36
6.71913104090065 3.68435921676905 1.23373533611471e-15
0 37 0 1
37
6.9204951288349 4.17049512883482 8
0 38 0 1
38
8.34099025766961 4.96599025766965 2
0 39 0 1
39
6.58049512883482 4.17049512883483 0
0 40 0 1
40
6.71913104090065 3.68435921676905 8
0 41 0 1
41
8.01148538650463 2.57950487116508 6
0 42 0 1
42
6.11503877709771 2.22595148057182 8
0 43 0 1
43
6.34253013224178 3.17049512883482 0
0 44 0 1
44
8.01148538650463 2.57950487116508 2
0 45 0 1
45
6.11503877709771 2.22595148057182 1.23373533611471e-15
0 46 0 1
46
8.34099025766961 4.96599025766965 6
0 47 0 1
47
6.58049512883482 4.17049512883483 8
0 48 0 1
48
5.17049512883476 1.99846012542783 8
0 49 0 1
49
4.17049512883481 1.76049512883482 8
0 50 0 1
50
5.17049512883476 1.99846012542783 0
0 51 0 1
51
4.79424902753187 1.84261388747816 0
0 52 0 1
52
5.17049512883476 3.17049512883482 0
0 53 0 1
53
4.17049512883481 1.76049512883482 0
0 54 0 1
54
5.62890286503194 2.02458739263758 1.23373533611471e-15
0 55 0 1
55
5.17049512883476 3.17049512883482 8
0 56 0 1
56
0 3.37499999999997 6
0 57 0 1
57
0 3.37499999999997 2
0 58 0 1
58
8.011485386504541 5.7614853865045 2
0 59 0 1
59
8.011485386504541 5.7614853865045 6
0 60 0 1
60
4.17049512883481 1.42049512883481 8
0 61 0 1
61
3.17049512883476 1.99846012542784 8
0 62 0 1
62
4.17049512883481 1.42049512883481 1.23373533611471e-15
0 63 0 1
63
3.17049512883476 1.99846012542784 0
0 64 0 1
64
6.34253013224178 5.17049512883483 8
0 65 0 1
65
6.34253013224178 5.17049512883483 0
0 66 0 1
66
5.17049512883476 5.17049512883483 8
0 67 0 1
67
5.17049512883476 5.17049512883483 0
0 68 0 1
68
5.17049512883476 6.34253013224185 8
0 69 0 1
69
5.17049512883476 6.34253013224185 0
0 70 0 1
70
4.17049512883481 6.58049512883484 8
0 71 0 1
71
4.17049512883481 6.58049512883484 0
0 72 0 1
72
2.5795048711651 0.329504871165124 2
0 73 0 1
73
2.5795048711651 0.329504871165124 6
0 74 0 1
74
0.329504871165074 5.76148538650459 6
0 75 0 1
75
1.84261388747814 3.54674123013775 8
0 76 0 1
76
0.329504871165074 5.76148538650459 2
0 77 0 1
77
1.84261388747814 3.54674123013775 0
0 78 0 1
78
4.96599025766957 0 6
0 79 0 1
79
5.62890286503194 2.02458739263758 8
0 80 0 1
80
4.96599025766957 0 2
0 81 0 1
81
5.76148538650442 0.329504871165124 2
0 82 0 1
82
5.76148538650442 0.329504871165124 6
0 83 0 1
83
3.17049512883476 3.17049512883482 8
0 84 0 1
84
3.17049512883476 3.17049512883482 0
0 85 0 1
85
3.17049512883476 6.34253013224179 8
0 86 0 1
86
3.17049512883476 6.34253013224179 0
0 87 0 1
87
1.99846012542783 5.17049512883483 0
0 88 0 1
88
1.99846012542783 5.17049512883483 8
0 89 0 1
89
3.17049512883476 5.17049512883483 0
0 90 0 1
90
3.17049512883476 5.17049512883483 8
0 91 0 1
91
1.99846012542783 3.17049512883482 0
0 92 0 1
92
1.99846012542783 3.17049512883482 8
0 93 0 1
93
6.34253013224178 3.17049512883482 8
0 94 0 1
94
3.37499999999995 8.34099025766967 6
0 95 0 1
95
3.37499999999995 8.34099025766967 2
0 96 0 1
96
7.68198051533946 1.78400974233023 2
0 97 0 1
97
7.68198051533946 1.78400974233023 6
1 176 0 2
98
99
5.76148538650451 8.011485386504591 4.666666666666667
5.76148538650451 8.011485386504591 3.333333333333333
1 177 0 2
100
101
6.02665042944946 7.901650429449547 6
6.29181547239441 7.791815472394504 6
1 178 0 2
102
103
5.393200604636532 7.580700604636606 6.666666666666668
5.024915822768556 7.149915822768622 7.333333333333336
1 179 0 2
104
105
6.29181547239441 7.791815472394504 2
6.02665042944946 7.901650429449547 2
1 180 0 2
106
107
6.55698051533936 7.68198051533946 3.333333333333333
6.55698051533936 7.68198051533946 4.666666666666666
1 181 0 2
108
109
6.409666602592173 7.159666602592247 1.333333333333334
6.262352689844986 6.637352689845033 0.6666666666666676
1 182 0 2
110
111
5.393200604636532 7.580700604636606 1.333333333333332
5.024915822768555 7.149915822768622 0.666666666666665
1 183 0 2
112
113
6.409666602592173 7.159666602592247 6.666666666666667
6.262352689844986 6.637352689845033 7.333333333333333
1 184 0 5
114
115
116
117
118
2.22595148057181 6.11503877709784 6.666666666666668
2.22595148057181 6.11503877709784 5.333333333333334
2.22595148057181 6.11503877709784 4.000000000000001
2.22595148057181 6.11503877709784 2.666666666666668
2.22595148057181 6.11503877709784 1.333333333333334
1 185 0 2
119
120
2.387996784593733 6.18216013974259 8
2.550042088615656 6.24928150238734 8
1 186 0 2
121
122
2.024587392637557 5.628902865032103 8
1.823223304703303 5.142766952966367 8
1 187 0 2
123
124
1.70363756782462 6.26235268984504 7.333333333333335
1.181323655077429 6.40966660259224 6.666666666666668
1 188 0 2
125
126
2.550042088615657 6.24928150238734 1.329202951409297e-15
2.387996784593734 6.18216013974259 1.325531120051813e-15
1 189 0 5
127
128
129
130
131
2.71208739263758 6.31640286503209 1.333333333333334
2.71208739263758 6.31640286503209 2.666666666666667
2.71208739263758 6.31640286503209 4
2.71208739263758 6.31640286503209 5.333333333333334
2.71208739263758 6.31640286503209 6.666666666666667
1 190 0 2
132
133
2.66789321881342 6.881430372189573 0.6666666666666672
2.62369904498926 7.446457879347057 1.333333333333334
1 191 0 2
134
135
3.198223304703319 6.51776695296634 1.33287478276678e-15
3.684359216769058 6.71913104090059 1.33287478276678e-15
1 192 0 2
136
137
2.024587392637557 5.628902865032103 1.32185928869433e-15
1.823223304703303 5.142766952966367 1.32185928869433e-15
1 193 0 2
138
139
1.70363756782462 6.26235268984504 0.6666666666666664
1.181323655077429 6.40966660259224 1.333333333333333
1 194 0 2
140
141
2.66789321881342 6.881430372189573 7.333333333333334
2.62369904498926 7.446457879347057 6.666666666666667
1 195 0 2
142
143
3.198223304703323 6.51776695296634 8
3.684359216769066 6.71913104090059 8
1 196 0 5
144
145
146
147
148
6.1150387770978 6.11503877709782 6.666666666666668
6.1150387770978 6.11503877709782 5.333333333333334
6.1150387770978 6.11503877709782 4.000000000000001
6.1150387770978 6.11503877709782 2.666666666666668
6.1150387770978 6.11503877709782 1.333333333333334
1 197 0 2
149
150
6.182160139742553 5.952993473075893 8
6.249281502387307 5.790948169053966 8
1 198 0 2
151
152
5.628902865032059 6.316402865032094 8
5.142766952966319 6.517766952966367 8
1 199 0 2
153
154
6.182160139742553 5.952993473075893 1.351233939554203e-15
6.249281502387307 5.790948169053966 1.380608590414077e-15
1 200 0 2
155
156
5.628902865032059 6.316402865032094 1.32185928869433e-15
5.142766952966319 6.517766952966367 1.32185928869433e-15
1 201 0 2
157
158
2.091708755282303 2.550042088615666 8
2.158830117927057 2.387996784593742 8
1 202 0 5
159
160
161
162
163
2.02458739263755 2.71208739263759 6.666666666666668
2.02458739263755 2.71208739263759 5.333333333333334
2.02458739263755 2.71208739263759 4.000000000000001
2.02458739263755 2.71208739263759 2.666666666666668
2.02458739263755 2.71208739263759 1.333333333333334
1 203 0 2
164
165
1.459559885480056 2.667893218813433 7.333333333333331
0.8945323783225636 2.623699044989277 6.666666666666664
1 204 0 2
166
167
1.8232233047033 3.198223304703347 8
1.62185921676905 3.684359216769103 8
1 205 0 5
168
169
170
171
172
2.22595148057181 2.22595148057182 1.333333333333334
2.22595148057181 2.22595148057182 2.666666666666667
2.22595148057181 2.22595148057182 4
2.22595148057181 2.22595148057182 5.333333333333333
2.22595148057181 2.22595148057182 6.666666666666667
1 206 0 2
173
174
2.158830117927057 2.387996784593744 1.23373533611471e-15
2.091708755282303 2.550042088615667 1.23373533611471e-15
1 207 0 2
175
176
2.078637567824623 1.703637567824629 0.6666666666666677
1.931323655077437 1.181323655077439 1.333333333333334
1 208 0 2
177
178
2.712087392637549 2.02458739263757 1.23373533611471e-15
3.198223304703289 1.82322330470332 1.23373533611471e-15
1 209 0 2
179
180
2.078637567824623 1.70363756782463 7.333333333333333
1.931323655077437 1.181323655077439 6.666666666666666
1 210 0 2
181
182
2.712087392637549 2.02458739263757 8
3.198223304703289 1.82322330470332 8
1 211 0 2
183
184
1.45955988548006 2.667893218813433 0.6666666666666651
0.8945323783225683 2.623699044989277 1.333333333333331
1 212 0 2
185
186
1.8232233047033 3.198223304703347 1.23373533611471e-15
1.62185921676905 3.684359216769103 1.23373533611471e-15
1 213 0 2
187
188
6.85337376619015 4.008449824812897 1.351233939554203e-15
6.7862524035454 3.846404520790974 1.292484637834457e-15
1 214 0 5
189
190
191
192
193
6.9204951288349 4.17049512883482 1.333333333333334
6.9204951288349 4.17049512883482 2.666666666666667
6.9204951288349 4.17049512883482 4
6.9204951288349 4.17049512883482 5.333333333333334
6.9204951288349 4.17049512883482 6.666666666666667
1 215 0 2
194
195
7.393993505113136 4.435660171779763 0.6666666666666676
7.867491881391373 4.700825214724706 1.333333333333334
1 216 0 2
196
197
6.71913104090062 4.65663104090056 1.40998324127395e-15
6.51776695296634 5.1427669529663 1.40998324127395e-15
1 217 0 2
198
199
6.80716179550154 4.170495128834824 9.399888275159673e-16
6.69382846216818 4.170495128834826 4.699944137579836e-16
1 218 0 5
200
201
202
203
204
6.71913104090065 3.68435921676905 6.666666666666668
6.71913104090065 3.68435921676905 5.333333333333334
6.71913104090065 3.68435921676905 4.000000000000001
6.71913104090065 3.68435921676905 2.666666666666668
6.71913104090065 3.68435921676905 1.333333333333334
1 219 0 2
205
206
6.7862524035454 3.846404520790973 8
6.85337376619015 4.008449824812896 8
1 220 0 2
207
208
7.149915822768642 3.316074434901061 7.333333333333336
7.580700604636634 2.947789653033071 6.66666666666667
1 221 0 2
209
210
6.517766952966337 3.198223304703308 8
6.316402865032024 2.712087392637565 8
1 222 0 2
211
212
6.593597404681026 3.51307118745764 8.224902240764734e-16
6.468063768461404 3.34178315814623 4.112451120382367e-16
1 223 0 2
213
214
7.149915822768642 3.316074434901061 0.6666666666666655
7.580700604636634 2.947789653033071 1.333333333333331
1 224 0 2
215
216
6.517766952966337 3.198223304703308 1.23373533611471e-15
6.316402865032024 2.712087392637565 1.23373533611471e-15
1 225 0 2
217
218
7.393993505113136 4.435660171779763 7.333333333333333
7.867491881391373 4.700825214724706 6.666666666666667
1 226 0 2
219
220
6.71913104090062 4.65663104090056 8
6.51776695296634 5.1427669529663 8
1 227 0 2
221
222
6.80716179550154 4.170495128834824 8
6.69382846216818 4.170495128834826 8
1 228 0 2
223
224
4.85133106231774 1.866258040454322 8
4.513000360900447 1.80558679807301 8
1 229 0 2
225
226
5.045079761733796 1.946511379444607 0
4.919664394632833 1.894562633461383 0
1 230 0 5
227
228
229
230
231
5.17049512883476 1.99846012542783 1.333333333333333
5.17049512883476 1.99846012542783 2.666666666666666
5.17049512883476 1.99846012542783 4
5.17049512883476 1.99846012542783 5.333333333333333
5.17049512883476 1.99846012542783 6.666666666666667
1 231 0 2
232
233
5.17049512883476 2.389138459896827 0
5.17049512883476 2.779816794365824 0
1 232 0 2
234
235
4.586331061299517 1.81524096793038 0
4.378413095067163 1.7878680483826 0
1 233 0 2
236
237
5.072466973365227 1.9032717225313 4.112451120382372e-16
5.350684919198583 1.96392955758444 8.224902240764728e-16
1 234 0 2
238
239
5.17049512883476 2.389138459896827 8
5.17049512883476 2.779816794365824 8
1 235 0 2
240
241
0.1098349570550247 3.10983495705502 6
0.2196699141100494 2.84466991411007 6
1 236 0 2
242
243
0 3.37499999999997 4.666666666666667
0 3.37499999999997 3.333333333333333
1 237 0 2
244
245
0.4734983762782674 3.640165042944933 6.666666666666668
0.946996752556535 3.905330085889898 7.333333333333336
1 238 0 2
246
247
0.329504871165074 2.57950487116512 3.333333333333333
0.329504871165074 2.57950487116512 4.666666666666666
1 239 0 2
248
249
0.2196699141100493 2.84466991411007 2
0.1098349570550246 3.10983495705502 2
1 240 0 2
250
251
0.4734983762782675 3.640165042944933 1.333333333333333
0.946996752556535 3.905330085889898 0.6666666666666652
1 241 0 2
252
253
8.34099025766961 4.96599025766965 3.333333333333333
8.34099025766961 4.96599025766965 4.666666666666666
1 242 0 2
254
255
8.231155300614587 5.2311553006146 2
8.121320343559564 5.49632034355955 2
1 243 0 2
256
257
8.231155300614587 5.2311553006146 6
8.121320343559564 5.49632034355955 6
1 244 0 5
258
259
260
261
262
4.17049512883481 1.76049512883482 6.666666666666667
4.17049512883481 1.76049512883482 5.333333333333334
4.17049512883481 1.76049512883482 4
4.17049512883481 1.76049512883482 2.666666666666667
4.17049512883481 1.76049512883482 1.333333333333333
1 245 0 2
263
264
4.17049512883481 1.647161795501484 8
4.17049512883481 1.533828462168147 8
1 246 0 2
265
266
3.827989894583716 1.80558679836073 8
3.48965919738831 1.866258039610797 8
1 247 0 2
267
268
4.17049512883481 1.647161795501484 4.112451120382355e-16
4.17049512883481 1.533828462168147 8.224902240764719e-16
1 248 0 2
269
270
3.827989894583716 1.80558679836073 0
3.48965919738831 1.866258039610797 0
1 249 0 2
271
272
6.474732217215307 4.851331062317798 8
6.535403459596629 4.513000360900486 8
1 250 0 5
273
274
275
276
277
6.34253013224178 5.17049512883483 6.666666666666667
6.34253013224178 5.17049512883483 5.333333333333334
6.34253013224178 5.17049512883483 4
6.34253013224178 5.17049512883483 2.666666666666667
6.34253013224178 5.17049512883483 1.333333333333333
1 251 0 2
278
279
6.333821043171874 5.323297707567233 8
6.325111954101967 5.476100286299637 8
1 252 0 2
280
281
5.951851797772775 5.17049512883483 8
5.561173463303768 5.17049512883483 8
1 253 0 2
282
283
6.474732217215307 4.851331062317798 0
6.535403459596629 4.513000360900486 0
1 254 0 2
284
285
5.951851797772775 5.17049512883483 0
5.561173463303768 5.17049512883483 0
1 255 0 5
286
287
288
289
290
6.31640286503206 5.62890286503204 6.666666666666668
6.31640286503206 5.62890286503204 5.333333333333334
6.31640286503206 5.62890286503204 4.000000000000002
6.31640286503206 5.62890286503204 2.666666666666668
6.31640286503206 5.62890286503204 1.333333333333335
1 256 0 2
291
292
6.881430372189556 5.673097038856193 7.333333333333331
7.446457879347049 5.717291212680347 6.666666666666664
1 257 0 2
293
294
7.446457879347046 5.717291212680347 1.333333333333331
6.881430372189552 5.673097038856193 0.666666666666665
1 258 0 2
295
296
8.011485386504541 5.7614853865045 3.333333333333333
8.011485386504541 5.7614853865045 4.666666666666666
1 259 0 2
297
298
5.17049512883476 5.951851797772845 8
5.17049512883476 5.561173463303838 8
1 260 0 5
299
300
301
302
303
5.17049512883476 6.34253013224185 6.666666666666667
5.17049512883476 6.34253013224185 5.333333333333334
5.17049512883476 6.34253013224185 4
5.17049512883476 6.34253013224185 2.666666666666667
5.17049512883476 6.34253013224185 1.333333333333333
1 261 0 2
304
305
4.851331062317736 6.474732217215335 8
4.513000360900444 6.535403459596645 8
1 262 0 5
306
307
308
309
310
5.17049512883476 5.17049512883483 1.333333333333333
5.17049512883476 5.17049512883483 2.666666666666666
5.17049512883476 5.17049512883483 4
5.17049512883476 5.17049512883483 5.333333333333333
5.17049512883476 5.17049512883483 6.666666666666667
1 263 0 2
311
312
5.17049512883476 5.561173463303835 0
5.17049512883476 5.951851797772842 0
1 264 0 2
313
314
4.851331062317736 6.474732217215335 0
4.513000360900444 6.535403459596645 0
1 265 0 2
315
316
1.78400974233025 0.659009742330249 3.333333333333333
1.78400974233025 0.659009742330249 4.666666666666666
1 266 0 2
317
318
2.0491747852752 0.5491747852752072 2
2.31433982822015 0.4393398282201657 2
1 267 0 2
319
320
2.0491747852752 0.5491747852752072 6
2.31433982822015 0.4393398282201657 6
1 268 0 5
321
322
323
324
325
1.62185921676905 4.65663104090063 6.666666666666668
1.62185921676905 4.65663104090063 5.333333333333334
1.62185921676905 4.65663104090063 4.000000000000001
1.62185921676905 4.65663104090063 2.666666666666668
1.62185921676905 4.65663104090063 1.333333333333334
1 269 0 2
326
327
1.191074434901059 5.024915822768616 7.333333333333334
0.7602896530330673 5.393200604636602 6.666666666666669
1 270 0 2
328
329
1.5547378541243 4.494585736878707 8
1.48761649147955 4.332540432856784 8
1 271 0 2
330
331
1.695444107005414 4.286667770646336 8
1.769028997241777 3.916704500392043 8
1 272 0 2
332
333
0.7602896530330652 5.393200604636604 1.333333333333335
1.191074434901058 5.024915822768618 0.6666666666666683
1 273 0 2
334
335
0.329504871165074 5.76148538650459 3.333333333333333
0.329504871165074 5.76148538650459 4.666666666666666
1 274 0 2
336
337
0.4393398282201283 6.02665042944954 2
0.5491747852751829 6.29181547239449 2
1 275 0 2
338
339
1.5547378541243 4.494585736878707 1.292484637834457e-15
1.48761649147955 4.332540432856784 1.263109986974583e-15
1 276 0 2
340
341
1.695444107005414 4.286667770646336 8.812395257962187e-16
1.769028997241777 3.916704500392043 4.406197628981093e-16
1 277 0 2
342
343
0.4393398282201283 6.02665042944954 6
0.5491747852751829 6.29181547239449 6
1 278 0 2
344
345
4.43566017177973 0.9469967525565391 7.333333333333332
4.700825214724651 0.4734983762782696 6.666666666666666
1 279 0 5
346
347
348
349
350
4.17049512883481 1.42049512883481 6.666666666666668
4.17049512883481 1.42049512883481 5.333333333333334
4.17049512883481 1.42049512883481 4.000000000000001
4.17049512883481 1.42049512883481 2.666666666666668
4.17049512883481 1.42049512883481 1.333333333333334
1 280 0 2
351
352
4.008449824812883 1.487616491479564 8
3.846404520790956 1.554737854124317 8
1 281 0 2
353
354
4.656631040900521 1.621859216769067 8
5.14276695296623 1.823223304703323 8
1 282 0 2
355
356
4.96599025766957 0 3.333333333333333
4.96599025766957 0 4.666666666666666
1 283 0 2
357
358
4.70082521472465 0.4734983762782708 1.333333333333333
4.435660171779729 0.9469967525565404 0.666666666666667
1 284 0 2
359
360
5.23115530061452 0.1098349570550415 2
5.49632034355947 0.2196699141100827 2
1 285 0 2
361
362
5.23115530061452 0.1098349570550415 6
5.49632034355947 0.2196699141100827 6
1 286 0 2
363
364
4.008449824812883 1.487616491479564 1.23373533611471e-15
3.846404520790956 1.554737854124317 1.23373533611471e-15
1 287 0 2
365
366
4.656631040900521 1.621859216769067 1.23373533611471e-15
5.14276695296623 1.823223304703323 1.23373533611471e-15
1 288 0 5
367
368
369
370
371
4.65663104090058 6.71913104090064 1.333333333333334
4.65663104090058 6.71913104090064 2.666666666666667
4.65663104090058 6.71913104090064 4
4.65663104090058 6.71913104090064 5.333333333333333
4.65663104090058 6.71913104090064 6.666666666666667
1 289 0 2
372
373
4.494585736878657 6.67291907021204 8.81239525796221e-16
4.332540432856734 6.62670709952344 4.406197628981124e-16
1 290 0 2
374
375
4.494585736878653 6.786252403545373 1.325531120051813e-15
4.332540432856727 6.853373766190106 1.329202951409297e-15
1 291 0 2
376
377
4.494585736878657 6.786252403545373 8
4.332540432856734 6.853373766190106 8
1 292 0 5
378
379
380
381
382
3.17049512883476 1.99846012542784 6.666666666666667
3.17049512883476 1.99846012542784 5.333333333333334
3.17049512883476 1.99846012542784 4
3.17049512883476 1.99846012542784 2.666666666666667
3.17049512883476 1.99846012542784 1.333333333333333
1 293 0 2
383
384
3.17049512883476 2.389138459896832 8
3.17049512883476 2.779816794365825 8
1 294 0 2
385
386
3.17049512883476 2.389138459896832 0
3.17049512883476 2.779816794365825 0
1 295 0 5
387
388
389
390
391
1.4204951288348 4.17049512883486 6.666666666666668
1.4204951288348 4.17049512883486 5.333333333333334
1.4204951288348 4.17049512883486 4.000000000000001
1.4204951288348 4.17049512883486 2.666666666666668
1.4204951288348 4.17049512883486 1.333333333333334
1 296 0 5
392
393
394
395
396
4.17049512883481 6.58049512883484 6.666666666666667
4.17049512883481 6.58049512883484 5.333333333333334
4.17049512883481 6.58049512883484 4
4.17049512883481 6.58049512883484 2.666666666666667
4.17049512883481 6.58049512883484 1.333333333333333
1 297 0 2
397
398
3.827989894583713 6.535403459308924 8
3.489659197388305 6.474732218058849 8
1 298 0 2
399
400
4.17049512883481 6.693828462168174 8
4.17049512883481 6.807161795501507 8
1 299 0 2
401
402
3.827989894583713 6.535403459308924 0
3.489659197388305 6.474732218058849 0
1 300 0 2
403
404
4.170495128834807 6.693828462168174 4.442915942555948e-16
4.170495128834803 6.807161795501507 8.885831885111883e-16
1 301 0 2
405
406
3.316074434901052 1.191074434901087 0.6666666666666695
2.947789653033075 0.7602896530331043 1.333333333333337
1 302 0 5
407
408
409
410
411
3.68435921676903 1.62185921676907 1.333333333333334
3.68435921676903 1.62185921676907 2.666666666666667
3.68435921676903 1.62185921676907 4
3.68435921676903 1.62185921676907 5.333333333333333
3.68435921676903 1.62185921676907 6.666666666666667
1 303 0 2
412
413
2.5795048711651 0.329504871165124 4.666666666666667
2.5795048711651 0.329504871165124 3.333333333333333
1 304 0 2
414
415
2.947789653033078 0.7602896530331074 6.666666666666669
3.316074434901055 1.19107443490109 7.333333333333336
1 305 0 2
416
417
1.823305547907258 4.647587627826495 0
1.770149298620231 4.097164428982123 0
1 306 0 5
418
419
420
421
422
1.99846012542783 5.17049512883483 1.333333333333333
1.99846012542783 5.17049512883483 2.666666666666666
1.99846012542783 5.17049512883483 4
1.99846012542783 5.17049512883483 5.333333333333333
1.99846012542783 5.17049512883483 6.666666666666667
1 307 0 2
423
424
2.389138459896807 5.17049512883483 0
2.779816794365783 5.17049512883483 0
1 308 0 2
425
426
1.823305547907258 4.647587627826495 8
1.770149298620231 4.097164428982123 8
1 309 0 2
427
428
2.389138459896807 5.17049512883483 8
2.779816794365783 5.17049512883483 8
1 310 0 5
429
430
431
432
433
3.17049512883476 3.17049512883482 1.333333333333333
3.17049512883476 3.17049512883482 2.666666666666666
3.17049512883476 3.17049512883482 4
3.17049512883476 3.17049512883482 5.333333333333333
3.17049512883476 3.17049512883482 6.666666666666667
1 311 0 2
434
435
2.779816794365783 3.17049512883482 0
2.389138459896807 3.17049512883482 0
1 312 0 2
436
437
2.779816794365783 3.17049512883482 8
2.389138459896807 3.17049512883482 8
1 313 0 2
438
439
6.474732217215306 3.489659195351857 8
6.535403459596629 3.82798989676917 8
1 314 0 5
440
441
442
443
444
6.34253013224178 3.17049512883482 1.333333333333333
6.34253013224178 3.17049512883482 2.666666666666666
6.34253013224178 3.17049512883482 4
6.34253013224178 3.17049512883482 5.333333333333333
6.34253013224178 3.17049512883482 6.666666666666667
1 315 0 2
445
446
6.474732217215306 3.489659195351857 0
6.535403459596629 3.82798989676917 0
1 316 0 2
447
448
6.104654376505168 2.78852588343574 4.112451120382361e-16
5.866778620768554 2.406556638036661 8.22490224076473e-16
1 317 0 2
449
450
5.951851797772775 3.17049512883482 0
5.561173463303768 3.17049512883482 0
1 318 0 2
451
452
5.951851797772775 3.17049512883482 8
5.561173463303768 3.17049512883482 8
1 319 0 2
453
454
2.5795048711651 8.011485386504541 4.666666666666667
2.5795048711651 8.011485386504541 3.333333333333333
1 320 0 2
455
456
2.84466991411005 8.121320343559583 6
3.109834957055 8.231155300614628 6
1 321 0 2
457
458
2.84466991411005 8.121320343559583 2
3.109834957055 8.231155300614628 2
1 322 0 2
459
460
5.71729121268026 0.8945323783226082 1.333333333333335
5.6730970388561 1.459559885480094 0.6666666666666683
1 323 0 2
461
462
5.76148538650442 0.329504871165124 3.333333333333333
5.76148538650442 0.329504871165124 4.666666666666666
1 324 0 2
463
464
5.790948169053864 2.091708755282327 1.23373533611471e-15
5.952993473075787 2.158830117927073 1.23373533611471e-15
1 325 0 5
465
466
467
468
469
5.62890286503194 2.02458739263758 1.333333333333334
5.62890286503194 2.02458739263758 2.666666666666667
5.62890286503194 2.02458739263758 4
5.62890286503194 2.02458739263758 5.333333333333333
5.62890286503194 2.02458739263758 6.666666666666667
1 326 0 5
470
471
472
473
474
1.99846012542783 3.17049512883482 6.666666666666667
1.99846012542783 3.17049512883482 5.333333333333334
1.99846012542783 3.17049512883482 4
1.99846012542783 3.17049512883482 2.666666666666667
1.99846012542783 3.17049512883482 1.333333333333333
1 327 0 2
475
476
1.9465113794446 3.295910495935797 8
1.89456263346137 3.421325863036774 8
1 328 0 2
477
478
1.9465113794446 3.295910495935797 0
1.89456263346137 3.421325863036774 0
1 329 0 2
479
480
7.901650429449573 2.314339828220129 2
7.791815472394516 2.049174785275179 2
1 330 0 2
481
482
8.01148538650463 2.57950487116508 3.333333333333333
8.01148538650463 2.57950487116508 4.666666666666666
1 331 0 2
483
484
7.68198051533946 1.78400974233023 4.666666666666667
7.68198051533946 1.78400974233023 3.333333333333333
1 332 0 2
485
486
7.791815472394517 2.049174785275181 6
7.901650429449574 2.314339828220131 6
1 333 0 2
487
488
7.159666602592209 1.931323655077427 6.666666666666668
6.63735268984496 2.078637567824623 7.333333333333334
1 334 0 2
489
490
7.159666602592209 1.931323655077427 1.333333333333332
6.63735268984496 2.078637567824623 0.6666666666666667
1 335 0 5
491
492
493
494
495
5.17049512883476 3.17049512883482 6.666666666666667
5.17049512883476 3.17049512883482 5.333333333333334
5.17049512883476 3.17049512883482 4
5.17049512883476 3.17049512883482 2.666666666666667
5.17049512883476 3.17049512883482 1.333333333333333
1 336 0 2
496
497
3.37499999999995 8.34099025766967 3.333333333333333
3.37499999999995 8.34099025766967 4.666666666666666
1 337 0 2
498
499
3.6401650429449 7.867491881391393 1.333333333333332
3.90533008588985 7.393993505113117 0.6666666666666667
1 338 0 2
500
501
3.640165042944903 7.867491881391393 6.666666666666667
3.905330085889857 7.393993505113117 7.333333333333334
1 339 0 5
502
503
504
505
506
3.17049512883476 6.34253013224179 1.333333333333333
3.17049512883476 6.34253013224179 2.666666666666666
3.17049512883476 6.34253013224179 4
3.17049512883476 6.34253013224179 5.333333333333333
3.17049512883476 6.34253013224179 6.666666666666667
1 340 0 2
507
508
3.17049512883476 5.951851797772804 0
3.17049512883476 5.561173463303819 0
1 341 0 2
509
510
3.17049512883476 5.951851797772804 8
3.17049512883476 5.561173463303819 8
1 342 0 5
511
512
513
514
515
6.11503877709771 2.22595148057182 6.666666666666668
6.11503877709771 2.22595148057182 5.333333333333334
6.11503877709771 2.22595148057182 4.000000000000001
6.11503877709771 2.22595148057182 2.666666666666668
6.11503877709771 2.22595148057182 1.333333333333334
1 343 0 2
516
517
5.952993473075787 2.158830117927073 8
5.790948169053864 2.091708755282327 8
1 344 0 2
518
519
5.6730970388561 1.459559885480096 7.333333333333335
5.71729121268026 0.89453237832261 6.666666666666668
1 345 0 5
520
521
522
523
524
6.58049512883482 4.17049512883483 6.666666666666667
6.58049512883482 4.17049512883483 5.333333333333334
6.58049512883482 4.17049512883483 4
6.58049512883482 4.17049512883483 2.666666666666667
6.58049512883482 4.17049512883483 1.333333333333333
1 346 0 5
525
526
527
528
529
4.170495128834801 6.92049512883484 1.333333333333334
4.170495128834803 6.92049512883484 2.666666666666667
4.170495128834805 6.92049512883484 4
4.170495128834807 6.92049512883484 5.333333333333334
4.170495128834808 6.92049512883484 6.666666666666667
1 347 0 5
530
531
532
533
534
3.17049512883476 5.17049512883483 6.666666666666667
3.17049512883476 5.17049512883483 5.333333333333334
3.17049512883476 5.17049512883483 4
3.17049512883476 5.17049512883483 2.666666666666667
3.17049512883476 5.17049512883483 1.333333333333333
1 348 0 2
535
536
0.659009742330237 6.55698051533944 4.666666666666667
0.659009742330237 6.55698051533944 3.333333333333333
1 349 0 5
537
538
539
540
541
1.84261388747814 3.54674123013775 6.666666666666667
1.84261388747814 3.54674123013775 5.333333333333334
1.84261388747814 3.54674123013775 4
1.84261388747814 3.54674123013775 2.666666666666667
1.84261388747814 3.54674123013775 1.333333333333333
2 2 0 5
542
543
544
545
546
6.159232950921934 7.846732950922026 2.229483589777606
6.159232950921934 7.846732950922025 5.770516410222394
6.159232950921934 7.846732950922026 4
6.159232950921934 7.846732950922027 2.724771780057611
6.159232950921935 7.846732950922025 5.27522821994239
2 3 0 0
2 4 0 4
547
548
549
550
6.342110563877515 6.920140964770717 2.333333333333334
6.342110563877516 6.920140964770717 5.666666666666666
6.285625365842216 6.719867927092665 3.4
6.328629085765675 6.872341246122989 4.399999999999999
2 5 0 0
2 6 0 0
2 7 0 7
551
552
553
554
555
556
557
4.749079243090048 1.83666717254091 0.1832842832254777
4.702539276463229 1.830540069696855 7.562368753148548
4.698045653046282 1.829948472950797 5.997024367885339
4.674729131735726 1.826878794685213 4.66982633969022
4.698045653046283 1.829948472950797 2.058831162169156
4.718642057960776 1.832660041099112 0.4112245550866087
4.698045653046282 1.829948472950797 3.371562230741217
2 8 0 5
558
559
560
561
562
0.1647524355825372 2.977252435582544 2.221852953477969
0.1647524355825371 2.977252435582545 5.778147046522031
0.1647524355825369 2.977252435582545 4
0.1647524355825371 2.977252435582545 5.2760068562995
0.1647524355825371 2.977252435582545 2.7239931437005
2 9 0 4
563
564
565
566
7.650352345534523 4.579224345038317 2.333333333333334
7.650352345534523 4.579224345038317 5.666666666666666
7.468796855936136 4.477550988574772 4.600000000000001
7.607019995746611 4.554957684437004 3.599999999999999
2 10 0 8
567
568
569
570
571
572
573
574
6.507799502442498 4.722673231981477 0.2718039093615809
6.507952494158829 4.721511144522946 7.72134988022779
6.503563715986188 4.754847224377623 6.023094871545341
6.511366179977239 4.695581626428206 4.629149029954973
6.520683736043408 4.624807761618049 1.969096602858088
6.514111462984425 4.674729131735774 3.330173660309783
6.513739500109997 4.677554470268993 0.8148258549144586
6.508546829364489 4.716996720440207 7.164621188834239
2 11 0 4
575
576
577
578
7.189312913726125 5.697178370093571 5.666666666666666
7.189312913726125 5.697178370093571 2.333333333333333
7.146455419455972 5.693826229662442 3.611111111111111
7.019929102128067 5.683929851184427 4.662617427923549
2 12 0 6
579
580
581
582
583
584
5.17049512883476 5.756512630538344 7.661662637641648
5.17049512883476 5.756512630538338 0.338337362358353
5.17049512883476 5.756512630538341 2
5.17049512883476 5.756512630538341 4.666666666666668
5.17049512883476 5.756512630538341 6
5.17049512883476 5.756512630538341 3.333333333333333
2 13 0 4
585
586
587
588
1.998879693792095 1.420849292898959 2.333333333333334
1.998879693792095 1.420849292898959 5.666666666666666
2.010139033577871 1.460770232535879 3.611111111111111
2.043842303514534 1.580268021065898 4.663774353278727
2 14 0 4
589
590
591
592
0.9563405293536494 5.225593583080119 2.333333333333334
0.9563405293536498 5.225593583080118 5.666666666666665
1.120917836255482 5.084893818083929 4.600000000000001
0.996664423579563 5.191120042662415 3.600000000000001
2 15 0 4
593
594
595
596
4.579224345038272 0.6906379121351345 2.333333333333333
4.579224345038272 0.6906379121351343 5.666666666666667
4.477550988574738 0.8721934017335339 4.6
4.554957684436962 0.733970261923048 3.6
2 16 0 5
597
598
599
600
601
5.131635867196854 7.274746859301832 2.081445042537476
5.131635867196855 7.274746859301832 5.918554957462522
5.293988388371485 7.464651516956141 4
5.210309518396419 7.366771871844737 3.013574173756245
5.21030951839642 7.366771871844739 4.986425826243755
2 17 0 8
602
603
604
605
606
607
608
609
3.619479113385707 1.833037763479345 7.721349882592478
3.61510566250098 1.833613539211395 0.2732258940450114
3.586143033291992 1.837426541683456 6.023094871545348
3.645408631241414 1.829624077692405 4.629149029954974
3.666261125933847 1.826878794685218 3.330173660309788
3.716182496051577 1.820306521626235 1.969096602858084
3.66285503740808 1.827327214746639 0.8151312266354669
3.623993537220311 1.832443428306352 7.164621189024759
2 18 0 4
610
611
612
613
0.690637912135128 3.76176591263133 2.333333333333333
0.6906379121351283 3.76176591263133 5.666666666666668
0.7268278347779382 3.78203272424573 3.611111111111112
0.8351573421046846 3.842698610131729 4.663774353278728
2 19 0 8
614
615
616
617
618
619
620
621
3.618317025945957 6.507799502476448 7.728196092917933
3.619479113385701 6.507952494190305 0.2786501174075229
3.716182496051574 6.520683736043418 6.030903397141918
3.642944604623286 6.511041784718849 3.371562230741217
3.666261125933844 6.514111462984434 4.669826339690211
3.586143033291986 6.503563715986195 1.97690512845465
3.663435787435712 6.513739500114625 7.185174145283659
3.623993537220306 6.5085468293633 0.8353788109752437
2 20 0 4
622
623
624
625
3.115396674589557 0.9563405293536855 2.333333333333333
3.115396674589557 0.9563405293536863 5.666666666666666
3.256096439585745 1.120917836255514 4.600000000000001
3.14987021500726 0.9966644235795981 3.600000000000001
2 21 0 0
2 22 0 8
626
627
628
629
630
631
632
633
4.72267323198142 6.507799502442513 0.2718039093615641
4.72151114452289 6.507952494158842 7.721349880227807
4.624807761617999 6.520683736043424 1.969096602858092
4.67472913173572 6.51411146298444 3.33017366030978
4.770494747611387 6.501503680471412 6.032194331339486
4.698045653046277 6.511041784718855 4.628437769258783
4.677554470268939 6.513739500110011 0.8148258549144538
4.719779470310676 6.508180473393889 7.1661607389588
2 23 0 6
634
635
636
637
638
639
1.783199169201914 4.342949436828878 7.258511592285601
1.78498473276497 4.356512138606499 0.6642967146385719
1.787838990693894 4.378192380008896 2.045322478312673
1.783911699858058 4.34836164449073 4.669687360927155
1.790876721238521 4.401266234286596 5.96463235051419
1.786476875934086 4.367846091220081 3.351595912163801
2 24 0 6
640
641
642
643
644
645
3.17049512883476 2.584477627131328 0.3383373623583412
3.17049512883476 2.584477627131329 7.661662637641659
3.17049512883476 2.584477627131329 2
3.17049512883476 2.58447762713133 6
3.17049512883476 2.58447762713133 4.666666666666667
3.17049512883476 2.584477627131331 3.333333333333333
2 25 0 8
646
647
648
649
650
651
652
653
6.508686709113638 3.625056029409326 0.2801821881077339
6.507799502442498 3.618317025688178 7.728196090638417
6.514111462984424 3.66626112593388 4.669826339690216
6.520683736043408 3.716182496051606 6.030903397141913
6.501503680471399 3.570495510058211 1.967805668660509
6.51104178471884 3.642944604623323 3.371562230741219
6.513739500109995 3.663435787400662 7.18517414508554
6.508314646620947 3.622229934200287 0.8340437451526054
2 26 0 5
654
655
656
657
658
8.176237822087074 5.363737822087076 2.229483589777601
8.176237822087074 5.363737822087076 5.778147046522033
8.176237822087074 5.363737822087075 3.999999999999999
8.176237822087074 5.363737822087074 5.276006856299501
8.176237822087074 5.363737822087074 2.724771780057605
2 27 0 4
659
660
661
662
2.643811887576039 7.189312913726138 5.666666666666665
2.643811887576039 7.189312913726138 2.333333333333333
2.647164028007169 7.146455419455986 4.388888888888888
2.657060406485185 7.019929102128079 3.337382572076448
2 28 0 4
663
664
665
666
5.30393904848289 0.3091194458308777 1.806701173384659
5.005731963157972 1.371751530290883 0.4510971692733686
5.123282566898969 0.986180195109419 0.9473970430061001
5.211334510696696 0.6658325988852892 1.355191220764353
2 29 0 6
667
668
669
670
671
672
2.584477627131295 3.17049512883482 0.338337362358327
2.584477627131295 3.17049512883482 7.661662637641673
2.584477627131295 3.17049512883482 6
2.584477627131295 3.17049512883482 2
2.584477627131296 3.17049512883482 4.666666666666666
2.584477627131295 3.17049512883482 3.333333333333333
2 30 0 5
673
674
675
676
677
7.846732950922044 2.181757306747655 5.77051641022239
7.846732950922044 2.181757306747654 2.22948358977761
7.846732950922045 2.181757306747655 4
7.846732950922044 2.181757306747655 5.275228219942388
7.846732950922044 2.181757306747655 2.724771780057613
2 31 0 6
678
679
680
681
682
683
5.756512630538271 3.17049512883482 0.3383373623583541
5.75651263053827 3.17049512883482 7.661662637641646
5.756512630538269 3.17049512883482 6
5.756512630538269 3.17049512883482 2
5.756512630538269 3.17049512883482 4.666666666666667
5.756512630538269 3.17049512883482 3.333333333333333
2 32 0 5
684
685
686
687
688
2.977252435582524 8.176237822087106 5.770516410222394
2.977252435582526 8.176237822087106 2.229483589777606
2.977252435582524 8.176237822087106 4.000000000000001
2.977252435582525 8.176237822087106 2.724771780057611
2.977252435582525 8.176237822087106 5.27522821994239
2 33 0 6
689
690
691
692
693
694
5.756512630538271 5.17049512883483 7.661662637641646
5.75651263053827 5.17049512883483 0.3383373623583541
5.756512630538269 5.17049512883483 3.333333333333333
5.756512630538269 5.17049512883483 6
5.756512630538269 5.17049512883483 2
5.75651263053827 5.17049512883483 4.666666666666666
2 34 0 0
2 35 0 0
2 36 0 0
2 37 0 4
695
696
697
698
7.384649728316051 3.115396674589556 2.333333333333333
7.38464972831605 3.115396674589558 5.666666666666666
7.220072421414221 3.256096439585747 4.600000000000001
7.344325834090139 3.149870215007261 3.600000000000001
2 38 0 3
699
700
701
3.767513461041831 7.640089096616999 2.134958123083684
3.767513461041835 7.640089096616997 5.865041876916314
3.744122978348894 7.681856878118159 4
2 39 0 6
702
703
704
705
706
707
5.17049512883476 2.584477627131325 7.661662637641656
5.17049512883476 2.584477627131326 0.3383373623583446
5.17049512883476 2.584477627131324 4.666666666666666
5.170495128834759 2.584477627131324 2
5.17049512883476 2.584477627131325 3.333333333333333
5.17049512883476 2.584477627131324 6
2 40 0 6
708
709
710
711
712
713
3.17049512883476 5.75651263053831 7.661662637641665
3.17049512883476 5.75651263053831 0.3383373623583349
3.17049512883476 5.75651263053831 6
3.17049512883476 5.75651263053831 1.999999999999999
3.17049512883476 5.756512630538309 4.666666666666667
3.17049512883476 5.75651263053831 3.333333333333333
2 41 0 4
714
715
716
717
5.697178370093481 1.151677343943528 2.333333333333332
5.697178370093481 1.151677343943528 5.666666666666667
5.693826229662351 1.194534838213681 3.61111111111111
5.683929851184335 1.321061155541589 4.66261742792355
2 42 0 5
718
719
720
721
722
5.363737822086994 0.1647524355825618 2.221852953477972
5.363737822086994 0.1647524355825618 5.770516410222394
5.363737822086994 0.1647524355825618 4
5.363737822086994 0.1647524355825618 5.27522821994239
5.363737822086994 0.1647524355825615 2.723993143700504
2 43 0 5
723
724
725
726
727
1.295828545941096 2.655086813482038 5.918554957462518
1.295828545941097 2.655086813482038 2.081445042537485
1.046745106069512 2.635604510941083 4.000000000000001
1.175126363269309 2.64564597533809 4.986425826243753
1.175126363269309 2.64564597533809 3.013574173756249
2 44 0 6
728
729
730
731
732
733
2.584477627131295 5.17049512883483 0.338337362358327
2.584477627131295 5.17049512883483 7.661662637641673
2.584477627131295 5.17049512883483 2
2.584477627131294 5.170495128834829 4.666666666666666
2.584477627131295 5.17049512883483 6
2.584477627131295 5.17049512883483 3.333333333333333
2 45 0 5
734
735
736
737
738
2.181757306747675 0.4942573067476865 2.229483589777606
2.181757306747675 0.4942573067476865 5.770516410222394
2.181757306747675 0.4942573067476865 4
2.181757306747675 0.4942573067476865 5.275228219942391
2.181757306747675 0.4942573067476865 2.72477178005761
2 46 0 5
739
740
741
742
743
0.4942573067476548 6.159232950922013 2.221852953477976
0.4942573067476548 6.159232950922013 5.778147046522024
0.4942573067476555 6.159232950922015 4
0.4942573067476554 6.159232950922014 2.723993143700506
0.4942573067476558 6.159232950922016 5.276006856299493
2 47 0 4
744
745
746
747
6.920140964770666 1.998879693792089 2.333333333333333
6.920140964770667 1.998879693792088 5.666666666666666
6.719867927092599 2.055364891827392 3.399999999999999
6.872341246122933 2.01236117190393 4.399999999999999
2 48 0 4
748
749
750
751
1.420849292898948 6.342110563877577 2.333333333333334
1.420849292898948 6.342110563877576 5.666666666666667
1.460770232535868 6.330851224091798 3.611111111111112
1.580268021065885 6.297147954155133 4.663774353278727
2 49 0 4
752
753
754
755
7.702365940673719 2.241556080351776 6.193298826615334
6.740107335614425 2.782086180948682 7.548902830726616
7.095868270390254 2.592566904248534 7.052602956993864
7.384650354573195 2.428309073177705 6.644808779235627
2 50 0 0
2 51 0 0
2 52 0 4
756
757
758
759
7.702365940673717 2.241556080351776 1.806701173384665
6.740107335614425 2.782086180948681 0.4510971692733839
7.095868270390254 2.592566904248531 0.9473970430061378
7.384650354573197 2.428309073177705 1.355191220764374
2 53 0 4
760
761
762
763
2.241556080351783 0.6386243169960051 1.806701173384661
2.782086180948677 1.600882922055221 0.4510971692733782
2.592566904248546 1.245121987279416 0.9473970430061222
2.428309073177711 0.9563399030964922 1.355191220764365
2 54 0 4
764
765
766
767
3.037051209186633 8.031870811838786 1.806701173384661
3.335258294511589 6.969238727378784 0.4510971692733752
3.217707690770589 7.354810062560255 0.9473970430061162
3.129655746972845 7.675157658784374 1.35519122076436
2 55 0 4
768
769
770
771
0.3091194458308583 3.037051209186644 1.806701173384669
1.371751530290858 3.335258294511626 0.4510971692733801
0.9861801951093829 3.217707690770627 0.9473970430061297
0.6658325988852748 3.129655746972873 1.355191220764371
2 56 0 4
772
773
774
775
0.6386243169959722 6.099434177317895 1.806701173384659
1.600882922055201 5.558904076720983 0.4510971692733753
1.24512198727939 5.748423353421123 0.9473970430061168
0.9563399030964624 5.912681184491967 1.355191220764359
2 57 0 4
776
777
778
779
8.031870811838752 5.303939048482977 1.80670117338467
6.969238727378782 5.005731963158022 0.4510971692733833
7.35481006256024 5.123282566899012 0.947397043006135
7.675157658784341 5.211334510696756 1.355191220764379
2 58 0 4
780
781
782
783
6.099434177317824 7.702365940673705 1.806701173384665
5.558904076720933 6.74010733561446 0.4510971692733802
5.748423353421068 7.095868270390272 0.9473970430061286
5.912681184491897 7.384650354573203 1.355191220764369
2 59 0 12
784
785
786
787
788
789
790
791
792
793
794
795
2.544126293912113 6.05048845528083 1.131627455365319e-15
4.043804645960256 6.721155157708628 6.168040643074607e-16
2.564251890230446 5.497144674280168 4.571358206566121e-16
2.335685144095655 5.784813781285873 8.597197370962372e-16
2.899638390975154 6.104309763365109 7.875480432124554e-16
2.856406200002414 5.820241393755314 7.770934251682312e-16
2.856605816013716 5.498476210423895 4.534489056063188e-16
2.392288118192071 5.994232280417665 1.134861311544841e-15
2.676029363801263 6.133978651930001 1.163631919487877e-15
2.603373730758889 5.799258209861197 8.556553078604215e-16
2.262424602457659 5.450370315653561 3.916765689460075e-16
2.695508848286297 5.965862010959052 9.869020071517039e-16
2 60 0 2
796
797
4.385703926300501 6.737949493661159 9.618370889919726e-16
4.278355009936714 6.743804123408877 8.129069172132286e-16
2 61 0 12
798
799
800
801
802
803
804
805
806
807
808
809
6.050488455280794 5.796863963757511 8.765835905136051e-16
6.721155157742897 4.297185611449207 6.524869440607801e-16
5.494266544072627 5.776679884647459 4.531079674644087e-16
5.784813781285836 6.005305113573989 8.597197370962557e-16
6.104309763365078 5.441351866694449 3.790555317412865e-16
5.820241393755261 5.484584057667177 4.395576306257589e-16
5.449794689612009 6.078553958653647 3.908709983075754e-16
5.497996522055926 5.484374694523938 4.39264633456056e-16
5.99423228041762 5.948702139477568 1.089076367658485e-15
6.133978651929969 5.664960893868358 6.919893703725701e-16
5.798778521493237 5.73760677977878 7.936550152082684e-16
5.965813063166373 5.645480414778022 6.647270492705954e-16
2 62 0 3
810
811
812
6.715099106117926 3.967246607634048 8.336461635074518e-16
6.75049512883488 4.07356272837916 8.363543098599351e-16
6.655064257110488 4.041957898090406 4.834324085045073e-16
2 63 0 5
813
814
815
816
817
5.4632002343529 2.232093054828264 1.68592930484023e-16
5.505285064820585 2.583081142799196 0
5.740609533177313 2.834371717286298 0
5.453913875893028 2.887076381776555 0
5.288718852805251 2.14590529943434 0
2 64 0 0
2 65 0 15
818
819
820
821
822
823
824
825
826
827
828
829
830
831
832
2.290501802388791 2.544126293912125 1.052392831101028e-15
2.846723713596912 2.564310373022206 4.22900769633464e-16
3.967246607196949 1.625891151609308 7.939169309408492e-16
2.556176476383772 2.335685144095664 8.024050879564681e-16
2.236680494304514 2.899638390975191 7.28970089585069e-16
2.520748863914322 2.85640620000249 7.202676535950718e-16
1.620939308496634 4.079549355697044 8.251070704519051e-16
4.073562728379141 1.590495128834815 7.625598908367944e-16
2.891195568057551 2.262436299016022 3.648129317537197e-16
2.842993735613614 2.856615563145721 4.225614748801438e-16
2.346757977251965 2.392288118192082 1.05852301630567e-15
2.207011605739624 2.676029363801272 1.079042594171902e-15
2.542211736176335 2.603383477890868 7.972430380826877e-16
4.041957897565886 1.685926000628231 4.637792294073068e-16
2.375177194503205 2.695509842891606 9.162718618897156e-16
2 66 0 3
833
834
835
4.24521477757668 1.590495128834817 6.525626372029014e-16
4.27274043261093 1.686636379411042 3.168508084168903e-16
4.399084032741186 1.647161795501487 5.204462928433155e-16
2 67 0 4
836
837
838
839
8.031870811838756 5.303939048482973 6.19329882661533
6.969238727378784 5.005731963158021 7.548902830726615
7.35481006256024 5.123282566899012 7.052602956993867
7.675157658784341 5.211334510696752 6.644808779235621
2 68 0 4
840
841
842
843
6.099434177317818 7.702365940673712 6.19329882661534
5.558904076720935 6.740107335614467 7.548902830726625
5.748423353421075 7.095868270390284 7.052602956993879
5.912681184491901 7.384650354573218 6.644808779235643
2 69 0 4
844
845
846
847
3.037051209186628 8.031870811838784 6.193298826615339
3.335258294511595 6.969238727378782 7.548902830726627
3.217707690770594 7.354810062560253 7.052602956993884
3.129655746972847 7.675157658784371 6.644808779235641
2 70 0 4
848
849
850
851
2.241556080351786 0.6386243169960025 6.19329882661534
2.782086180948678 1.600882922055221 7.548902830726627
2.592566904248546 1.245121987279416 7.052602956993885
2.428309073177711 0.9563399030964903 6.644808779235643
2 71 0 4
852
853
854
855
5.303939048482889 0.3091194458308814 6.193298826615337
5.005731963157968 1.371751530290889 7.548902830726629
5.123282566898962 0.9861801951094293 7.052602956993892
5.211334510696689 0.6658325988853042 6.644808779235637
2 72 0 4
856
857
858
859
0.3091194458308599 3.037051209186644 6.193298826615332
1.371751530290856 3.335258294511625 7.548902830726618
0.9861801951093812 3.217707690770626 7.052602956993868
0.665832598885274 3.129655746972873 6.644808779235628
2 73 0 4
860
861
862
863
0.638624316995975 6.099434177317901 6.193298826615342
1.600882922055202 5.558904076720983 7.548902830726627
1.245121987279394 5.748423353421121 7.052602956993889
0.9563399030964643 5.912681184491967 6.644808779235643
2 74 0 15
864
865
866
867
868
869
870
871
872
873
874
875
876
877
878
2.29050180238879 2.544126293912123 8
2.846723713596911 2.564310373022205 8
3.967246607196948 1.625891151609307 8
2.556176476383771 2.335685144095663 8
2.236680494304515 2.89963839097519 8
2.520748863914321 2.856406200002489 8
1.620939308496633 4.079549355697045 8
4.073562728379141 1.590495128834815 8
2.891195568057551 2.262436299016023 8
2.842993735613613 2.856615563145721 8
2.207011605739624 2.676029363801271 8
2.346757977251963 2.392288118192081 8
2.542211736176332 2.603383477890866 8
4.041957897565886 1.685926000628231 8
2.375177194503204 2.695509842891602 8
2 75 0 15
879
880
881
882
883
884
885
886
887
888
889
890
891
892
893
5.796863963757408 2.290501802388823 8
4.297185611449181 1.619835099926773 8
5.77667988464739 2.846723713596959 8
6.715099106117909 3.967246607634052 8
6.005305113573887 2.556176476383818 8
5.441351866694358 2.23668049430453 8
5.4845840576671 2.520748863914318 8
6.750495128834842 4.073562728379169 8
6.078553958653571 2.891195568057596 8
5.484374694523861 2.842993735613658 8
5.664960893868255 2.207011605739655 8
5.948702139477459 2.346757977251993 8
5.737606779778688 2.54221173617637 8
6.655064257110476 4.041957898090409 8
5.645480414777918 2.375177194503243 8
2 76 0 15
894
895
896
897
898
899
900
901
902
903
904
905
906
907
908
6.091249667519582 5.813707036535099 8
6.198591676296521 5.528176785296703 8
5.518287457953489 5.752918575123997 8
4.373743650035579 6.715099106117903 8
5.784813781285838 6.005305113573995 8
5.732505192602186 5.445586241320134 8
6.193206596720405 5.354425548279208 8
6.01690778417381 5.469796639584736 8
4.267427529290477 6.750495128834851 8
5.448712397729494 5.44882354922407 8
5.45459887238818 6.073801696748956 8
5.900562096454211 5.699874907350745 8
6.01290752560663 5.934099135347619 8
6.128832598643916 5.655234400475549 8
4.299032359579225 6.655064257110483 8
2 77 0 1
909
6.721155157742901 4.297185611449208 8
2 78 0 12
910
911
912
913
914
915
916
917
918
919
920
921
2.544126293912111 6.05048845528083 8
4.043804645960261 6.721155157708631 8
2.564251890230445 5.49714467428017 8
2.335685144095651 5.784813781285876 8
2.899638390975155 6.104309763365107 8
2.856406200002422 5.820241393755305 8
2.856605816013716 5.498476210423894 8
2.392288118192068 5.99423228041767 8
2.676029363801259 6.133978651929999 8
2.603373730758887 5.799258209861198 8
2.262424602457658 5.450370315653561 8
2.695508848286289 5.96586201095905 8
3 1 0 14
922
923
924
925
926
927
928
929
930
931
932
933
934
935
4.186367224307256 1.590495128834817 0.6079575266369883
6.81689788678906 4.445238088270441 7.429666133469198
3.897229112224574 6.856013510816256 0.5933597902325582
4.347446912068349 1.503449852670672 7.33221030141647
6.77028845858236 4.31314373615726 0.6470692376732249
3.98618648095461 6.775506845857137 7.345526073330737
6.721410288215393 4.100293636231922 7.382326604428604
4.138592590994455 1.590495128834816 0.3023779381306222
4.183993291028153 6.797693943344002 7.540321711840795
4.233981857411422 6.704957961153415 0.6664908342596529
6.804281426607266 4.207837177129067 0.3142103080685956
2.367646074632602 5.688044051834239 0.706964865178462
2.367646074632602 5.68804405183424 7.293035134821539
4.138592590994455 1.590495128834815 7.727735291285076
$EndNodes
$Elements
349 5106 1 5106
0 1 15 1
1 1 
0 2 15 1
2 2 
0 3 15 1
3 3 
0 4 15 1
4 4 
0 5 15 1
5 5 
0 6 15 1
6 6 
0 7 15 1
7 7 
0 8 15 1
8 8 
0 9 15 1
9 9 
0 10 15 1
10 10 
0 11 15 1
11 11 
0 12 15 1
12 12 
0 13 15 1
13 13 
0 14 15 1
14 14 
0 15 15 1
15 15 
0 16 15 1
16 16 
0 17 15 1
17 17 
0 18 15 1
18 18 
0 19 15 1
19 19 
0 20 15 1
20 20 
0 21 15 1
21 21 
0 22 15 1
22 22 
0 23 15 1
23 23 
0 24 15 1
24 24 
0 25 15 1
25 25 
0 26 15 1
26 26 
0 27 15 1
27 27 
0 28 15 1
28 28 
0 29 15 1
29 29 
0 30 15 1
30 30 
0 31 15 1
31 31 
0 32 15 1
32 32 
0 33 15 1
33 33 
0 34 15 1
34 34 
0 35 15 1
35 35 
0 36 15 1
36 36 
0 37 15 1
37 37 
0 38 15 1
38 38 
0 39 15 1
39 39 
0 40 15 1
40 40 
0 41 15 1
41 41 
0 42 15 1
42 42 
0 43 15 1
43 43 
0 44 15 1
44 44 
0 45 15 1
45 45 
0 46 15 1
46 46 
0 47 15 1
47 47 
0 48 15 1
48 48 
0 49 15 1
49 49 
0 50 15 1
50 50 
0 51 15 1
51 51 
0 52 15 1
52 52 
0 53 15 1
53 53 
0 54 15 1
54 54 
0 55 15 1
55 55 
0 56 15 1
56 56 
0 57 15 1
57 57 
0 58 15 1
58 58 
0 59 15 1
59 59 
0 60 15 1
60 60 
0 61 15 1
61 61 
0 62 15 1
62 62 
0 63 15 1
63 63 
0 64 15 1
64 64 
0 65 15 1
65 65 
0 66 15 1
66 66 
0 67 15 1
67 67 
0 68 15 1
68 68 
0 69 15 1
69 69 
0 70 15 1
70 70 
0 71 15 1
71 71 
0 72 15 1
72 72 
0 73 15 1
73 73 
0 74 15 1
74 74 
0 75 15 1
75 75 
0 76 15 1
76 76 
0 77 15 1
77 77 
0 78 15 1
78 78 
0 79 15 1
79 79 
0 80 15 1
80 80 
0 81 15 1
81 81 
0 82 15 1
82 82 
0 83 15 1
83 83 
0 84 15 1
84 84 
0 85 15 1
85 85 
0 86 15 1
86 86 
0 87 15 1
87 87 
0 88 15 1
88 88 
0 89 15 1
89 89 
0 90 15 1
90 90 
0 91 15 1
91 91 
0 92 15 1
92 92 
0 93 15 1
93 93 
0 94 15 1
94 94 
0 95 15 1
95 95 
0 96 15 1
96 96 
0 97 15 1
97 97 
1 176 1 3
98 1 98 
99 98 99 
100 99 2 
1 177 1 3
101 1 100 
102 100 101 
103 101 3 
1 178 1 3
104 1 102 
105 102 103 
106 103 4 
1 179 1 3
107 5 104 
108 104 105 
109 105 2 
1 180 1 3
110 5 106 
111 106 107 
112 107 3 
1 181 1 3
113 5 108 
114 108 109 
115 109 6 
1 182 1 3
116 2 110 
117 110 111 
118 111 7 
1 183 1 3
119 3 112 
120 112 113 
121 113 8 
1 184 1 6
122 9 114 
123 114 115 
124 115 116 
125 116 117 
126 117 118 
127 118 10 
1 185 1 3
128 9 119 
129 119 120 
130 120 11 
1 186 1 3
131 9 121 
132 121 122 
133 122 12 
1 187 1 3
134 9 123 
135 123 124 
136 124 13 
1 188 1 3
137 14 125 
138 125 126 
139 126 10 
1 189 1 6
140 14 127 
141 127 128 
142 128 129 
143 129 130 
144 130 131 
145 131 11 
1 190 1 3
146 14 132 
147 132 133 
148 133 15 
1 191 1 3
149 14 134 
150 134 135 
151 135 16 
1 192 1 3
152 10 136 
153 136 137 
154 137 17 
1 193 1 3
155 10 138 
156 138 139 
157 139 18 
1 194 1 3
158 11 140 
159 140 141 
160 141 19 
1 195 1 3
161 11 142 
162 142 143 
163 143 20 
1 196 1 6
164 8 144 
165 144 145 
166 145 146 
167 146 147 
168 147 148 
169 148 6 
1 197 1 3
170 8 149 
171 149 150 
172 150 21 
1 198 1 3
173 8 151 
174 151 152 
175 152 4 
1 199 1 3
176 6 153 
177 153 154 
178 154 22 
1 200 1 3
179 6 155 
180 155 156 
181 156 7 
1 201 1 3
182 23 157 
183 157 158 
184 158 24 
1 202 1 6
185 23 159 
186 159 160 
187 160 161 
188 161 162 
189 162 163 
190 163 25 
1 203 1 3
191 23 164 
192 164 165 
193 165 26 
1 204 1 3
194 23 166 
195 166 167 
196 167 27 
1 205 1 6
197 28 168 
198 168 169 
199 169 170 
200 170 171 
201 171 172 
202 172 24 
1 206 1 3
203 28 173 
204 173 174 
205 174 25 
1 207 1 3
206 28 175 
207 175 176 
208 176 29 
1 208 1 3
209 28 177 
210 177 178 
211 178 30 
1 209 1 3
212 24 179 
213 179 180 
214 180 31 
1 210 1 3
215 24 181 
216 181 182 
217 182 32 
1 211 1 3
218 25 183 
219 183 184 
220 184 33 
1 212 1 3
221 25 185 
222 185 186 
223 186 34 
1 213 1 3
224 35 187 
225 187 188 
226 188 36 
1 214 1 6
227 35 189 
228 189 190 
229 190 191 
230 191 192 
231 192 193 
232 193 37 
1 215 1 3
233 35 194 
234 194 195 
235 195 38 
1 216 1 3
236 35 196 
237 196 197 
238 197 22 
1 217 1 3
239 35 198 
240 198 199 
241 199 39 
1 218 1 6
242 40 200 
243 200 201 
244 201 202 
245 202 203 
246 203 204 
247 204 36 
1 219 1 3
248 40 205 
249 205 206 
250 206 37 
1 220 1 3
251 40 207 
252 207 208 
253 208 41 
1 221 1 3
254 40 209 
255 209 210 
256 210 42 
1 222 1 3
257 36 211 
258 211 212 
259 212 43 
1 223 1 3
260 36 213 
261 213 214 
262 214 44 
1 224 1 3
263 36 215 
264 215 216 
265 216 45 
1 225 1 3
266 37 217 
267 217 218 
268 218 46 
1 226 1 3
269 37 219 
270 219 220 
271 220 21 
1 227 1 3
272 37 221 
273 221 222 
274 222 47 
1 228 1 3
275 48 223 
276 223 224 
277 224 49 
1 229 1 3
278 50 225 
279 225 226 
280 226 51 
1 230 1 6
281 50 227 
282 227 228 
283 228 229 
284 229 230 
285 230 231 
286 231 48 
1 231 1 3
287 50 232 
288 232 233 
289 233 52 
1 232 1 3
290 51 234 
291 234 235 
292 235 53 
1 233 1 3
293 51 236 
294 236 237 
295 237 54 
1 234 1 3
296 48 238 
297 238 239 
298 239 55 
1 235 1 3
299 56 240 
300 240 241 
301 241 26 
1 236 1 3
302 56 242 
303 242 243 
304 243 57 
1 237 1 3
305 56 244 
306 244 245 
307 245 27 
1 238 1 3
308 33 246 
309 246 247 
310 247 26 
1 239 1 3
311 33 248 
312 248 249 
313 249 57 
1 240 1 3
314 57 250 
315 250 251 
316 251 34 
1 241 1 3
317 38 252 
318 252 253 
319 253 46 
1 242 1 3
320 38 254 
321 254 255 
322 255 58 
1 243 1 3
323 46 256 
324 256 257 
325 257 59 
1 244 1 6
326 49 258 
327 258 259 
328 259 260 
329 260 261 
330 261 262 
331 262 53 
1 245 1 3
332 49 263 
333 263 264 
334 264 60 
1 246 1 3
335 49 265 
336 265 266 
337 266 61 
1 247 1 3
338 53 267 
339 267 268 
340 268 62 
1 248 1 3
341 53 269 
342 269 270 
343 270 63 
1 249 1 3
344 64 271 
345 271 272 
346 272 47 
1 250 1 6
347 64 273 
348 273 274 
349 274 275 
350 275 276 
351 276 277 
352 277 65 
1 251 1 3
353 64 278 
354 278 279 
355 279 21 
1 252 1 3
356 64 280 
357 280 281 
358 281 66 
1 253 1 3
359 65 282 
360 282 283 
361 283 39 
1 254 1 3
362 65 284 
363 284 285 
364 285 67 
1 255 1 6
365 21 286 
366 286 287 
367 287 288 
368 288 289 
369 289 290 
370 290 22 
1 256 1 3
371 21 291 
372 291 292 
373 292 59 
1 257 1 3
374 58 293 
375 293 294 
376 294 22 
1 258 1 3
377 58 295 
378 295 296 
379 296 59 
1 259 1 3
380 68 297 
381 297 298 
382 298 66 
1 260 1 6
383 68 299 
384 299 300 
385 300 301 
386 301 302 
387 302 303 
388 303 69 
1 261 1 3
389 68 304 
390 304 305 
391 305 70 
1 262 1 6
392 67 306 
393 306 307 
394 307 308 
395 308 309 
396 309 310 
397 310 66 
1 263 1 3
398 67 311 
399 311 312 
400 312 69 
1 264 1 3
401 69 313 
402 313 314 
403 314 71 
1 265 1 3
404 29 315 
405 315 316 
406 316 31 
1 266 1 3
407 29 317 
408 317 318 
409 318 72 
1 267 1 3
410 31 319 
411 319 320 
412 320 73 
1 268 1 6
413 12 321 
414 321 322 
415 322 323 
416 323 324 
417 324 325 
418 325 17 
1 269 1 3
419 12 326 
420 326 327 
421 327 74 
1 270 1 3
422 12 328 
423 328 329 
424 329 27 
1 271 1 3
425 12 330 
426 330 331 
427 331 75 
1 272 1 3
428 76 332 
429 332 333 
430 333 17 
1 273 1 3
431 76 334 
432 334 335 
433 335 74 
1 274 1 3
434 76 336 
435 336 337 
436 337 18 
1 275 1 3
437 17 338 
438 338 339 
439 339 34 
1 276 1 3
440 17 340 
441 340 341 
442 341 77 
1 277 1 3
443 74 342 
444 342 343 
445 343 13 
1 278 1 3
446 60 344 
447 344 345 
448 345 78 
1 279 1 6
449 60 346 
450 346 347 
451 347 348 
452 348 349 
453 349 350 
454 350 62 
1 280 1 3
455 60 351 
456 351 352 
457 352 32 
1 281 1 3
458 60 353 
459 353 354 
460 354 79 
1 282 1 3
461 80 355 
462 355 356 
463 356 78 
1 283 1 3
464 80 357 
465 357 358 
466 358 62 
1 284 1 3
467 80 359 
468 359 360 
469 360 81 
1 285 1 3
470 78 361 
471 361 362 
472 362 82 
1 286 1 3
473 62 363 
474 363 364 
475 364 30 
1 287 1 3
476 62 365 
477 365 366 
478 366 54 
1 288 1 6
479 7 367 
480 367 368 
481 368 369 
482 369 370 
483 370 371 
484 371 4 
1 289 1 3
485 7 372 
486 372 373 
487 373 71 
1 290 1 3
488 7 374 
489 374 375 
490 375 16 
1 291 1 3
491 4 376 
492 376 377 
493 377 20 
1 292 1 6
494 61 378 
495 378 379 
496 379 380 
497 380 381 
498 381 382 
499 382 63 
1 293 1 3
500 61 383 
501 383 384 
502 384 83 
1 294 1 3
503 63 385 
504 385 386 
505 386 84 
1 295 1 6
506 27 387 
507 387 388 
508 388 389 
509 389 390 
510 390 391 
511 391 34 
1 296 1 6
512 70 392 
513 392 393 
514 393 394 
515 394 395 
516 395 396 
517 396 71 
1 297 1 3
518 70 397 
519 397 398 
520 398 85 
1 298 1 3
521 70 399 
522 399 400 
523 400 20 
1 299 1 3
524 71 401 
525 401 402 
526 402 86 
1 300 1 3
527 71 403 
528 403 404 
529 404 16 
1 301 1 3
530 30 405 
531 405 406 
532 406 72 
1 302 1 6
533 30 407 
534 407 408 
535 408 409 
536 409 410 
537 410 411 
538 411 32 
1 303 1 3
539 73 412 
540 412 413 
541 413 72 
1 304 1 3
542 73 414 
543 414 415 
544 415 32 
1 305 1 3
545 87 416 
546 416 417 
547 417 77 
1 306 1 6
548 87 418 
549 418 419 
550 419 420 
551 420 421 
552 421 422 
553 422 88 
1 307 1 3
554 87 423 
555 423 424 
556 424 89 
1 308 1 3
557 88 425 
558 425 426 
559 426 75 
1 309 1 3
560 88 427 
561 427 428 
562 428 90 
1 310 1 6
563 84 429 
564 429 430 
565 430 431 
566 431 432 
567 432 433 
568 433 83 
1 311 1 3
569 84 434 
570 434 435 
571 435 91 
1 312 1 3
572 83 436 
573 436 437 
574 437 92 
1 313 1 3
575 93 438 
576 438 439 
577 439 47 
1 314 1 6
578 43 440 
579 440 441 
580 441 442 
581 442 443 
582 443 444 
583 444 93 
1 315 1 3
584 43 445 
585 445 446 
586 446 39 
1 316 1 3
587 43 447 
588 447 448 
589 448 54 
1 317 1 3
590 43 449 
591 449 450 
592 450 52 
1 318 1 3
593 93 451 
594 451 452 
595 452 55 
1 319 1 3
596 19 453 
597 453 454 
598 454 15 
1 320 1 3
599 19 455 
600 455 456 
601 456 94 
1 321 1 3
602 15 457 
603 457 458 
604 458 95 
1 322 1 3
605 81 459 
606 459 460 
607 460 54 
1 323 1 3
608 81 461 
609 461 462 
610 462 82 
1 324 1 3
611 54 463 
612 463 464 
613 464 45 
1 325 1 6
614 54 465 
615 465 466 
616 466 467 
617 467 468 
618 468 469 
619 469 79 
1 326 1 6
620 92 470 
621 470 471 
622 471 472 
623 472 473 
624 473 474 
625 474 91 
1 327 1 3
626 92 475 
627 475 476 
628 476 75 
1 328 1 3
629 91 477 
630 477 478 
631 478 77 
1 329 1 3
632 44 479 
633 479 480 
634 480 96 
1 330 1 3
635 44 481 
636 481 482 
637 482 41 
1 331 1 3
638 97 483 
639 483 484 
640 484 96 
1 332 1 3
641 97 485 
642 485 486 
643 486 41 
1 333 1 3
644 97 487 
645 487 488 
646 488 42 
1 334 1 3
647 96 489 
648 489 490 
649 490 45 
1 335 1 6
650 55 491 
651 491 492 
652 492 493 
653 493 494 
654 494 495 
655 495 52 
1 336 1 3
656 95 496 
657 496 497 
658 497 94 
1 337 1 3
659 95 498 
660 498 499 
661 499 16 
1 338 1 3
662 94 500 
663 500 501 
664 501 20 
1 339 1 6
665 86 502 
666 502 503 
667 503 504 
668 504 505 
669 505 506 
670 506 85 
1 340 1 3
671 86 507 
672 507 508 
673 508 89 
1 341 1 3
674 85 509 
675 509 510 
676 510 90 
1 342 1 6
677 42 511 
678 511 512 
679 512 513 
680 513 514 
681 514 515 
682 515 45 
1 343 1 3
683 42 516 
684 516 517 
685 517 79 
1 344 1 3
686 79 518 
687 518 519 
688 519 82 
1 345 1 6
689 47 520 
690 520 521 
691 521 522 
692 522 523 
693 523 524 
694 524 39 
1 346 1 6
695 16 525 
696 525 526 
697 526 527 
698 527 528 
699 528 529 
700 529 20 
1 347 1 6
701 90 530 
702 530 531 
703 531 532 
704 532 533 
705 533 534 
706 534 89 
1 348 1 3
707 13 535 
708 535 536 
709 536 18 
1 349 1 6
710 75 537 
711 537 538 
712 538 539 
713 539 540 
714 540 541 
715 541 77 
2 2 2 20
716 98 1 546 
717 1 100 543 
718 1 543 546 
719 5 104 542 
720 106 5 545 
721 5 542 545 
722 2 99 545 
723 105 2 542 
724 542 2 545 
725 101 3 543 
726 3 107 546 
727 543 3 546 
728 99 98 544 
729 98 107 544 
730 107 98 546 
731 106 99 544 
732 99 106 545 
733 100 101 543 
734 104 105 542 
735 107 106 544 
2 3 2 16
736 119 114 9 
737 127 14 125 
738 10 118 126 
739 131 120 11 
740 115 114 131 
741 119 120 114 
742 114 120 131 
743 115 130 116 
744 130 115 131 
745 116 129 117 
746 130 129 116 
747 117 128 118 
748 129 128 117 
749 118 127 126 
750 118 128 127 
751 127 125 126 
2 4 2 21
752 5 106 547 
753 108 5 547 
754 107 3 548 
755 3 112 548 
756 8 144 113 
757 6 109 148 
758 106 107 550 
759 547 106 549 
760 549 106 550 
761 107 548 550 
762 109 108 148 
763 148 108 547 
764 113 144 112 
765 112 144 548 
766 144 145 548 
767 145 146 550 
768 548 145 550 
769 146 147 549 
770 146 549 550 
771 147 148 547 
772 147 547 549 
2 5 2 16
773 159 157 23 
774 168 173 28 
775 158 172 24 
776 25 174 163 
777 157 172 158 
778 159 172 157 
779 160 171 159 
780 171 172 159 
781 161 170 160 
782 170 171 160 
783 162 169 161 
784 161 169 170 
785 163 168 162 
786 168 169 162 
787 163 173 168 
788 163 174 173 
2 6 2 16
789 35 189 187 
790 40 200 205 
791 204 36 188 
792 193 37 206 
793 187 189 188 
794 189 204 188 
795 189 190 204 
796 190 191 203 
797 204 190 203 
798 191 192 202 
799 191 202 203 
800 192 193 200 
801 192 200 201 
802 202 192 201 
803 200 193 206 
804 205 200 206 
2 7 2 33
805 225 556 50 
806 50 556 227 
807 51 551 226 
808 234 551 51 
809 48 552 223 
810 231 552 48 
811 224 552 49 
812 49 552 258 
813 53 556 235 
814 262 556 53 
815 223 552 224 
816 226 551 225 
817 551 556 225 
818 227 555 228 
819 262 555 227 
820 227 556 262 
821 228 557 229 
822 228 555 261 
823 261 557 228 
824 229 554 230 
825 260 554 229 
826 229 557 260 
827 230 553 231 
828 259 553 230 
829 230 554 259 
830 258 552 231 
831 231 553 258 
832 235 551 234 
833 235 556 551 
834 258 553 259 
835 259 554 260 
836 260 557 261 
837 261 555 262 
2 8 2 20
838 56 559 240 
839 242 561 56 
840 56 561 559 
841 246 562 33 
842 33 558 248 
843 33 562 558 
844 241 559 26 
845 26 561 247 
846 559 561 26 
847 57 562 243 
848 249 558 57 
849 558 562 57 
850 240 559 241 
851 243 560 242 
852 242 560 247 
853 247 561 242 
854 246 560 243 
855 243 562 246 
856 247 560 246 
857 248 558 249 
2 9 2 21
858 35 194 189 
859 37 193 217 
860 38 563 195 
861 252 563 38 
862 218 564 46 
863 46 564 253 
864 189 563 190 
865 194 195 189 
866 195 563 189 
867 190 566 191 
868 563 566 190 
869 191 565 192 
870 191 566 565 
871 192 564 193 
872 192 565 564 
873 217 193 218 
874 193 564 218 
875 253 566 252 
876 252 566 563 
877 564 565 253 
878 565 566 253 
2 10 2 32
879 64 568 271 
880 273 574 64 
881 64 574 568 
882 65 573 277 
883 282 567 65 
884 567 573 65 
885 272 568 47 
886 47 574 520 
887 568 574 47 
888 39 567 283 
889 524 573 39 
890 39 573 567 
891 271 568 272 
892 274 569 273 
893 569 574 273 
894 275 570 274 
895 521 569 274 
896 274 570 521 
897 276 572 275 
898 522 570 275 
899 275 572 522 
900 277 571 276 
901 276 571 523 
902 523 572 276 
903 277 573 571 
904 283 567 282 
905 520 569 521 
906 520 574 569 
907 521 570 522 
908 522 572 523 
909 523 571 524 
910 571 573 524 
2 11 2 21
911 291 286 21 
912 58 293 576 
913 295 58 576 
914 22 290 294 
915 292 59 575 
916 59 296 575 
917 287 286 575 
918 291 292 286 
919 286 292 575 
920 288 287 578 
921 287 575 578 
922 289 288 577 
923 577 288 578 
924 290 289 576 
925 576 289 577 
926 290 293 294 
927 293 290 576 
928 296 295 577 
929 295 576 577 
930 575 296 578 
931 296 577 578 
2 12 2 28
932 68 579 297 
933 299 579 68 
934 306 580 67 
935 67 580 311 
936 298 579 66 
937 66 579 310 
938 69 580 303 
939 312 580 69 
940 297 579 298 
941 300 583 299 
942 310 579 299 
943 299 583 310 
944 301 582 300 
945 300 582 309 
946 309 583 300 
947 302 584 301 
948 308 582 301 
949 301 584 308 
950 303 581 302 
951 302 581 307 
952 307 584 302 
953 303 580 306 
954 306 581 303 
955 307 581 306 
956 308 584 307 
957 309 582 308 
958 310 583 309 
959 311 580 312 
2 13 2 21
960 175 168 28 
961 172 179 24 
962 29 585 176 
963 315 585 29 
964 180 586 31 
965 31 586 316 
966 168 585 169 
967 176 168 175 
968 176 585 168 
969 169 587 170 
970 585 587 169 
971 170 588 171 
972 587 588 170 
973 171 586 172 
974 171 588 586 
975 172 180 179 
976 172 586 180 
977 316 587 315 
978 315 587 585 
979 586 588 316 
980 316 588 587 
2 14 2 21
981 326 321 12 
982 332 589 76 
983 76 589 334 
984 325 333 17 
985 74 590 327 
986 335 590 74 
987 321 590 322 
988 327 321 326 
989 327 590 321 
990 322 591 323 
991 590 591 322 
992 323 592 324 
993 591 592 323 
994 324 589 325 
995 324 592 589 
996 332 333 325 
997 325 589 332 
998 334 592 335 
999 589 592 334 
1000 335 591 590 
1001 335 592 591 
2 15 2 21
1002 60 346 344 
1003 355 593 80 
1004 80 593 357 
1005 345 594 78 
1006 78 594 356 
1007 358 350 62 
1008 344 346 345 
1009 346 594 345 
1010 347 594 346 
1011 348 595 347 
1012 347 595 594 
1013 349 596 348 
1014 348 596 595 
1015 350 593 349 
1016 593 596 349 
1017 357 350 358 
1018 357 593 350 
1019 356 596 355 
1020 355 596 593 
1021 594 595 356 
1022 595 596 356 
2 16 2 23
1023 98 601 1 
1024 1 598 102 
1025 1 601 598 
1026 2 600 99 
1027 110 597 2 
1028 597 600 2 
1029 7 367 111 
1030 371 4 103 
1031 99 599 98 
1032 599 601 98 
1033 99 600 599 
1034 102 371 103 
1035 102 598 371 
1036 111 367 110 
1037 367 597 110 
1038 368 597 367 
1039 369 600 368 
1040 368 600 597 
1041 370 601 369 
1042 599 600 369 
1043 369 601 599 
1044 371 598 370 
1045 598 601 370 
2 17 2 32
1046 258 609 49 
1047 49 602 265 
1048 49 609 602 
1049 53 608 262 
1050 269 603 53 
1051 603 608 53 
1052 266 602 61 
1053 61 609 378 
1054 602 609 61 
1055 63 603 270 
1056 382 608 63 
1057 63 608 603 
1058 259 604 258 
1059 604 609 258 
1060 260 605 259 
1061 379 604 259 
1062 259 605 379 
1063 261 606 260 
1064 380 605 260 
1065 260 606 380 
1066 262 607 261 
1067 381 606 261 
1068 261 607 381 
1069 262 608 607 
1070 265 602 266 
1071 270 603 269 
1072 378 604 379 
1073 378 609 604 
1074 379 605 380 
1075 380 606 381 
1076 381 607 382 
1077 607 608 382 
2 18 2 21
1078 242 56 611 
1079 56 244 611 
1080 57 243 610 
1081 250 57 610 
1082 27 387 245 
1083 34 251 391 
1084 243 242 612 
1085 242 611 613 
1086 612 242 613 
1087 610 243 612 
1088 387 244 245 
1089 244 387 611 
1090 251 250 391 
1091 391 250 610 
1092 387 388 611 
1093 388 389 613 
1094 611 388 613 
1095 389 390 612 
1096 389 612 613 
1097 390 391 610 
1098 390 610 612 
2 19 2 32
1099 70 620 392 
1100 397 614 70 
1101 614 620 70 
1102 396 621 71 
1103 71 615 401 
1104 71 621 615 
1105 402 615 86 
1106 86 621 502 
1107 615 621 86 
1108 85 614 398 
1109 506 620 85 
1110 85 620 614 
1111 392 616 393 
1112 392 620 616 
1113 393 618 394 
1114 393 616 505 
1115 505 618 393 
1116 394 617 395 
1117 504 617 394 
1118 394 618 504 
1119 395 619 396 
1120 395 617 503 
1121 503 619 395 
1122 619 621 396 
1123 398 614 397 
1124 401 615 402 
1125 502 619 503 
1126 502 621 619 
1127 503 617 504 
1128 504 618 505 
1129 505 616 506 
1130 616 620 506 
2 20 2 21
1131 407 405 30 
1132 73 412 623 
1133 414 73 623 
1134 72 406 622 
1135 413 72 622 
1136 411 32 415 
1137 406 405 407 
1138 406 407 622 
1139 407 408 622 
1140 408 409 625 
1141 622 408 625 
1142 409 410 624 
1143 409 624 625 
1144 410 411 623 
1145 410 623 624 
1146 414 411 415 
1147 411 414 623 
1148 412 413 625 
1149 623 412 624 
1150 624 412 625 
1151 413 622 625 
2 21 2 16
1152 346 60 351 
1153 62 350 363 
1154 407 30 364 
1155 352 32 411 
1156 411 347 346 
1157 411 346 351 
1158 410 348 347 
1159 410 347 411 
1160 409 349 348 
1161 409 348 410 
1162 349 408 350 
1163 409 408 349 
1164 363 350 364 
1165 364 350 407 
1166 350 408 407 
1167 411 351 352 
2 22 2 32
1168 68 633 299 
1169 304 627 68 
1170 627 633 68 
1171 303 632 69 
1172 69 626 313 
1173 69 632 626 
1174 70 627 305 
1175 392 633 70 
1176 70 633 627 
1177 314 626 71 
1178 71 632 396 
1179 626 632 71 
1180 299 630 300 
1181 299 633 630 
1182 300 631 301 
1183 300 630 393 
1184 393 631 300 
1185 301 629 302 
1186 394 629 301 
1187 301 631 394 
1188 302 628 303 
1189 395 628 302 
1190 302 629 395 
1191 628 632 303 
1192 305 627 304 
1193 313 626 314 
1194 393 630 392 
1195 630 633 392 
1196 394 631 393 
1197 395 629 394 
1198 396 628 395 
1199 396 632 628 
2 23 2 28
1200 87 635 416 
1201 418 635 87 
1202 88 634 422 
1203 425 634 88 
1204 75 634 426 
1205 537 634 75 
1206 417 635 77 
1207 77 635 541 
1208 416 635 417 
1209 419 636 418 
1210 418 636 635 
1211 420 639 419 
1212 419 639 636 
1213 421 637 420 
1214 637 639 420 
1215 422 638 421 
1216 421 638 637 
1217 634 638 422 
1218 426 634 425 
1219 538 638 537 
1220 537 638 634 
1221 539 637 538 
1222 637 638 538 
1223 540 639 539 
1224 539 639 637 
1225 541 636 540 
1226 636 639 540 
1227 635 636 541 
2 24 2 28
1228 61 378 641 
1229 383 61 641 
1230 382 63 640 
1231 63 385 640 
1232 386 84 640 
1233 84 429 640 
1234 83 384 641 
1235 433 83 641 
1236 378 379 643 
1237 378 433 641 
1238 433 378 643 
1239 379 380 644 
1240 379 432 643 
1241 432 379 644 
1242 380 381 645 
1243 380 431 644 
1244 431 380 645 
1245 381 382 642 
1246 430 381 642 
1247 381 430 645 
1248 429 382 640 
1249 382 429 642 
1250 384 383 641 
1251 385 386 640 
1252 429 430 642 
1253 430 431 645 
1254 431 432 644 
1255 432 433 643 
2 25 2 32
1256 440 653 43 
1257 43 646 445 
1258 43 653 646 
1259 438 647 93 
1260 93 652 444 
1261 647 652 93 
1262 47 647 439 
1263 520 652 47 
1264 47 652 647 
1265 446 646 39 
1266 39 653 524 
1267 646 653 39 
1268 439 647 438 
1269 441 650 440 
1270 650 653 440 
1271 442 651 441 
1272 523 650 441 
1273 441 651 523 
1274 443 648 442 
1275 442 648 522 
1276 522 651 442 
1277 444 649 443 
1278 521 648 443 
1279 443 649 521 
1280 444 652 649 
1281 445 646 446 
1282 521 649 520 
1283 649 652 520 
1284 522 648 521 
1285 523 651 522 
1286 524 650 523 
1287 524 653 650 
2 26 2 20
1288 252 38 658 
1289 38 254 654 
1290 38 654 658 
1291 46 253 657 
1292 256 46 655 
1293 655 46 657 
1294 255 58 654 
1295 58 295 658 
1296 654 58 658 
1297 59 257 655 
1298 296 59 657 
1299 59 655 657 
1300 253 252 656 
1301 252 295 656 
1302 295 252 658 
1303 296 253 656 
1304 253 296 657 
1305 254 255 654 
1306 257 256 655 
1307 295 296 656 
2 27 2 21
1308 14 127 132 
1309 140 131 11 
1310 19 659 141 
1311 453 659 19 
1312 133 660 15 
1313 15 660 454 
1314 128 660 127 
1315 132 127 133 
1316 127 660 133 
1317 129 662 128 
1318 128 662 660 
1319 130 661 129 
1320 661 662 129 
1321 131 659 130 
1322 659 661 130 
1323 141 131 140 
1324 141 659 131 
1325 454 661 453 
1326 453 661 659 
1327 660 662 454 
1328 454 662 661 
2 28 2 18
1329 357 663 80 
1330 80 663 359 
1331 358 62 365 
1332 360 663 81 
1333 81 663 459 
1334 366 54 460 
1335 358 665 357 
1336 357 666 663 
1337 665 666 357 
1338 365 664 358 
1339 664 665 358 
1340 359 663 360 
1341 366 664 365 
1342 460 664 366 
1343 459 665 460 
1344 663 666 459 
1345 459 666 665 
1346 460 665 664 
2 29 2 28
1347 429 84 667 
1348 84 434 667 
1349 83 433 668 
1350 436 83 668 
1351 92 437 668 
1352 470 92 668 
1353 435 91 667 
1354 91 474 667 
1355 430 429 670 
1356 474 429 667 
1357 429 474 670 
1358 431 430 672 
1359 473 430 670 
1360 430 473 672 
1361 432 431 671 
1362 431 472 671 
1363 472 431 672 
1364 433 432 669 
1365 432 471 669 
1366 471 432 671 
1367 433 470 668 
1368 470 433 669 
1369 434 435 667 
1370 437 436 668 
1371 471 470 669 
1372 472 471 671 
1373 473 472 672 
1374 474 473 670 
2 30 2 20
1375 479 44 674 
1376 44 481 677 
1377 674 44 677 
1378 97 483 676 
1379 485 97 673 
1380 673 97 676 
1381 96 480 674 
1382 484 96 677 
1383 96 674 677 
1384 482 41 676 
1385 41 486 673 
1386 41 673 676 
1387 480 479 674 
1388 481 482 675 
1389 484 481 675 
1390 481 484 677 
1391 482 483 675 
1392 483 482 676 
1393 483 484 675 
1394 486 485 673 
2 31 2 28
1395 440 43 678 
1396 43 449 678 
1397 93 444 679 
1398 451 93 679 
1399 55 452 679 
1400 491 55 679 
1401 450 52 678 
1402 52 495 678 
1403 441 440 681 
1404 495 440 678 
1405 440 495 681 
1406 442 441 683 
1407 494 441 681 
1408 441 494 683 
1409 443 442 682 
1410 442 493 682 
1411 493 442 683 
1412 444 443 680 
1413 443 492 680 
1414 492 443 682 
1415 444 491 679 
1416 491 444 680 
1417 449 450 678 
1418 452 451 679 
1419 492 491 680 
1420 493 492 682 
1421 494 493 683 
1422 495 494 681 
2 32 2 20
1423 453 19 688 
1424 19 455 684 
1425 19 684 688 
1426 15 454 687 
1427 457 15 685 
1428 685 15 687 
1429 95 458 685 
1430 496 95 687 
1431 95 685 687 
1432 456 94 684 
1433 94 497 688 
1434 684 94 688 
1435 454 453 686 
1436 453 497 686 
1437 497 453 688 
1438 496 454 686 
1439 454 496 687 
1440 455 456 684 
1441 458 457 685 
1442 497 496 686 
2 33 2 28
1443 64 689 273 
1444 280 689 64 
1445 277 690 65 
1446 65 690 284 
1447 285 690 67 
1448 67 690 306 
1449 66 689 281 
1450 310 689 66 
1451 273 692 274 
1452 273 689 310 
1453 310 692 273 
1454 274 694 275 
1455 274 692 309 
1456 309 694 274 
1457 275 691 276 
1458 308 691 275 
1459 275 694 308 
1460 276 693 277 
1461 276 691 307 
1462 307 693 276 
1463 306 690 277 
1464 277 693 306 
1465 281 689 280 
1466 284 690 285 
1467 306 693 307 
1468 307 691 308 
1469 308 694 309 
1470 309 692 310 
2 34 2 16
1471 465 54 463 
1472 42 516 511 
1473 464 45 515 
1474 469 517 79 
1475 463 464 465 
1476 464 515 465 
1477 465 515 466 
1478 466 514 467 
1479 515 514 466 
1480 467 513 468 
1481 467 514 513 
1482 468 512 469 
1483 513 512 468 
1484 469 512 511 
1485 511 517 469 
1486 516 517 511 
2 35 2 16
1487 8 149 144 
1488 6 148 153 
1489 150 21 286 
1490 290 22 154 
1491 145 144 286 
1492 149 150 144 
1493 144 150 286 
1494 145 287 146 
1495 287 145 286 
1496 146 288 147 
1497 287 288 146 
1498 147 289 148 
1499 288 289 147 
1500 148 290 153 
1501 289 290 148 
1502 153 290 154 
2 36 2 16
1503 12 321 328 
1504 17 338 325 
1505 387 27 329 
1506 391 339 34 
1507 321 322 388 
1508 321 329 328 
1509 321 387 329 
1510 388 387 321 
1511 388 322 323 
1512 323 324 390 
1513 389 388 323 
1514 389 323 390 
1515 324 325 391 
1516 390 324 391 
1517 325 338 391 
1518 338 339 391 
2 37 2 21
1519 40 207 200 
1520 36 204 213 
1521 44 214 695 
1522 481 44 695 
1523 208 41 696 
1524 41 482 696 
1525 201 200 696 
1526 207 208 200 
1527 200 208 696 
1528 202 201 697 
1529 201 696 697 
1530 203 202 698 
1531 202 697 698 
1532 204 203 695 
1533 695 203 698 
1534 213 204 214 
1535 214 204 695 
1536 482 481 698 
1537 481 695 698 
1538 696 482 697 
1539 697 482 698 
2 38 2 19
1540 95 496 699 
1541 498 95 699 
1542 497 94 700 
1543 94 500 700 
1544 16 499 525 
1545 501 20 529 
1546 496 497 701 
1547 496 526 699 
1548 526 496 701 
1549 528 497 700 
1550 497 528 701 
1551 499 498 525 
1552 525 498 699 
1553 500 501 529 
1554 500 529 700 
1555 526 525 699 
1556 527 526 701 
1557 528 527 701 
1558 529 528 700 
2 39 2 28
1559 227 703 50 
1560 50 703 232 
1561 48 702 231 
1562 238 702 48 
1563 55 702 239 
1564 491 702 55 
1565 233 703 52 
1566 52 703 495 
1567 228 705 227 
1568 495 703 227 
1569 227 705 495 
1570 229 706 228 
1571 494 705 228 
1572 228 706 494 
1573 230 704 229 
1574 229 704 493 
1575 493 706 229 
1576 231 707 230 
1577 492 704 230 
1578 230 707 492 
1579 231 702 491 
1580 491 707 231 
1581 232 703 233 
1582 239 702 238 
1583 492 707 491 
1584 493 704 492 
1585 494 706 493 
1586 495 705 494 
2 40 2 28
1587 86 502 709 
1588 507 86 709 
1589 506 85 708 
1590 85 509 708 
1591 510 90 708 
1592 90 530 708 
1593 89 508 709 
1594 534 89 709 
1595 502 503 711 
1596 502 534 709 
1597 534 502 711 
1598 503 504 713 
1599 503 533 711 
1600 533 503 713 
1601 504 505 712 
1602 532 504 712 
1603 504 532 713 
1604 505 506 710 
1605 531 505 710 
1606 505 531 712 
1607 530 506 708 
1608 506 530 710 
1609 508 507 709 
1610 509 510 708 
1611 530 531 710 
1612 531 532 712 
1613 532 533 713 
1614 533 534 711 
2 41 2 21
1615 81 459 714 
1616 461 81 714 
1617 54 465 460 
1618 79 518 469 
1619 82 462 715 
1620 519 82 715 
1621 465 459 460 
1622 459 465 714 
1623 462 461 716 
1624 461 714 716 
1625 715 462 717 
1626 462 716 717 
1627 465 466 714 
1628 466 467 716 
1629 714 466 716 
1630 467 468 717 
1631 716 467 717 
1632 468 469 715 
1633 468 715 717 
1634 518 519 469 
1635 469 519 715 
2 42 2 20
1636 80 722 355 
1637 359 718 80 
1638 718 722 80 
1639 356 721 78 
1640 78 719 361 
1641 78 721 719 
1642 81 718 360 
1643 461 722 81 
1644 81 722 718 
1645 362 719 82 
1646 82 721 462 
1647 719 721 82 
1648 355 720 356 
1649 461 720 355 
1650 355 722 461 
1651 356 720 462 
1652 462 721 356 
1653 360 718 359 
1654 361 719 362 
1655 462 720 461 
2 43 2 23
1656 164 159 23 
1657 25 163 183 
1658 184 724 33 
1659 33 727 246 
1660 724 727 33 
1661 26 723 165 
1662 247 726 26 
1663 26 726 723 
1664 159 723 160 
1665 165 159 164 
1666 165 723 159 
1667 160 726 161 
1668 723 726 160 
1669 161 727 162 
1670 161 726 725 
1671 725 727 161 
1672 162 724 163 
1673 162 727 724 
1674 163 184 183 
1675 163 724 184 
1676 246 725 247 
1677 246 727 725 
1678 725 726 247 
2 44 2 28
1679 87 728 418 
1680 423 728 87 
1681 422 729 88 
1682 88 729 427 
1683 428 729 90 
1684 90 729 530 
1685 89 728 424 
1686 534 728 89 
1687 418 730 419 
1688 418 728 534 
1689 534 730 418 
1690 419 733 420 
1691 419 730 533 
1692 533 733 419 
1693 420 731 421 
1694 532 731 420 
1695 420 733 532 
1696 421 732 422 
1697 421 731 531 
1698 531 732 421 
1699 530 729 422 
1700 422 732 530 
1701 424 728 423 
1702 427 729 428 
1703 530 732 531 
1704 531 731 532 
1705 532 733 533 
1706 533 730 534 
2 45 2 20
1707 29 738 315 
1708 317 734 29 
1709 734 738 29 
1710 316 737 31 
1711 31 735 319 
1712 31 737 735 
1713 320 735 73 
1714 73 737 412 
1715 735 737 73 
1716 72 734 318 
1717 413 738 72 
1718 72 738 734 
1719 315 736 316 
1720 413 736 315 
1721 315 738 413 
1722 316 736 412 
1723 412 737 316 
1724 318 734 317 
1725 319 735 320 
1726 412 736 413 
2 46 2 20
1727 334 742 76 
1728 76 739 336 
1729 76 742 739 
1730 74 743 335 
1731 342 740 74 
1732 740 743 74 
1733 13 740 343 
1734 535 743 13 
1735 13 743 740 
1736 337 739 18 
1737 18 742 536 
1738 739 742 18 
1739 335 741 334 
1740 334 741 536 
1741 536 742 334 
1742 535 741 335 
1743 335 743 535 
1744 336 739 337 
1745 343 740 342 
1746 536 741 535 
2 47 2 21
1747 97 745 483 
1748 487 745 97 
1749 484 744 96 
1750 96 744 489 
1751 42 511 488 
1752 515 45 490 
1753 483 747 484 
1754 745 747 483 
1755 484 746 744 
1756 484 747 746 
1757 488 511 487 
1758 511 745 487 
1759 515 490 489 
1760 489 744 515 
1761 512 745 511 
1762 513 747 512 
1763 512 747 745 
1764 514 746 513 
1765 746 747 513 
1766 515 744 514 
1767 744 746 514 
2 48 2 21
1768 123 9 114 
1769 118 10 138 
1770 13 124 749 
1771 535 13 749 
1772 139 18 748 
1773 18 536 748 
1774 114 115 749 
1775 124 123 114 
1776 124 114 749 
1777 115 116 751 
1778 749 115 751 
1779 116 117 750 
1780 116 750 751 
1781 117 118 748 
1782 117 748 750 
1783 118 138 139 
1784 118 139 748 
1785 536 535 750 
1786 535 749 751 
1787 750 535 751 
1788 748 536 750 
2 49 2 18
1789 209 207 40 
1790 97 485 752 
1791 487 97 752 
1792 41 208 752 
1793 486 41 752 
1794 488 210 42 
1795 208 207 754 
1796 207 209 753 
1797 207 753 754 
1798 752 208 755 
1799 208 754 755 
1800 209 210 753 
1801 210 488 753 
1802 485 486 752 
1803 488 487 754 
1804 487 752 755 
1805 754 487 755 
1806 753 488 754 
2 50 2 16
1807 92 470 475 
1808 91 477 474 
1809 476 537 75 
1810 77 541 478 
1811 470 471 537 
1812 470 476 475 
1813 476 470 537 
1814 539 471 472 
1815 537 471 538 
1816 471 539 538 
1817 540 472 473 
1818 540 539 472 
1819 541 473 474 
1820 541 540 473 
1821 477 541 474 
1822 478 541 477 
2 51 2 16
1823 7 374 367 
1824 4 371 376 
1825 525 375 16 
1826 529 20 377 
1827 368 367 526 
1828 367 374 525 
1829 367 525 526 
1830 368 527 369 
1831 527 368 526 
1832 369 527 370 
1833 370 528 371 
1834 527 528 370 
1835 376 371 377 
1836 371 529 377 
1837 528 529 371 
1838 374 375 525 
2 52 2 18
1839 213 215 36 
1840 214 44 756 
1841 44 479 756 
1842 480 96 756 
1843 96 489 756 
1844 45 216 490 
1845 213 214 758 
1846 215 213 757 
1847 757 213 758 
1848 214 756 759 
1849 758 214 759 
1850 216 215 757 
1851 490 216 757 
1852 479 480 756 
1853 489 490 758 
1854 756 489 759 
1855 489 758 759 
1856 490 757 758 
2 53 2 18
1857 175 28 177 
1858 176 760 29 
1859 29 760 317 
1860 30 405 178 
1861 318 760 72 
1862 72 760 406 
1863 175 762 176 
1864 177 761 175 
1865 761 762 175 
1866 176 763 760 
1867 762 763 176 
1868 178 761 177 
1869 405 761 178 
1870 317 760 318 
1871 406 762 405 
1872 405 762 761 
1873 760 763 406 
1874 406 763 762 
2 54 2 18
1875 132 134 14 
1876 133 15 764 
1877 15 457 764 
1878 458 95 764 
1879 95 498 764 
1880 135 499 16 
1881 132 133 766 
1882 134 132 765 
1883 765 132 766 
1884 133 764 767 
1885 766 133 767 
1886 135 134 765 
1887 499 135 765 
1888 457 458 764 
1889 498 499 766 
1890 764 498 767 
1891 498 766 767 
1892 499 765 766 
2 55 2 18
1893 185 25 183 
1894 33 768 184 
1895 248 768 33 
1896 57 768 249 
1897 250 768 57 
1898 251 34 186 
1899 184 770 183 
1900 183 769 185 
1901 183 770 769 
1902 768 771 184 
1903 184 771 770 
1904 185 769 186 
1905 186 769 251 
1906 249 768 248 
1907 251 770 250 
1908 250 771 768 
1909 770 771 250 
1910 769 770 251 
2 56 2 18
1911 138 10 136 
1912 76 772 332 
1913 336 772 76 
1914 137 17 333 
1915 139 772 18 
1916 18 772 337 
1917 137 773 136 
1918 136 773 138 
1919 333 773 137 
1920 138 774 139 
1921 773 774 138 
1922 139 775 772 
1923 774 775 139 
1924 332 774 333 
1925 772 775 332 
1926 332 775 774 
1927 333 774 773 
1928 337 772 336 
2 57 2 18
1929 196 194 35 
1930 38 195 776 
1931 254 38 776 
1932 58 255 776 
1933 293 58 776 
1934 197 22 294 
1935 195 194 778 
1936 194 196 777 
1937 194 777 778 
1938 776 195 779 
1939 195 778 779 
1940 196 197 777 
1941 197 294 777 
1942 255 254 776 
1943 294 293 778 
1944 293 776 779 
1945 778 293 779 
1946 777 294 778 
2 58 2 18
1947 104 5 780 
1948 5 108 780 
1949 2 105 780 
1950 110 2 780 
1951 155 109 6 
1952 7 111 156 
1953 105 104 780 
1954 108 109 782 
1955 780 108 783 
1956 108 782 783 
1957 109 155 781 
1958 109 781 782 
1959 111 110 782 
1960 110 780 783 
1961 782 110 783 
1962 156 111 781 
1963 781 111 782 
1964 155 156 781 
2 59 2 49
1965 86 14 134 
1966 86 788 14 
1967 14 792 125 
1968 788 792 14 
1969 126 791 10 
1970 10 787 136 
1971 10 791 787 
1972 137 416 17 
1973 17 416 340 
1974 401 785 71 
1975 71 785 403 
1976 87 137 136 
1977 136 794 87 
1978 87 416 137 
1979 87 794 423 
1980 86 134 402 
1981 507 788 86 
1982 16 785 135 
1983 404 785 16 
1984 424 790 89 
1985 89 790 508 
1986 341 417 77 
1987 125 784 126 
1988 125 792 784 
1989 784 791 126 
1990 402 134 135 
1991 135 401 402 
1992 135 785 401 
1993 787 794 136 
1994 340 417 341 
1995 416 417 340 
1996 403 785 404 
1997 423 786 424 
1998 423 794 786 
1999 786 790 424 
2000 508 789 507 
2001 507 789 788 
2002 508 790 789 
2003 784 793 791 
2004 792 795 784 
2005 784 795 793 
2006 787 793 786 
2007 786 794 787 
2008 786 793 790 
2009 791 793 787 
2010 789 795 788 
2011 788 795 792 
2012 790 793 789 
2013 793 795 789 
2 60 2 11
2014 374 7 372 
2015 403 373 71 
2016 404 16 375 
2017 373 796 372 
2018 372 796 374 
2019 403 797 373 
2020 373 797 796 
2021 374 796 375 
2022 375 797 404 
2023 796 797 375 
2024 404 797 403 
2 61 2 49
2025 153 806 6 
2026 6 801 155 
2027 6 806 801 
2028 35 799 196 
2029 198 799 35 
2030 197 65 22 
2031 65 802 22 
2032 197 282 65 
2033 284 802 65 
2034 22 807 154 
2035 802 807 22 
2036 67 805 285 
2037 311 805 67 
2038 155 69 156 
2039 155 804 69 
2040 69 313 156 
2041 69 804 312 
2042 156 313 7 
2043 313 314 7 
2044 7 314 372 
2045 71 373 314 
2046 39 799 199 
2047 283 799 39 
2048 154 798 153 
2049 798 806 153 
2050 154 807 798 
2051 801 804 155 
2052 196 282 197 
2053 283 282 196 
2054 196 799 283 
2055 199 799 198 
2056 285 803 284 
2057 284 803 802 
2058 285 805 803 
2059 312 800 311 
2060 800 805 311 
2061 312 804 800 
2062 314 373 372 
2063 798 808 806 
2064 807 809 798 
2065 798 809 808 
2066 800 804 801 
2067 801 808 800 
2068 800 808 805 
2069 806 808 801 
2070 803 809 802 
2071 802 809 807 
2072 805 808 803 
2073 808 809 803 
2 62 2 16
2074 198 35 187 
2075 188 36 446 
2076 446 36 211 
2077 212 43 445 
2078 199 812 39 
2079 39 812 446 
2080 188 810 187 
2081 187 811 198 
2082 810 811 187 
2083 446 810 188 
2084 198 811 199 
2085 811 812 199 
2086 445 211 212 
2087 446 211 445 
2088 446 812 810 
2089 810 812 811 
2 63 2 23
2090 50 236 225 
2091 232 817 50 
2092 237 236 50 
2093 50 817 237 
2094 236 51 226 
2095 447 449 43 
2096 237 813 54 
2097 54 813 448 
2098 52 816 233 
2099 450 816 52 
2100 225 236 226 
2101 233 814 232 
2102 232 814 813 
2103 813 817 232 
2104 233 816 814 
2105 237 817 813 
2106 448 815 447 
2107 447 815 449 
2108 813 814 448 
2109 814 815 448 
2110 449 815 450 
2111 815 816 450 
2112 814 816 815 
2 64 2 10
2113 211 36 215 
2114 215 43 212 
2115 216 43 215 
2116 447 43 216 
2117 463 54 448 
2118 45 448 216 
2119 45 464 448 
2120 212 211 215 
2121 448 447 216 
2122 448 464 463 
2 65 2 61
2123 173 828 28 
2124 28 821 177 
2125 28 828 821 
2126 185 91 25 
2127 91 822 25 
2128 25 829 174 
2129 822 829 25 
2130 267 831 53 
2131 53 831 269 
2132 17 340 338 
2133 363 268 62 
2134 177 63 178 
2135 177 826 63 
2136 63 270 178 
2137 63 826 385 
2138 34 824 186 
2139 339 824 34 
2140 270 30 178 
2141 269 30 270 
2142 364 30 269 
2143 386 827 84 
2144 84 827 434 
2145 185 477 91 
2146 435 822 91 
2147 185 186 77 
2148 77 478 185 
2149 186 341 77 
2150 174 818 173 
2151 818 828 173 
2152 174 829 818 
2153 821 826 177 
2154 185 478 477 
2155 186 824 341 
2156 268 825 267 
2157 825 831 267 
2158 363 825 268 
2159 269 820 364 
2160 269 831 820 
2161 338 340 339 
2162 340 824 339 
2163 341 824 340 
2164 364 820 363 
2165 820 825 363 
2166 385 819 386 
2167 385 826 819 
2168 819 827 386 
2169 434 823 435 
2170 434 827 823 
2171 435 823 822 
2172 818 830 828 
2173 829 832 818 
2174 818 832 830 
2175 819 826 821 
2176 821 830 819 
2177 819 830 827 
2178 820 831 825 
2179 828 830 821 
2180 823 832 822 
2181 822 832 829 
2182 827 830 823 
2183 830 832 823 
2 66 2 16
2184 234 51 365 
2185 366 51 236 
2186 365 51 366 
2187 235 834 53 
2188 53 834 267 
2189 268 833 62 
2190 62 835 365 
2191 833 835 62 
2192 54 366 237 
2193 234 835 235 
2194 365 835 234 
2195 235 835 834 
2196 237 366 236 
2197 267 833 268 
2198 267 834 833 
2199 834 835 833 
2 67 2 18
2200 217 219 37 
2201 218 46 836 
2202 46 256 836 
2203 291 21 220 
2204 257 59 836 
2205 59 292 836 
2206 217 218 838 
2207 219 217 837 
2208 837 217 838 
2209 218 836 839 
2210 838 218 839 
2211 220 219 837 
2212 291 220 837 
2213 256 257 836 
2214 292 291 838 
2215 291 837 838 
2216 836 292 839 
2217 292 838 839 
2 68 2 18
2218 100 1 840 
2219 1 102 840 
2220 3 101 840 
2221 112 3 840 
2222 113 151 8 
2223 103 4 152 
2224 101 100 840 
2225 102 103 842 
2226 840 102 843 
2227 102 842 843 
2228 103 152 841 
2229 103 841 842 
2230 113 112 842 
2231 112 840 843 
2232 842 112 843 
2233 151 113 841 
2234 841 113 842 
2235 152 151 841 
2 69 2 18
2236 142 140 11 
2237 19 141 844 
2238 455 19 844 
2239 94 456 844 
2240 500 94 844 
2241 143 20 501 
2242 141 140 846 
2243 140 142 845 
2244 140 845 846 
2245 844 141 847 
2246 141 846 847 
2247 142 143 845 
2248 143 501 845 
2249 456 455 844 
2250 501 500 846 
2251 500 844 847 
2252 846 500 847 
2253 845 501 846 
2 70 2 18
2254 181 24 179 
2255 31 848 180 
2256 319 848 31 
2257 73 848 320 
2258 414 848 73 
2259 415 32 182 
2260 180 850 179 
2261 179 849 181 
2262 179 850 849 
2263 848 851 180 
2264 180 851 850 
2265 181 849 182 
2266 182 849 415 
2267 320 848 319 
2268 415 850 414 
2269 414 851 848 
2270 850 851 414 
2271 849 850 415 
2 71 2 18
2272 353 60 344 
2273 78 852 345 
2274 361 852 78 
2275 354 518 79 
2276 82 852 362 
2277 519 852 82 
2278 345 854 344 
2279 344 853 353 
2280 344 854 853 
2281 852 855 345 
2282 345 855 854 
2283 353 853 354 
2284 354 853 518 
2285 362 852 361 
2286 518 854 519 
2287 853 854 518 
2288 519 855 852 
2289 854 855 519 
2 72 2 18
2290 164 23 166 
2291 240 856 56 
2292 56 856 244 
2293 165 856 26 
2294 26 856 241 
2295 167 27 245 
2296 164 858 165 
2297 166 857 164 
2298 857 858 164 
2299 165 859 856 
2300 858 859 165 
2301 167 857 166 
2302 245 857 167 
2303 241 856 240 
2304 244 858 245 
2305 856 859 244 
2306 244 859 858 
2307 245 858 857 
2 73 2 18
2308 121 9 123 
2309 326 12 122 
2310 327 860 74 
2311 74 860 342 
2312 13 860 124 
2313 343 860 13 
2314 121 861 122 
2315 123 861 121 
2316 122 861 326 
2317 124 862 123 
2318 123 862 861 
2319 860 863 124 
2320 124 863 862 
2321 326 862 327 
2322 861 862 326 
2323 327 863 860 
2324 862 863 327 
2325 342 860 343 
2 74 2 61
2326 92 166 23 
2327 92 23 868 
2328 23 157 874 
2329 868 23 874 
2330 158 24 875 
2331 24 181 867 
2332 24 867 875 
2333 263 49 877 
2334 49 265 877 
2335 12 328 330 
2336 264 351 60 
2337 182 61 181 
2338 181 61 872 
2339 61 182 266 
2340 61 383 872 
2341 27 167 870 
2342 329 27 870 
2343 182 32 266 
2344 266 32 265 
2345 265 32 352 
2346 384 83 873 
2347 83 436 873 
2348 166 92 475 
2349 437 92 868 
2350 167 166 75 
2351 166 476 75 
2352 331 167 75 
2353 157 158 864 
2354 157 864 874 
2355 864 158 875 
2356 476 166 475 
2357 167 331 870 
2358 867 181 872 
2359 264 263 871 
2360 871 263 877 
2361 351 264 871 
2362 265 352 866 
2363 265 866 877 
2364 328 329 330 
2365 330 329 870 
2366 331 330 870 
2367 352 351 866 
2368 866 351 871 
2369 383 384 865 
2370 383 865 872 
2371 865 384 873 
2372 436 437 869 
2373 436 869 873 
2374 437 868 869 
2375 874 864 878 
2376 864 875 876 
2377 864 876 878 
2378 865 867 872 
2379 867 865 876 
2380 865 873 876 
2381 866 871 877 
2382 875 867 876 
2383 869 868 878 
2384 868 874 878 
2385 873 869 876 
2386 876 869 878 
2 75 2 58
2387 205 439 40 
2388 438 209 40 
2389 439 438 40 
2390 206 37 221 
2391 354 79 48 
2392 48 79 884 
2393 354 48 223 
2394 238 48 884 
2395 224 49 880 
2396 49 263 880 
2397 264 60 880 
2398 60 353 880 
2399 93 210 209 
2400 438 93 209 
2401 210 93 887 
2402 93 451 887 
2403 55 239 888 
2404 452 55 888 
2405 42 210 883 
2406 516 42 890 
2407 42 883 890 
2408 79 517 889 
2409 884 79 889 
2410 222 47 892 
2411 47 439 892 
2412 205 206 882 
2413 439 205 882 
2414 206 221 886 
2415 882 206 886 
2416 883 210 887 
2417 221 222 886 
2418 886 222 892 
2419 353 223 224 
2420 353 354 223 
2421 353 224 880 
2422 239 238 885 
2423 238 884 885 
2424 239 885 888 
2425 263 264 880 
2426 439 882 892 
2427 451 452 881 
2428 451 881 887 
2429 881 452 888 
2430 517 516 879 
2431 879 516 890 
2432 517 879 889 
2433 889 879 893 
2434 879 890 891 
2435 879 891 893 
2436 881 883 887 
2437 883 881 891 
2438 881 888 891 
2439 882 886 892 
2440 890 883 891 
2441 885 884 893 
2442 884 889 893 
2443 888 885 891 
2444 891 885 893 
2 76 2 52
2445 149 8 906 
2446 8 151 898 
2447 8 898 906 
2448 64 278 900 
2449 280 64 900 
2450 21 150 907 
2451 279 21 895 
2452 895 21 907 
2453 151 152 68 
2454 151 68 904 
2455 152 304 68 
2456 68 297 904 
2457 66 281 903 
2458 298 66 903 
2459 152 4 304 
2460 4 305 304 
2461 4 376 305 
2462 70 305 908 
2463 399 70 908 
2464 400 377 20 
2465 150 149 894 
2466 894 149 906 
2467 150 894 907 
2468 898 151 904 
2469 278 279 900 
2470 279 895 900 
2471 281 280 899 
2472 899 280 901 
2473 280 900 901 
2474 281 899 903 
2475 297 298 896 
2476 297 896 904 
2477 896 298 903 
2478 305 376 897 
2479 305 897 908 
2480 376 377 897 
2481 377 400 902 
2482 897 377 902 
2483 400 399 902 
2484 902 399 908 
2485 905 894 906 
2486 894 905 907 
2487 900 895 901 
2488 901 895 907 
2489 896 898 904 
2490 898 896 905 
2491 899 896 903 
2492 896 899 905 
2493 897 902 908 
2494 898 905 906 
2495 899 901 905 
2496 905 901 907 
2 77 2 12
2497 37 219 909 
2498 221 37 909 
2499 64 271 220 
2500 278 64 220 
2501 21 279 220 
2502 47 222 909 
2503 272 47 909 
2504 271 219 220 
2505 219 271 272 
2506 219 272 909 
2507 279 278 220 
2508 222 221 909 
2 78 2 49
2509 119 9 917 
2510 9 121 913 
2511 9 913 917 
2512 11 85 142 
2513 85 11 914 
2514 11 120 918 
2515 914 11 918 
2516 122 12 425 
2517 12 330 425 
2518 397 70 911 
2519 70 399 911 
2520 121 122 88 
2521 121 88 920 
2522 122 425 88 
2523 88 427 920 
2524 142 85 398 
2525 509 85 914 
2526 20 143 911 
2527 400 20 911 
2528 428 90 916 
2529 90 510 916 
2530 331 75 426 
2531 120 119 910 
2532 910 119 917 
2533 120 910 918 
2534 913 121 920 
2535 143 142 398 
2536 397 143 398 
2537 143 397 911 
2538 330 331 426 
2539 425 330 426 
2540 399 400 911 
2541 427 428 912 
2542 427 912 920 
2543 912 428 916 
2544 510 509 915 
2545 509 914 915 
2546 510 915 916 
2547 910 917 919 
2548 918 910 921 
2549 910 919 921 
2550 913 912 919 
2551 912 913 920 
2552 912 916 919 
2553 917 913 919 
2554 915 914 921 
2555 914 918 921 
2556 916 915 919 
2557 919 915 921 
3 1 4 2549
2558 369 370 631 601 
2559 203 202 651 698 
2560 689 895 901 900 
2561 330 331 634 426 
2562 621 924 396 931 
2563 349 409 606 408 
2564 543 840 100 598 
2565 542 597 105 780 
2566 341 340 635 417 
2567 241 559 856 723 
2568 558 724 248 768 
2569 407 364 30 608 
2570 371 4 376 633 
2571 32 609 352 411 
2572 653 36 188 204 
2573 216 490 447 448 
2574 200 40 205 652 
2575 910 919 917 934 
2576 801 800 808 580 
2577 891 679 881 883 
2578 865 641 867 876 
2579 821 640 819 830 
2580 7 632 367 374 
2581 784 791 793 933 
2582 905 144 579 898 
2583 895 286 689 907 
2584 201 200 192 649 
2585 408 407 607 350 
2586 883 891 679 511 
2587 867 641 172 876 
2588 60 925 351 935 
2589 408 350 607 349 
2590 792 125 784 933 
2591 148 801 808 580 
2592 830 821 640 168 
2593 678 447 448 815 
2594 70 620 614 927 
2595 120 918 910 934 
2596 39 567 573 926 
2597 279 21 291 895 
2598 490 757 216 447 
2599 661 659 618 688 
2600 807 154 798 290 
2601 829 174 818 163 
2602 144 906 894 149 
2603 490 515 447 448 
2604 418 635 636 325 
2605 21 286 895 907 
2606 630 633 299 371 
2607 516 879 890 511 
2608 172 864 158 875 
2609 286 144 905 894 
2610 525 367 526 628 
2611 869 876 878 668 
2612 823 832 830 667 
2613 803 809 808 690 
2614 891 893 885 702 
2615 653 650 440 204 
2616 150 286 907 894 
2617 370 371 630 598 
2618 889 879 517 469 
2619 159 157 864 874 
2620 604 609 378 411 
2621 526 367 368 628 
2622 801 804 800 580 
2623 865 867 641 872 
2624 819 826 640 821 
2625 887 881 679 883 
2626 227 665 666 555 
2627 346 854 855 553 
2628 447 515 678 448 
2629 231 855 854 553 
2630 818 173 828 168 
2631 806 798 153 148 
2632 321 388 322 638 
2633 800 805 808 580 
2634 679 881 888 891 
2635 873 641 865 876 
2636 640 827 819 830 
2637 448 814 813 703 
2638 904 896 579 898 
2639 388 321 387 638 
2640 54 366 460 237 
2641 50 817 703 237 
2642 666 665 350 555 
2643 757 490 515 447 
2644 637 420 639 323 
2645 421 637 638 322 
2646 390 389 639 323 
2647 688 659 618 528 
2648 497 661 618 688 
2649 411 410 623 604 
2650 913 917 919 934 
2651 519 855 553 715 
2652 324 391 325 636 
2653 634 422 638 321 
2654 323 388 389 637 
2655 388 323 322 637 
2656 519 855 231 553 
2657 236 237 556 366 
2658 542 545 597 547 
2659 543 546 548 598 
2660 833 835 834 929 
2661 791 787 793 933 
2662 558 562 724 610 
2663 611 559 561 723 
2664 323 390 324 639 
2665 419 636 639 324 
2666 834 267 833 929 
2667 390 391 324 636 
2668 548 299 843 598 
2669 783 547 597 303 
2670 646 653 188 932 
2671 515 678 757 447 
2672 36 211 215 213 
2673 105 2 597 542 
2674 543 100 1 598 
2675 685 457 764 660 
2676 659 684 455 844 
2677 623 735 320 848 
2678 362 852 715 719 
2679 734 622 318 760 
2680 696 673 486 752 
2681 756 695 674 479 
2682 576 255 654 776 
2683 204 203 650 695 
2684 248 33 724 558 
2685 241 26 559 723 
2686 360 714 663 718 
2687 590 740 342 860 
2688 772 589 739 336 
2689 655 575 836 257 
2690 591 750 741 751 
2691 624 588 587 736 
2692 607 608 407 382 
2693 699 687 660 662 
2694 291 279 278 220 
2695 657 564 578 565 
2696 595 594 721 717 
2697 779 571 277 778 
2698 616 846 847 506 
2699 717 595 230 554 
2700 234 235 835 551 
2701 565 578 656 577 
2702 717 720 595 716 
2703 855 553 715 594 
2704 529 846 847 616 
2705 321 328 329 634 
2706 634 387 329 321 
2707 193 838 839 569 
2708 628 632 367 303 
2709 652 649 200 444 
2710 555 666 227 714 
2711 36 653 646 213 
2712 743 590 591 751 
2713 325 338 635 391 
2714 391 339 338 635 
2715 737 624 588 623 
2716 555 593 666 714 
2717 779 189 571 778 
2718 273 839 838 569 
2719 502 619 766 767 
2720 556 237 227 460 
2721 767 619 766 525 
2722 748 775 418 589 
2723 749 590 422 863 
2724 695 440 759 744 
2725 755 696 745 444 
2726 763 585 622 382 
2727 378 586 623 851 
2728 611 537 859 723 
2729 771 610 724 541 
2730 570 578 274 565 
2731 825 268 267 929 
2732 553 855 346 594 
2733 747 676 697 745 
2734 563 566 576 572 
2735 676 696 697 745 
2736 688 618 497 528 
2737 607 608 262 407 
2738 596 593 557 714 
2739 869 873 876 668 
2740 823 830 827 667 
2741 805 803 808 690 
2742 891 885 888 702 
2743 144 579 689 905 
2744 870 634 331 167 
2745 699 687 662 526 
2746 563 571 779 195 
2747 577 576 566 572 
2748 641 172 876 668 
2749 511 891 679 702 
2750 633 4 627 103 
2751 227 237 703 460 
2752 545 597 2 542 
2753 543 1 546 598 
2754 714 596 593 722 
2755 767 766 502 133 
2756 141 847 846 506 
2757 293 779 277 778 
2758 665 459 227 666 
2759 838 292 839 273 
2760 519 855 854 231 
2761 563 566 658 576 
2762 716 596 557 714 
2763 742 589 748 592 
2764 738 622 585 625 
2765 597 542 547 780 
2766 543 548 840 598 
2767 559 611 856 723 
2768 724 558 610 768 
2769 562 724 33 558 
2770 561 559 26 723 
2771 677 695 744 746 
2772 628 632 396 367 
2773 652 649 520 200 
2774 748 750 742 592 
2775 548 843 840 598 
2776 859 856 611 723 
2777 724 610 771 768 
2778 780 547 597 783 
2779 585 587 738 625 
2780 593 666 350 555 
2781 32 609 415 602 
2782 695 677 698 746 
2783 593 228 557 714 
2784 292 839 569 575 
2785 133 619 767 660 
2786 808 148 580 690 
2787 168 640 830 667 
2788 701 617 662 526 
2789 576 276 563 572 
2790 868 869 878 668 
2791 832 823 822 667 
2792 803 802 809 690 
2793 893 884 885 702 
2794 422 114 749 863 
2795 843 144 299 548 
2796 755 745 511 444 
2797 851 378 586 172 
2798 578 575 564 657 
2799 715 721 594 717 
2800 825 267 831 929 
2801 714 716 596 722 
2802 576 566 658 577 
2803 570 578 565 275 
2804 779 571 189 195 
2805 917 119 910 934 
2806 537 858 859 165 
2807 771 541 184 770 
2808 326 122 422 861 
2809 418 137 333 773 
2810 292 839 273 569 
2811 502 619 767 133 
2812 754 755 511 444 
2813 299 842 144 843 
2814 422 862 114 863 
2815 378 851 850 172 
2816 587 625 624 736 
2817 741 592 750 591 
2818 554 717 595 229 
2819 576 571 277 779 
2820 616 847 659 506 
2821 118 775 418 748 
2822 303 783 547 148 
2823 515 759 440 744 
2824 382 763 585 168 
2825 886 222 221 928 
2826 571 576 563 779 
2827 847 141 659 506 
2828 666 459 227 714 
2829 779 277 576 293 
2830 17 325 338 635 
2831 758 759 214 440 
2832 208 755 754 444 
2833 102 842 299 843 
2834 332 775 418 774 
2835 863 422 862 327 
2836 303 110 783 782 
2837 762 763 406 382 
2838 851 414 378 850 
2839 743 590 751 749 
2840 737 588 586 623 
2841 913 919 912 934 
2842 247 560 613 725 
2843 741 335 591 751 
2844 588 624 412 736 
2845 565 578 296 656 
2846 462 720 595 717 
2847 688 700 659 528 
2848 99 544 599 549 
2849 591 335 743 751 
2850 331 330 634 870 
2851 412 624 588 737 
2852 440 758 759 515 
2853 783 303 782 148 
2854 775 418 774 118 
2855 382 762 763 168 
2856 662 687 496 526 
2857 126 791 784 933 
2858 656 566 565 577 
2859 596 595 720 716 
2860 564 274 578 565 
2861 230 594 595 717 
2862 786 793 787 933 
2863 440 759 214 695 
2864 755 208 696 444 
2865 775 332 418 589 
2866 590 422 863 327 
2867 414 378 623 851 
2868 763 622 406 382 
2869 833 267 268 929 
2870 296 657 578 565 
2871 613 560 612 725 
2872 661 659 505 618 
2873 276 576 577 572 
2874 462 595 721 717 
2875 839 569 575 564 
2876 831 820 825 929 
2877 387 858 244 859 
2878 846 847 500 529 
2879 839 218 838 193 
2880 854 855 345 346 
2881 556 922 53 929 
2882 859 244 387 611 
2883 193 839 218 564 
2884 855 345 346 594 
2885 604 609 411 258 
2886 551 226 225 236 
2887 341 824 186 635 
2888 490 216 45 448 
2889 237 236 556 50 
2890 448 515 678 703 
2891 321 328 634 12 
2892 21 286 291 895 
2893 630 633 371 392 
2894 653 650 204 524 
2895 487 745 511 755 
2896 112 144 843 548 
2897 124 749 114 863 
2898 586 180 851 172 
2899 901 905 689 899 
2900 347 230 595 554 
2901 511 487 755 754 
2902 112 144 842 843 
2903 862 124 114 863 
2904 850 851 180 172 
2905 766 498 767 525 
2906 189 779 195 778 
2907 839 193 569 564 
2908 886 892 222 928 
2909 485 673 745 752 
2910 744 756 674 480 
2911 548 840 101 543 
2912 547 542 104 780 
2913 563 654 254 776 
2914 586 319 735 848 
2915 317 585 734 760 
2916 719 361 852 594 
2917 114 421 732 422 
2918 144 299 300 583 
2919 643 379 378 172 
2920 240 611 856 559 
2921 610 558 249 768 
2922 748 337 772 739 
2923 740 749 343 860 
2924 836 564 655 256 
2925 359 663 593 718 
2926 420 750 733 419 
2927 587 380 381 645 
2928 851 586 623 848 
2929 779 576 563 776 
2930 760 585 622 763 
2931 748 772 775 589 
2932 575 836 839 564 
2933 590 749 860 863 
2934 593 663 666 714 
2935 759 756 695 744 
2936 752 696 745 755 
2937 715 852 855 594 
2938 599 544 550 549 
2939 399 400 902 930 
2940 744 515 759 489 
2941 108 547 783 148 
2942 139 775 118 748 
2943 610 771 250 391 
2944 176 585 763 168 
2945 666 350 357 593 
2946 792 127 125 933 
2947 617 503 662 526 
2948 420 421 731 751 
2949 644 588 380 379 
2950 299 630 598 300 
2951 556 237 50 227 
2952 515 758 759 489 
2953 782 108 783 148 
2954 118 774 775 139 
2955 771 250 391 770 
2956 762 176 763 168 
2957 357 665 350 666 
2958 300 301 550 582 
2959 682 442 443 747 
2960 302 147 581 303 
2961 730 118 418 419 
2962 440 441 681 514 
2963 443 680 512 444 
2964 382 381 642 169 
2965 618 701 661 497 
2966 847 659 700 616 
2967 591 420 750 751 
2968 588 587 380 624 
2969 274 192 570 565 
2970 811 198 199 932 
2971 537 859 387 611 
2972 677 481 698 746 
2973 598 548 299 300 
2974 302 597 547 303 
2975 747 697 443 745 
2976 482 676 697 747 
2977 590 421 591 751 
2978 623 624 588 379 
2979 593 228 349 557 
2980 421 115 114 732 
2981 144 300 145 583 
2982 511 512 680 444 
2983 379 643 171 172 
2984 577 565 578 275 
2985 229 717 595 716 
2986 373 372 796 931 
2987 724 771 541 184 
2988 165 859 537 723 
2989 892 886 882 928 
2990 750 117 733 419 
2991 645 381 587 169 
2992 843 299 102 598 
2993 783 597 110 303 
2994 120 131 918 934 
2995 302 301 584 549 
2996 683 441 442 746 
2997 623 586 378 604 
2998 276 190 563 572 
2999 733 116 750 420 
3000 587 380 645 170 
3001 378 586 379 604 
3002 589 419 748 592 
3003 625 622 585 381 
3004 399 902 908 930 
3005 696 443 697 745 
3006 586 623 379 604 
3007 387 858 859 537 
3008 695 650 440 744 
3009 913 912 920 934 
3010 303 147 581 148 
3011 730 117 118 419 
3012 514 681 440 515 
3013 642 168 382 169 
3014 144 689 286 905 
3015 750 748 419 592 
3016 625 585 587 381 
3017 145 300 550 582 
3018 443 512 682 747 
3019 441 440 650 744 
3020 557 349 593 596 
3021 664 358 922 929 
3022 578 575 274 564 
3023 594 230 715 717 
3024 659 505 618 528 
3025 631 301 601 300 
3026 699 767 619 660 
3027 610 771 391 541 
3028 215 211 646 213 
3029 599 301 600 549 
3030 786 787 794 933 
3031 146 550 301 582 
3032 682 513 442 747 
3033 697 675 747 698 
3034 613 539 726 725 
3035 199 812 811 932 
3036 650 695 441 744 
3037 699 687 685 660 
3038 688 659 700 684 
3039 190 566 563 572 
3040 279 291 21 220 
3041 301 302 629 600 
3042 344 853 346 925 
3043 39 567 926 932 
3044 17 325 635 137 
3045 36 653 188 646 
3046 346 231 854 553 
3047 665 227 350 555 
3048 633 4 376 627 
3049 600 545 549 547 
3050 263 264 871 935 
3051 856 26 241 723 
3052 248 724 33 768 
3053 2 105 597 780 
3054 840 1 100 598 
3055 32 609 602 352 
3056 560 247 246 725 
3057 98 99 544 599 
3058 695 441 744 746 
3059 17 325 137 333 
3060 591 421 420 751 
3061 624 380 588 379 
3062 117 116 750 733 
3063 169 587 645 170 
3064 902 897 908 930 
3065 137 418 333 325 
3066 441 695 698 746 
3067 698 675 747 746 
3068 227 237 50 703 
3069 771 391 541 770 
3070 676 673 696 745 
3071 695 674 677 744 
3072 658 654 563 576 
3073 586 735 737 623 
3074 738 585 622 734 
3075 715 721 719 594 
3076 655 564 575 657 
3077 739 589 748 742 
3078 743 740 590 749 
3079 718 714 593 722 
3080 634 425 330 426 
3081 624 605 380 379 
3082 810 811 812 932 
3083 562 727 724 610 
3084 723 561 611 726 
3085 716 461 596 722 
3086 545 600 597 547 
3087 601 548 546 598 
3088 566 295 658 577 
3089 550 146 145 582 
3090 513 682 512 747 
3091 561 613 611 726 
3092 731 421 115 751 
3093 644 171 588 379 
3094 334 742 750 592 
3095 731 116 420 751 
3096 588 380 170 644 
3097 413 738 587 625 
3098 562 612 727 610 
3099 350 556 664 922 
3100 853 854 344 346 
3101 442 697 443 747 
3102 354 853 552 518 
3103 651 698 442 441 
3104 419 748 418 589 
3105 590 421 749 422 
3106 745 696 443 444 
3107 381 622 585 382 
3108 700 456 684 844 
3109 764 458 685 699 
3110 703 448 515 465 
3111 565 191 570 275 
3112 263 871 877 935 
3113 590 421 751 749 
3114 588 586 623 379 
3115 550 548 546 601 
3116 529 847 700 616 
3117 697 648 442 443 
3118 723 611 537 538 
3119 122 321 12 326 
3120 894 150 144 149 
3121 122 321 326 422 
3122 122 321 634 12 
3123 215 646 211 212 
3124 662 660 699 526 
3125 511 488 754 753 
3126 113 144 841 842 
3127 850 179 849 172 
3128 699 619 767 525 
3129 583 145 144 692 
3130 115 114 732 710 
3131 669 171 643 172 
3132 512 707 511 680 
3133 548 144 299 300 
3134 749 421 114 422 
3135 378 379 586 172 
3136 625 380 606 381 
3137 662 617 701 504 
3138 516 517 879 511 
3139 153 290 798 154 
3140 864 157 172 158 
3141 163 173 174 818 
3142 496 454 687 662 
3143 599 550 301 549 
3144 99 600 545 549 
3145 595 348 554 229 
3146 497 700 688 528 
3147 687 699 496 526 
3148 122 422 861 88 
3149 137 418 87 773 
3150 515 490 45 448 
3151 231 854 853 346 
3152 659 700 844 847 
3153 764 767 699 660 
3154 584 147 302 549 
3155 683 514 441 746 
3156 350 664 358 922 
3157 866 877 871 935 
3158 618 701 497 528 
3159 577 566 565 275 
3160 596 229 595 716 
3161 600 301 302 549 
3162 540 724 610 541 
3163 662 503 660 526 
3164 673 696 745 752 
3165 674 695 756 744 
3166 654 563 576 776 
3167 734 585 622 760 
3168 623 586 735 848 
3169 852 715 719 594 
3170 592 420 750 591 
3171 587 625 380 624 
3172 192 274 564 565 
3173 347 230 594 595 
3174 147 302 547 303 
3175 748 418 118 419 
3176 514 440 441 744 
3177 745 443 512 444 
3178 585 381 382 169 
3179 589 748 772 739 
3180 564 575 836 655 
3181 740 590 749 860 
3182 714 593 663 718 
3183 675 482 697 747 
3184 340 341 635 824 
3185 693 581 147 148 
3186 146 691 584 147 
3187 146 145 582 694 
3188 711 117 118 730 
3189 116 117 713 733 
3190 731 116 115 712 
3191 645 672 169 170 
3192 169 642 168 670 
3193 170 671 171 644 
3194 681 514 705 515 
3195 683 514 513 706 
3196 682 512 704 513 
3197 698 481 675 746 
3198 632 7 111 626 
3199 652 40 647 207 
3200 539 613 612 725 
3201 758 757 490 515 
3202 109 782 781 148 
3203 762 761 175 168 
3204 358 664 350 665 
3205 841 144 579 299 
3206 511 679 753 444 
3207 641 378 849 172 
3208 461 716 714 722 
3209 301 601 550 599 
3210 661 659 688 453 
3211 576 658 295 577 
3212 574 838 291 837 
3213 765 132 621 766 
3214 599 600 99 549 
3215 416 417 635 340 
3216 150 144 286 894 
3217 612 243 560 242 
3218 316 315 587 736 
3219 750 536 741 535 
3220 726 247 613 725 
3221 301 146 584 549 
3222 442 513 683 746 
3223 596 720 356 355 
3224 566 253 252 656 
3225 107 106 550 544 
3226 675 483 747 484 
3227 300 548 144 145 
3228 421 114 115 749 
3229 512 511 745 444 
3230 171 586 379 172 
3231 14 127 125 792 
3232 22 290 154 807 
3233 25 163 174 829 
3234 68 299 633 841 
3235 608 30 405 603 
3236 746 481 675 484 
3237 544 99 106 549 
3238 677 481 746 484 
3239 545 106 99 549 
3240 43 440 757 653 
3241 140 85 11 914 
3242 802 65 22 294 
3243 164 92 23 868 
3244 91 25 822 183 
3245 79 48 884 518 
3246 196 194 926 932 
3247 115 116 731 751 
3248 171 588 170 644 
3249 539 538 613 726 
3250 445 646 43 212 
3251 511 517 879 469 
3252 163 173 818 168 
3253 157 172 159 864 
3254 153 290 148 798 
3255 613 560 247 242 
3256 589 742 334 592 
3257 701 662 661 686 
3258 301 550 601 300 
3259 378 61 849 609 
3260 247 613 561 726 
3261 622 738 413 625 
3262 695 677 481 698 
3263 335 743 590 591 
3264 688 497 661 453 
3265 662 701 454 686 
3266 737 412 624 623 
3267 697 696 676 482 
3268 847 700 500 529 
3269 664 365 358 929 
3270 148 303 781 580 
3271 678 757 440 515 
3272 640 761 382 168 
3273 144 8 906 149 
3274 539 612 727 725 
3275 657 296 253 565 
3276 296 253 565 656 
3277 595 356 720 462 
3278 356 595 721 462 
3279 664 227 350 665 
3280 441 698 442 746 
3281 88 422 861 934 
3282 303 547 147 148 
3283 117 748 118 419 
3284 515 440 514 744 
3285 168 585 382 169 
3286 418 324 636 419 
3287 117 750 748 419 
3288 381 585 587 169 
3289 652 40 205 647 
3290 419 323 639 420 
3291 418 324 325 636 
3292 9 123 114 934 
3293 511 42 890 516 
3294 172 24 875 158 
3295 773 418 87 933 
3296 335 741 535 751 
3297 316 588 412 736 
3298 419 420 750 592 
3299 380 625 587 381 
3300 699 767 498 525 
3301 843 102 840 598 
3302 780 597 110 783 
3303 768 771 724 184 
3304 856 859 165 723 
3305 123 861 862 934 
3306 580 805 808 690 
3307 891 888 679 702 
3308 873 641 876 668 
3309 640 827 830 667 
3310 295 656 296 577 
3311 453 661 454 686 
3312 461 720 462 716 
3313 560 246 612 725 
3314 608 30 603 364 
3315 57 243 562 610 
3316 355 80 593 722 
3317 536 18 748 742 
3318 544 550 98 599 
3319 390 389 539 639 
3320 658 38 252 563 
3321 548 3 107 546 
3322 585 315 29 738 
3323 483 97 676 745 
3324 302 600 549 547 
3325 898 8 113 151 
3326 664 922 556 929 
3327 553 230 715 594 
3328 747 443 512 745 
3329 412 625 413 736 
3330 335 592 334 741 
3331 481 675 482 698 
3332 488 883 42 210 
3333 28 175 177 821 
3334 181 179 24 867 
3335 155 6 109 801 
3336 420 322 637 421 
3337 662 496 701 526 
3338 773 138 774 933 
3339 56 242 611 561 
3340 535 13 743 749 
3341 586 31 316 737 
3342 469 79 517 889 
3343 120 131 11 918 
3344 159 23 157 874 
3345 689 310 579 144 
3346 641 172 668 433 
3347 679 491 511 702 
3348 561 26 247 726 
3349 246 727 33 562 
3350 21 150 286 907 
3351 600 2 99 545 
3352 546 1 98 601 
3353 657 46 564 253 
3354 594 721 78 356 
3355 5 106 545 547 
3356 744 96 677 484 
3357 583 144 310 692 
3358 114 732 710 530 
3359 172 643 669 433 
3360 491 511 707 680 
3361 15 457 685 660 
3362 19 659 684 455 
3363 715 82 362 719 
3364 41 696 673 486 
3365 735 320 73 623 
3366 674 695 44 479 
3367 622 318 72 734 
3368 58 255 654 576 
3369 646 445 211 212 
3370 684 659 700 844 
3371 699 685 764 660 
3372 147 584 146 549 
3373 683 513 514 746 
3374 661 662 454 686 
3375 717 462 720 716 
3376 578 296 656 577 
3377 360 81 714 718 
3378 740 342 74 590 
3379 739 589 76 336 
3380 655 59 575 257 
3381 538 387 537 638 
3382 593 555 228 714 
3383 63 382 761 608 
3384 247 613 242 561 
3385 623 414 851 848 
3386 622 406 760 763 
3387 844 141 659 847 
3388 767 764 133 660 
3389 332 775 772 589 
3390 663 459 666 714 
3391 863 860 590 327 
3392 855 519 852 715 
3393 756 214 759 695 
3394 696 752 208 755 
3395 839 292 836 575 
3396 776 779 576 293 
3397 303 69 632 781 
3398 444 93 753 652 
3399 118 138 10 933 
3400 390 539 540 639 
3401 571 563 189 195 
3402 63 761 603 608 
3403 81 461 714 722 
3404 76 589 742 334 
3405 658 295 58 576 
3406 72 622 738 413 
3407 688 659 19 453 
3408 677 44 695 481 
3409 324 323 639 419 
3410 533 711 534 730 
3411 732 531 710 530 
3412 733 533 713 532 
3413 731 531 532 712 
3414 669 643 432 433 
3415 430 645 431 672 
3416 432 671 431 644 
3417 642 430 429 670 
3418 681 705 494 495 
3419 704 492 682 493 
3420 707 492 491 680 
3421 706 493 683 494 
3422 309 583 310 692 
3423 309 308 582 694 
3424 693 307 581 306 
3425 308 691 307 584 
3426 569 273 292 575 
3427 502 619 133 660 
3428 306 580 148 690 
3429 667 168 640 429 
3430 495 678 515 703 
3431 448 463 464 465 
3432 222 909 221 928 
3433 28 168 828 173 
3434 6 148 806 153 
3435 504 503 662 617 
3436 388 387 538 638 
3437 195 779 563 776 
3438 836 218 839 564 
3439 666 357 663 593 
3440 851 180 586 848 
3441 772 775 139 748 
3442 860 749 124 863 
3443 176 585 760 763 
3444 852 345 855 594 
3445 244 859 856 611 
3446 250 771 610 768 
3447 843 840 112 548 
3448 780 108 547 783 
3449 759 756 744 489 
3450 745 487 752 755 
3451 274 275 578 570 
3452 191 565 566 275 
3453 229 595 348 596 
3454 227 664 460 665 
3455 854 853 518 231 
3456 647 753 93 652 
3457 69 626 632 781 
3458 230 229 717 554 
3459 697 482 675 698 
3460 741 335 592 591 
3461 412 624 625 736 
3462 145 583 309 692 
3463 691 307 584 147 
3464 308 146 582 694 
3465 581 307 693 147 
3466 693 581 148 306 
3467 309 582 145 694 
3468 691 308 146 584 
3469 117 711 533 730 
3470 116 731 532 712 
3471 711 118 534 730 
3472 733 713 116 532 
3473 531 731 115 712 
3474 531 115 732 710 
3475 533 713 117 733 
3476 643 171 669 432 
3477 430 645 672 169 
3478 430 642 169 670 
3479 429 168 642 670 
3480 645 431 672 170 
3481 432 171 671 644 
3482 671 170 431 644 
3483 704 492 512 682 
3484 681 705 495 515 
3485 706 683 514 494 
3486 514 681 705 494 
3487 492 707 512 680 
3488 493 683 513 706 
3489 704 682 513 493 
3490 246 612 727 562 
3491 657 575 59 296 
3492 769 183 474 770 
3493 721 715 82 462 
3494 687 454 15 660 
3495 323 322 637 420 
3496 535 743 335 751 
3497 412 588 316 737 
3498 74 335 743 590 
3499 737 73 412 623 
3500 676 696 41 482 
3501 540 727 612 610 
3502 550 548 601 145 
3503 546 98 550 601 
3504 572 566 577 275 
3505 418 137 635 325 
3506 612 727 540 539 
3507 858 470 857 164 
3508 302 597 600 547 
3509 601 548 598 300 
3510 538 611 613 726 
3511 596 557 229 716 
3512 797 404 403 931 
3513 887 679 93 753 
3514 804 781 69 580 
3515 640 63 761 826 
3516 641 849 61 872 
3517 698 747 442 746 
3518 243 612 246 562 
3519 750 536 742 334 
3520 754 753 207 444 
3521 757 758 213 440 
3522 842 841 103 299 
3523 862 861 326 422 
3524 418 774 773 333 
3525 782 303 111 781 
3526 849 850 378 415 
3527 761 762 405 382 
3528 738 587 315 413 
3529 300 550 601 145 
3530 904 579 68 841 
3531 670 724 474 163 
3532 572 577 276 275 
3533 618 505 661 504 
3534 753 754 511 444 
3535 144 841 842 299 
3536 849 378 850 172 
3537 538 387 611 537 
3538 724 473 670 474 
3539 540 391 636 541 
3540 578 575 657 296 
3541 687 454 660 662 
3542 721 715 462 717 
3543 321 122 634 422 
3544 538 723 611 726 
3545 464 515 448 465 
3546 274 275 694 578 
3547 504 503 713 662 
3548 230 229 704 717 
3549 230 553 347 594 
3550 300 601 548 145 
3551 853 552 518 231 
3552 796 797 373 931 
3553 461 355 596 722 
3554 766 132 502 133 
3555 846 141 506 140 
3556 838 292 273 291 
3557 293 277 294 778 
3558 459 227 460 665 
3559 519 854 518 231 
3560 252 566 295 658 
3561 550 107 98 546 
3562 541 474 184 770 
3563 613 612 560 242 
3564 535 741 750 751 
3565 588 316 587 736 
3566 26 561 723 726 
3567 727 724 33 562 
3568 600 597 2 545 
3569 601 546 1 598 
3570 747 442 697 698 
3571 471 470 723 669 
3572 183 184 474 770 
3573 774 325 332 333 
3574 405 762 406 407 
3575 388 387 611 538 
3576 228 555 593 349 
3577 540 391 390 636 
3578 537 470 858 165 
3579 726 539 472 725 
3580 539 727 472 725 
3581 549 147 302 547 
3582 441 514 744 746 
3583 746 675 747 484 
3584 106 550 544 549 
3585 720 356 595 596 
3586 566 565 253 656 
3587 164 858 470 165 
3588 664 556 227 460 
3589 861 422 862 934 
3590 280 689 901 900 
3591 618 661 701 504 
3592 911 400 399 930 
3593 757 758 440 515 
3594 781 782 303 148 
3595 761 762 382 168 
3596 63 382 640 761 
3597 378 61 641 849 
3598 444 93 679 753 
3599 43 440 678 757 
3600 303 69 781 580 
3601 68 299 841 579 
3602 540 724 727 610 
3603 243 612 562 610 
3604 748 750 536 742 
3605 676 482 483 747 
3606 585 587 315 738 
3607 774 418 773 933 
3608 534 127 709 933 
3609 470 159 723 669 
3610 225 556 551 236 
3611 564 657 253 565 
3612 746 744 677 484 
3613 549 545 106 547 
3614 721 594 595 356 
3615 119 120 910 934 
3616 191 566 572 275 
3617 48 231 518 552 
3618 557 229 348 596 
3619 365 835 62 929 
3620 43 757 678 447 
3621 213 646 215 757 
3622 670 162 724 163 
3623 199 198 799 932 
3624 355 593 596 722 
3625 126 784 125 933 
3626 747 483 676 745 
3627 252 566 658 563 
3628 107 550 548 546 
3629 708 131 530 934 
3630 626 156 111 781 
3631 753 647 209 207 
3632 502 86 132 621 
3633 602 182 849 415 
3634 627 841 103 152 
3635 420 116 750 751 
3636 380 587 588 170 
3637 751 421 115 749 
3638 586 588 171 379 
3639 563 276 576 571 
3640 471 723 160 669 
3641 162 473 670 724 
3642 310 579 144 299 
3643 491 679 511 444 
3644 172 641 378 433 
3645 661 662 701 504 
3646 761 405 178 603 
3647 602 849 61 609 
3648 274 575 569 564 
3649 464 515 45 448 
3650 556 227 350 664 
3651 326 862 321 327 
3652 850 414 411 415 
3653 842 103 102 371 
3654 111 110 367 782 
3655 213 758 214 204 
3656 208 754 207 200 
3657 391 540 610 541 
3658 612 390 540 610 
3659 310 689 286 144 
3660 429 667 168 163 
3661 148 306 690 290 
3662 668 172 159 433 
3663 491 511 702 469 
3664 703 515 495 465 
3665 627 841 68 633 
3666 420 322 421 591 
3667 723 159 160 669 
3668 653 43 646 757 
3669 530 729 708 934 
3670 287 694 578 274 
3671 662 128 503 713 
3672 230 468 717 704 
3673 578 694 288 275 
3674 129 713 662 504 
3675 229 704 717 467 
3676 540 391 610 390 
3677 501 143 845 927 
3678 853 344 353 925 
3679 580 148 303 306 
3680 440 495 678 515 
3681 382 640 168 429 
3682 571 276 576 277 
3683 616 659 505 506 
3684 95 687 699 496 
3685 94 497 700 688 
3686 727 612 246 725 
3687 728 534 709 933 
3688 404 785 403 931 
3689 601 98 550 599 
3690 470 476 857 475 
3691 837 219 568 923 
3692 632 626 111 781 
3693 753 647 207 652 
3694 332 325 418 589 
3695 407 406 622 382 
3696 837 217 219 923 
3697 761 405 603 608 
3698 196 194 777 926 
3699 729 422 88 934 
3700 389 390 539 612 
3701 277 65 294 573 
3702 85 506 140 620 
3703 539 471 538 726 
3704 537 75 634 857 
3705 611 242 613 561 
3706 751 535 743 749 
3707 586 316 588 737 
3708 418 728 87 933 
3709 504 701 618 527 
3710 264 263 880 935 
3711 541 477 769 478 
3712 477 541 769 474 
3713 213 653 646 757 
3714 664 556 365 929 
3715 765 135 499 924 
3716 614 845 143 927 
3717 123 862 114 934 
3718 230 231 469 707 
3719 228 227 705 466 
3720 503 502 711 128 
3721 505 130 710 506 
3722 129 505 712 504 
3723 693 289 276 277 
3724 273 287 274 692 
3725 275 289 276 691 
3726 260 347 554 259 
3727 523 191 572 522 
3728 261 260 606 349 
3729 627 103 841 633 
3730 574 217 838 837 
3731 499 765 621 766 
3732 849 602 415 609 
3733 537 471 723 538 
3734 476 470 857 537 
3735 323 322 420 591 
3736 473 541 474 724 
3737 474 724 541 184 
3738 553 346 347 594 
3739 324 418 589 419 
3740 578 288 694 287 
3741 662 128 713 129 
3742 468 717 704 467 
3743 688 700 94 684 
3744 687 685 95 699 
3745 673 696 41 676 
3746 674 44 695 677 
3747 687 15 685 660 
3748 82 715 721 719 
3749 19 659 688 684 
3750 654 658 58 576 
3751 738 622 72 734 
3752 737 735 73 623 
3753 162 670 168 163 
3754 171 669 159 172 
3755 286 145 692 144 
3756 289 693 148 290 
3757 131 115 710 114 
3758 118 127 128 711 
3759 465 515 705 466 
3760 512 469 511 707 
3761 390 539 612 540 
3762 573 777 778 194 
3763 845 846 501 620 
3764 539 472 471 726 
3765 727 473 540 472 
3766 472 540 727 539 
3767 418 324 589 325 
3768 471 537 723 470 
3769 567 196 777 926 
3770 769 77 541 478 
3771 165 537 470 723 
3772 718 81 714 722 
3773 74 743 740 590 
3774 739 76 589 742 
3775 655 575 59 657 
3776 701 618 527 528 
3777 714 663 81 360 
3778 457 15 764 660 
3779 19 659 455 844 
3780 715 82 852 362 
3781 72 318 622 760 
3782 623 320 73 848 
3783 590 342 74 860 
3784 589 772 76 336 
3785 59 836 575 257 
3786 486 41 696 752 
3787 695 756 44 479 
3788 58 255 576 776 
3789 146 301 550 549 
3790 513 442 747 746 
3791 200 696 208 444 
3792 422 590 321 327 
3793 465 705 227 466 
3794 128 502 711 127 
3795 289 693 290 277 
3796 824 34 186 251 
3797 274 569 192 564 
3798 259 258 347 553 
3799 857 537 75 476 
3800 769 541 77 635 
3801 703 813 817 232 
3802 563 190 276 571 
3803 527 617 701 526 
3804 473 541 724 540 
3805 347 258 346 553 
3806 504 617 701 527 
3807 122 422 88 634 
3808 592 750 334 741 
3809 587 413 625 736 
3810 566 656 295 577 
3811 461 596 720 716 
3812 529 393 392 616 
3813 522 521 191 570 
3814 170 161 160 671 
3815 162 169 672 161 
3816 669 159 160 171 
3817 160 170 671 171 
3818 168 169 670 162 
3819 161 169 672 170 
3820 691 146 288 147 
3821 146 287 145 694 
3822 146 287 694 288 
3823 288 289 691 147 
3824 145 286 692 287 
3825 289 693 147 148 
3826 116 130 115 712 
3827 118 128 117 711 
3828 115 131 710 130 
3829 129 117 713 116 
3830 116 130 712 129 
3831 117 129 713 128 
3832 706 514 513 467 
3833 514 705 515 466 
3834 706 514 467 466 
3835 512 469 707 468 
3836 512 468 704 513 
3837 513 468 704 467 
3838 133 127 502 660 
3839 277 290 576 293 
3840 459 465 227 714 
3841 500 501 846 529 
3842 245 387 858 244 
3843 345 344 854 346 
3844 218 217 838 193 
3845 261 260 349 557 
3846 138 118 774 933 
3847 354 552 48 518 
3848 735 319 320 848 
3849 840 100 101 543 
3850 455 684 456 844 
3851 734 318 317 760 
3852 458 457 764 685 
3853 361 852 362 719 
3854 542 105 104 780 
3855 255 254 654 776 
3856 479 674 756 480 
3857 486 673 485 752 
3858 774 418 325 333 
3859 405 762 407 382 
3860 634 425 88 122 
3861 299 144 310 583 
3862 680 491 511 444 
3863 114 732 530 422 
3864 172 378 643 433 
3865 703 227 460 465 
3866 468 230 469 707 
3867 506 130 710 131 
3868 505 129 712 130 
3869 273 287 692 286 
3870 288 289 275 691 
3871 262 349 555 261 
3872 347 260 554 348 
3873 191 523 572 190 
3874 396 395 628 525 
3875 524 523 189 571 
3876 262 556 350 922 
3877 211 36 646 213 
3878 745 97 673 485 
3879 744 674 96 480 
3880 542 104 5 547 
3881 548 101 3 543 
3882 317 585 29 734 
3883 31 586 319 735 
3884 654 254 38 563 
3885 719 78 361 594 
3886 729 530 422 934 
3887 757 43 216 447 
3888 487 511 488 754 
3889 144 113 112 842 
3890 124 114 123 862 
3891 179 850 180 172 
3892 498 766 499 525 
3893 778 195 189 194 
3894 472 473 672 161 
3895 472 471 161 671 
3896 558 249 57 610 
3897 240 56 611 559 
3898 18 337 748 739 
3899 13 740 749 343 
3900 655 564 46 256 
3901 359 593 80 718 
3902 506 141 659 131 
3903 286 292 273 575 
3904 347 348 554 595 
3905 833 62 835 929 
3906 215 646 43 757 
3907 534 728 418 933 
3908 369 301 394 629 
3909 9 114 119 934 
3910 114 422 530 934 
3911 555 350 593 349 
3912 583 300 145 309 
3913 148 581 303 306 
3914 301 146 582 308 
3915 147 307 584 302 
3916 147 581 307 302 
3917 301 146 308 584 
3918 582 145 300 309 
3919 441 681 514 494 
3920 442 513 682 493 
3921 683 441 514 494 
3922 513 442 683 493 
3923 682 492 512 443 
3924 680 512 492 443 
3925 495 440 681 515 
3926 733 117 533 419 
3927 730 533 117 419 
3928 421 115 732 531 
3929 418 534 118 730 
3930 731 420 116 532 
3931 420 733 116 532 
3932 115 421 731 531 
3933 645 430 381 169 
3934 429 168 382 642 
3935 642 381 430 169 
3936 431 645 380 170 
3937 380 431 170 644 
3938 644 432 171 379 
3939 432 643 171 379 
3940 835 365 556 929 
3941 648 443 201 521 
3942 626 69 156 781 
3943 93 753 647 209 
3944 797 403 373 931 
3945 219 272 568 909 
3946 135 401 785 615 
3947 349 262 607 261 
3948 192 520 521 649 
3949 162 672 473 161 
3950 161 471 160 671 
3951 191 570 192 565 
3952 381 606 625 408 
3953 182 849 61 602 
3954 627 68 841 152 
3955 677 674 96 744 
3956 97 673 676 745 
3957 542 5 545 547 
3958 546 548 3 543 
3959 738 29 585 734 
3960 31 586 735 737 
3961 719 721 78 594 
3962 38 658 654 563 
3963 419 323 420 592 
3964 289 576 276 277 
3965 659 130 505 506 
3966 570 191 192 521 
3967 137 418 635 87 
3968 349 260 348 557 
3969 418 325 332 774 
3970 407 762 406 382 
3971 178 63 761 603 
3972 490 758 515 489 
3973 782 109 108 148 
3974 118 138 774 139 
3975 762 175 176 168 
3976 251 391 250 770 
3977 350 358 665 357 
3978 321 862 326 422 
3979 411 378 850 415 
3980 103 842 299 371 
3981 303 111 367 782 
3982 758 213 440 204 
3983 200 754 207 444 
3984 454 496 701 662 
3985 739 748 18 742 
3986 740 743 13 749 
3987 559 56 611 561 
3988 558 57 562 610 
3989 718 593 80 722 
3990 655 46 564 657 
3991 262 349 350 555 
3992 119 114 120 934 
3993 189 523 190 571 
3994 613 612 389 539 
3995 68 904 841 151 
3996 291 273 838 574 
3997 132 502 621 766 
3998 698 651 203 441 
3999 306 148 693 290 
4000 286 310 144 692 
4001 670 429 168 163 
4002 172 669 159 433 
4003 131 114 710 530 
4004 491 511 469 707 
4005 127 118 534 711 
4006 705 495 515 465 
4007 576 289 290 277 
4008 534 418 118 933 
4009 126 125 127 933 
4010 259 379 605 410 
4011 631 370 393 300 
4012 203 651 523 441 
4013 631 301 394 369 
4014 456 94 700 684 
4015 685 458 95 699 
4016 114 530 131 934 
4017 359 360 663 718 
4018 343 342 740 860 
4019 739 337 772 336 
4020 559 856 240 241 
4021 248 249 558 768 
4022 256 655 836 257 
4023 98 107 550 544 
4024 252 566 656 295 
4025 355 596 720 461 
4026 114 862 422 934 
4027 12 634 122 425 
4028 246 612 243 560 
4029 750 536 334 741 
4030 413 587 315 736 
4031 726 472 161 725 
4032 472 727 161 725 
4033 210 887 93 753 
4034 177 761 63 826 
4035 181 61 849 872 
4036 155 781 69 804 
4037 365 234 835 551 
4038 606 260 380 409 
4039 648 202 442 522 
4040 534 118 127 933 
4041 118 10 126 933 
4042 611 613 388 538 
4043 262 349 607 350 
4044 408 381 606 261 
4045 302 368 395 629 
4046 307 691 289 147 
4047 288 308 146 691 
4048 692 309 145 287 
4049 694 145 309 287 
4050 289 693 307 147 
4051 694 308 146 288 
4052 169 672 430 162 
4053 670 169 430 162 
4054 161 672 431 170 
4055 171 160 669 432 
4056 671 160 171 432 
4057 431 161 170 671 
4058 711 128 117 533 
4059 532 713 116 129 
4060 712 532 116 129 
4061 115 531 712 130 
4062 513 493 706 467 
4063 494 705 514 466 
4064 494 514 706 466 
4065 713 117 128 533 
4066 493 513 704 467 
4067 531 115 710 130 
4068 468 704 492 512 
4069 468 492 707 512 
4070 324 323 419 592 
4071 659 130 506 131 
4072 193 217 838 574 
4073 440 214 758 204 
4074 200 208 754 444 
4075 422 321 862 327 
4076 299 842 102 371 
4077 303 367 110 782 
4078 411 378 414 850 
4079 569 193 192 564 
4080 620 846 501 529 
4081 191 566 190 572 
4082 299 841 103 633 
4083 213 653 757 440 
4084 131 120 114 934 
4085 482 675 483 747 
4086 415 378 849 609 
4087 127 118 126 933 
4088 652 207 753 444 
4089 303 632 111 781 
4090 608 761 405 382 
4091 290 306 690 277 
4092 534 709 127 502 
4093 227 703 495 465 
4094 621 499 766 525 
4095 196 926 567 932 
4096 557 348 349 596 
4097 667 429 474 163 
4098 577 289 276 275 
4099 129 661 505 504 
4100 474 541 769 770 
4101 678 495 52 703 
4102 306 67 580 690 
4103 89 728 534 709 
4104 667 640 84 429 
4105 55 491 679 702 
4106 668 83 641 433 
4107 66 689 310 579 
4108 90 708 530 729 
4109 774 118 418 933 
4110 528 394 393 618 
4111 778 189 573 194 
4112 161 471 472 726 
4113 472 727 473 161 
4114 635 137 87 416 
4115 260 380 409 605 
4116 522 202 442 651 
4117 574 217 837 923 
4118 858 470 537 857 
4119 203 695 698 441 
4120 324 419 589 592 
4121 625 622 381 408 
4122 563 190 571 189 
4123 396 395 525 619 
4124 689 286 273 310 
4125 708 131 506 530 
4126 469 702 491 231 
4127 160 471 161 726 
4128 727 162 473 161 
4129 765 499 621 924 
4130 661 659 130 505 
4131 276 576 289 577 
4132 861 123 121 934 
4133 367 110 597 303 
4134 371 102 299 598 
4135 159 470 668 433 
4136 701 496 454 686 
4137 282 567 777 197 
4138 398 142 845 614 
4139 773 136 138 933 
4140 395 394 526 617 
4141 220 271 568 837 
4142 615 402 134 765 
4143 192 520 569 521 
4144 845 620 501 927 
4145 288 289 577 275 
4146 129 661 130 505 
4147 365 62 358 929 
4148 723 538 471 726 
4149 649 201 443 521 
4150 9 917 913 934 
4151 520 192 569 193 
4152 528 394 618 527 
4153 215 43 646 212 
4154 777 194 573 926 
4155 163 724 474 184 
4156 10 787 791 933 
4157 196 799 35 932 
4158 196 35 194 932 
4159 294 290 277 293 
4160 132 127 502 133 
4161 227 460 465 459 
4162 135 785 16 924 
4163 474 163 184 183 
4164 203 523 650 441 
4165 393 370 630 300 
4166 574 837 568 923 
4167 473 540 724 727 
4168 529 393 616 528 
4169 567 777 196 282 
4170 845 398 614 143 
4171 271 568 837 219 
4172 402 615 135 765 
4173 236 556 551 366 
4174 410 259 379 604 
4175 17 137 635 416 
4176 526 394 527 617 
4177 614 620 845 927 
4178 525 395 628 526 
4179 286 273 292 291 
4180 131 506 141 140 
4181 469 519 518 231 
4182 261 408 381 607 
4183 395 368 302 628 
4184 96 756 744 480 
4185 485 745 97 752 
4186 840 101 3 548 
4187 547 104 5 780 
4188 611 856 56 240 
4189 772 18 337 748 
4190 610 249 57 768 
4191 343 749 13 860 
4192 319 586 31 848 
4193 29 585 317 760 
4194 563 254 38 776 
4195 564 836 46 256 
4196 80 663 593 359 
4197 78 852 361 594 
4198 470 159 165 723 
4199 227 350 262 556 
4200 567 777 573 926 
4201 159 164 470 165 
4202 50 556 225 236 
4203 678 449 447 815 
4204 500 844 700 847 
4205 764 767 498 699 
4206 616 620 392 529 
4207 817 50 703 232 
4208 597 110 2 780 
4209 840 102 1 598 
4210 768 724 33 184 
4211 856 165 26 723 
4212 201 443 697 696 
4213 590 421 322 591 
4214 573 571 524 189 
4215 290 693 306 277 
4216 502 127 534 711 
4217 495 705 227 465 
4218 429 670 474 163 
4219 552 853 353 925 
4220 574 569 193 520 
4221 209 647 40 207 
4222 156 111 7 626 
4223 178 405 30 603 
4224 32 182 602 415 
4225 627 103 4 152 
4226 912 729 920 934 
4227 287 309 694 274 
4228 691 289 276 307 
4229 693 276 289 307 
4230 310 286 273 692 
4231 692 309 287 274 
4232 694 308 288 275 
4233 275 308 288 691 
4234 532 713 129 504 
4235 711 503 128 533 
4236 710 506 131 530 
4237 713 128 503 533 
4238 129 712 532 504 
4239 130 710 531 505 
4240 130 531 712 505 
4241 229 706 493 467 
4242 705 494 228 466 
4243 230 468 704 492 
4244 491 469 231 707 
4245 229 493 704 467 
4246 230 468 492 707 
4247 228 494 706 466 
4248 443 697 648 201 
4249 379 623 624 410 
4250 574 193 217 923 
4251 414 623 73 848 
4252 406 72 622 760 
4253 133 764 15 660 
4254 659 19 141 844 
4255 459 663 81 714 
4256 852 519 82 715 
4257 860 74 590 327 
4258 772 76 332 589 
4259 41 696 752 208 
4260 44 214 756 695 
4261 59 836 292 575 
4262 776 576 58 293 
4263 619 621 525 396 
4264 258 231 346 553 
4265 728 786 794 933 
4266 449 43 678 447 
4267 470 159 669 433 
4268 496 701 497 686 
4269 802 803 284 690 
4270 509 915 914 708 
4271 709 507 789 788 
4272 668 868 869 437 
4273 822 823 435 667 
4274 884 885 702 238 
4275 235 835 551 556 
4276 353 344 60 925 
4277 472 672 431 161 
4278 671 471 160 432 
4279 473 670 430 162 
4280 473 430 672 162 
4281 161 431 472 671 
4282 669 160 471 432 
4283 679 452 55 888 
4284 805 67 580 311 
4285 386 640 84 827 
4286 83 641 384 873 
4287 729 90 916 428 
4288 89 424 728 790 
4289 525 395 526 619 
4290 262 350 227 555 
4291 703 814 813 232 
4292 621 499 525 924 
4293 689 280 64 900 
4294 329 634 330 870 
4295 274 570 192 521 
4296 121 913 920 934 
4297 349 228 261 557 
4298 551 365 51 366 
4299 529 501 620 927 
4300 284 65 802 690 
4301 702 48 884 238 
4302 507 709 86 788 
4303 509 914 85 708 
4304 92 868 668 437 
4305 435 91 822 667 
4306 916 90 708 510 
4307 709 508 89 790 
4308 690 67 805 285 
4309 55 888 239 702 
4310 667 84 827 434 
4311 668 873 83 436 
4312 9 119 917 934 
4313 729 920 88 427 
4314 728 423 87 794 
4315 312 804 69 580 
4316 93 451 679 887 
4317 383 641 61 872 
4318 385 63 640 826 
4319 572 522 191 275 
4320 618 394 504 527 
4321 554 348 260 229 
4322 135 16 499 924 
4323 52 450 678 816 
4324 233 816 52 703 
4325 66 281 689 903 
4326 51 236 551 366 
4327 190 276 523 572 
4328 230 347 259 554 
4329 794 787 136 933 
4330 553 347 259 230 
4331 297 579 68 904 
4332 579 298 66 903 
4333 299 630 371 598 
4334 624 605 379 410 
4335 189 573 194 926 
4336 10 791 126 933 
4337 522 570 191 275 
4338 504 394 617 527 
4339 229 348 260 557 
4340 526 619 699 525 
4341 700 529 616 528 
4342 312 800 804 580 
4343 826 640 385 819 
4344 641 383 865 872 
4345 881 679 451 887 
4346 912 920 729 427 
4347 423 728 786 794 
4348 228 261 555 349 
4349 661 129 662 504 
4350 577 578 288 275 
4351 716 229 717 467 
4352 195 563 38 776 
4353 218 836 46 564 
4354 856 56 244 611 
4355 250 610 57 768 
4356 139 18 772 748 
4357 840 3 112 548 
4358 124 13 749 860 
4359 744 756 96 489 
4360 586 180 31 848 
4361 487 97 745 752 
4362 585 29 176 760 
4363 5 108 547 780 
4364 80 663 357 593 
4365 78 345 852 594 
4366 660 128 503 662 
4367 575 287 578 274 
4368 230 468 715 717 
4369 579 297 896 904 
4370 302 368 629 600 
4371 446 646 445 211 
4372 370 631 601 300 
4373 66 689 579 903 
4374 302 597 368 600 
4375 598 370 601 300 
4376 903 281 689 899 
4377 901 689 280 899 
4378 166 92 23 164 
4379 183 91 25 185 
4380 197 22 65 294 
4381 132 86 14 134 
4382 354 48 79 518 
4383 142 85 11 140 
4384 816 678 52 703 
4385 220 271 837 219 
4386 282 777 196 197 
4387 134 402 135 765 
4388 845 142 398 143 
4389 442 202 697 698 
4390 591 592 420 323 
4391 380 625 409 624 
4392 579 298 903 896 
4393 523 276 190 571 
4394 814 816 233 703 
4395 274 192 569 521 
4396 70 397 911 930 
4397 366 556 551 664 
4398 380 625 606 409 
4399 456 700 94 844 
4400 458 764 95 699 
4401 442 202 648 697 
4402 551 365 366 664 
4403 526 617 503 395 
4404 9 121 123 934 
4405 452 679 881 888 
4406 580 800 805 311 
4407 827 386 640 819 
4408 865 384 641 873 
4409 728 424 786 790 
4410 916 912 729 428 
4411 618 505 393 528 
4412 10 138 136 933 
4413 815 678 450 816 
4414 605 380 409 624 
4415 160 723 471 726 
4416 724 162 473 727 
4417 353 853 223 354 
4418 698 442 202 651 
4419 630 370 598 300 
4420 635 824 339 340 
4421 67 805 580 690 
4422 888 55 679 702 
4423 827 640 84 667 
4424 873 83 641 668 
4425 708 90 916 729 
4426 89 728 709 790 
4427 410 379 623 604 
4428 650 695 203 441 
4429 407 608 405 382 
4430 9 913 121 934 
4431 552 223 853 354 
4432 88 920 729 934 
4433 10 136 787 933 
4434 304 627 4 152 
4435 602 182 32 266 
4436 371 299 103 633 
4437 440 213 653 204 
4438 647 205 882 439 
4439 805 803 690 285 
4440 888 885 239 702 
4441 667 827 823 434 
4442 668 869 873 436 
4443 411 378 415 609 
4444 728 794 87 933 
4445 708 915 916 510 
4446 709 508 790 789 
4447 313 156 7 626 
4448 438 647 40 209 
4449 603 364 820 929 
4450 376 305 897 627 
4451 352 866 602 265 
4452 603 364 269 820 
4453 603 30 178 270 
4454 920 88 121 934 
4455 505 616 393 528 
4456 207 652 200 444 
4457 367 632 111 303 
4458 503 619 526 395 
4459 87 794 136 933 
4460 298 579 297 896 
4461 12 330 634 425 
4462 810 646 188 932 
4463 703 233 814 232 
4464 446 188 810 646 
4465 223 853 353 552 
4466 427 729 912 428 
4467 424 423 728 786 
4468 580 312 800 311 
4469 679 451 452 881 
4470 641 383 384 865 
4471 386 385 640 819 
4472 835 365 551 556 
4473 690 803 284 285 
4474 702 885 239 238 
4475 508 709 507 789 
4476 708 509 915 510 
4477 869 668 437 436 
4478 823 435 667 434 
4479 449 678 450 815 
4480 844 700 94 500 
4481 764 498 95 699 
4482 769 477 185 478 
4483 166 475 857 476 
4484 88 861 121 934 
4485 87 136 773 933 
4486 365 551 556 664 
4487 281 280 689 899 
4488 833 268 62 929 
4489 524 189 653 926 
4490 221 909 37 928 
4491 20 400 911 930 
4492 340 17 635 416 
4493 198 35 799 932 
4494 374 796 372 931 
4495 193 574 520 923 
4496 264 880 60 935 
4497 392 529 620 927 
4498 330 12 634 328 
4499 525 396 621 924 
4500 271 64 220 568 
4501 68 627 304 152 
4502 61 182 602 266 
4503 402 86 615 134 
4504 524 573 189 926 
4505 282 65 567 197 
4506 438 93 647 209 
4507 313 69 156 626 
4508 85 142 398 614 
4509 603 178 63 270 
4510 552 48 223 354 
4511 606 408 261 349 
4512 151 841 68 152 
4513 781 69 156 155 
4514 773 136 87 137 
4515 88 122 121 861 
4516 216 215 43 757 
4517 93 210 753 209 
4518 177 63 761 178 
4519 181 849 61 182 
4520 330 328 634 329 
4521 53 267 834 929 
4522 363 825 820 929 
4523 192 201 649 521 
4524 857 75 167 166 
4525 185 769 77 186 
4526 47 909 222 928 
4527 797 375 404 931 
4528 607 261 408 349 
4529 353 224 223 552 
4530 568 271 272 219 
4531 615 135 401 402 
4532 911 399 70 930 
4533 886 206 882 928 
4534 39 199 799 932 
4535 196 283 567 282 
4536 398 614 143 397 
4537 17 340 635 338 
4538 363 268 825 929 
4539 797 796 375 931 
4540 831 267 53 929 
4541 187 811 810 932 
4542 49 880 263 935 
4543 262 407 350 607 
4544 653 189 524 204 
4545 902 377 897 930 
4546 525 396 367 628 
4547 47 222 892 928 
4548 886 221 206 928 
4549 338 635 339 340 
4550 526 368 395 628 
4551 351 866 871 935 
4552 372 7 626 314 
4553 811 187 198 932 
4554 399 908 70 930 
4555 71 403 785 931 
4556 185 77 769 478 
4557 199 39 812 932 
4558 857 75 166 476 
4559 400 377 902 930 
4560 877 49 263 935 
4561 871 264 351 935 
4562 51 234 365 551 
4563 4 305 627 304 
4564 32 602 266 265 
4565 270 603 30 269 
4566 438 40 647 439 
4567 7 313 626 314 
4568 646 446 36 211 
4569 403 71 373 931 
4570 374 375 796 931 
4571 4 305 376 627 
4572 352 602 32 265 
4573 205 647 40 439 
4574 30 603 364 269 
4575 364 363 820 929 
4576 446 36 188 646 
4577 187 810 188 932 
4578 62 268 363 929 
4579 221 37 206 928 
4580 35 198 187 932 
4581 20 377 400 930 
4582 60 351 264 935 
4583 236 51 551 226 
4584 817 813 703 237 
4585 407 30 405 608 
4586 830 818 828 168 
4587 828 821 830 168 
4588 36 653 213 204 
4589 417 77 635 341 
4590 371 4 633 103 
4591 410 409 624 605 
4592 409 408 625 606 
4593 875 172 864 876 
4594 875 867 172 876 
4595 891 890 879 511 
4596 891 883 890 511 
4597 609 32 415 411 
4598 202 201 648 697 
4599 200 40 652 207 
4600 896 905 579 898 
4601 905 689 907 901 
4602 907 689 895 901 
4603 144 905 906 898 
4604 906 905 144 894 
4605 806 801 808 148 
4606 798 806 808 148 
4607 7 632 111 367 
4608 368 369 629 600 
4609 75 426 634 331 
4610 53 262 608 922 
4611 53 556 262 922 
4612 47 574 568 923 
4613 47 520 574 923 
4614 16 525 499 924 
4615 60 344 346 925 
4616 60 346 351 925 
4617 351 346 411 925 
4618 39 573 524 926 
4619 39 524 653 926 
4620 392 620 70 927 
4621 206 37 193 928 
4622 358 62 350 929 
4623 358 350 922 929 
4624 363 350 62 929 
4625 20 529 377 930 
4626 71 396 632 931 
4627 71 621 396 931 
4628 189 194 35 932 
4629 189 926 194 932 
4630 35 187 189 932 
4631 189 187 188 932 
4632 793 795 784 933 
4633 795 792 784 933 
4634 910 921 919 934 
4635 918 921 910 934 
4636 633 371 377 376 
4637 897 627 377 376 
4638 627 633 377 376 
4639 653 188 189 204 
4640 448 814 678 815 
4641 448 678 814 703 
4642 816 678 814 815 
4643 816 814 678 703 
4644 349 409 260 606 
4645 349 260 409 348 
4646 192 202 521 191 
4647 522 521 202 191 
4648 522 202 521 648 
4649 286 907 905 689 
4650 286 905 907 894 
4651 348 260 410 347 
4652 259 260 410 605 
4653 259 410 260 347 
4654 203 523 191 190 
4655 71 615 785 401 
4656 200 192 520 193 
4657 200 520 192 649 
4658 635 636 391 541 
4659 635 391 636 325 
4660 932 653 189 926 
4661 932 189 653 188 
4662 395 368 394 629 
4663 395 394 368 526 
4664 527 368 394 526 
4665 347 258 411 346 
4666 929 364 350 922 
4667 929 350 364 363 
4668 527 394 370 528 
4669 393 394 370 631 
4670 393 370 394 528 
4671 8 898 144 906 
4672 144 898 8 113 
4673 190 204 523 189 
4674 524 523 204 189 
4675 524 204 523 650 
4676 410 411 259 604 
4677 410 259 411 347 
4678 258 259 411 604 
4679 258 411 259 347 
4680 294 802 290 22 
4681 807 290 802 22 
4682 874 868 159 23 
4683 164 159 868 23 
4684 183 822 163 25 
4685 829 163 822 25 
4686 792 127 788 14 
4687 918 914 131 11 
4688 140 131 914 11 
4689 889 884 469 79 
4690 518 469 884 79 
4691 203 204 523 190 
4692 203 523 204 650 
4693 42 883 511 890 
4694 42 511 883 488 
4695 28 821 168 175 
4696 168 821 28 828 
4697 867 24 172 179 
4698 172 24 867 875 
4699 801 6 148 806 
4700 801 148 6 109 
4701 39 812 646 446 
4702 39 646 812 932 
4703 810 646 812 446 
4704 810 812 646 932 
4705 392 371 393 529 
4706 392 393 371 630 
4707 528 393 371 529 
4708 39 932 653 646 
4709 653 932 39 926 
4710 371 370 393 528 
4711 371 393 370 630 
4712 639 637 389 539 
4713 639 389 637 323 
4714 151 113 144 841 
4715 151 144 113 898 
4716 579 904 144 841 
4717 579 144 904 898 
4718 904 151 144 841 
4719 904 144 151 898 
4720 488 210 511 883 
4721 488 511 210 753 
4722 679 511 887 883 
4723 679 887 511 753 
4724 511 210 887 883 
4725 511 887 210 753 
4726 109 155 148 781 
4727 109 148 155 801 
4728 580 148 804 781 
4729 580 804 148 801 
4730 148 155 804 781 
4731 148 804 155 801 
4732 175 177 168 761 
4733 168 177 175 821 
4734 826 640 168 761 
4735 168 640 826 821 
4736 177 826 168 761 
4737 168 826 177 821 
4738 181 179 172 849 
4739 172 179 181 867 
4740 172 641 872 849 
4741 872 641 172 867 
4742 181 172 872 849 
4743 872 172 181 867 
4744 609 411 351 352 
4745 638 637 388 322 
4746 638 388 637 538 
4747 903 579 899 689 
4748 903 899 579 896 
4749 905 899 579 689 
4750 905 579 899 896 
4751 603 364 922 608 
4752 922 364 603 929 
4753 922 53 603 608 
4754 603 53 922 929 
4755 219 923 909 568 
4756 206 652 200 205 
4757 636 639 390 540 
4758 390 639 636 324 
4759 366 460 556 664 
4760 556 460 366 237 
4761 634 638 387 321 
4762 634 387 638 537 
4763 820 603 831 269 
4764 820 831 603 929 
4765 53 831 603 269 
4766 53 603 831 929 
4767 53 556 834 235 
4768 53 834 556 929 
4769 835 834 556 235 
4770 835 556 834 929 
4771 186 77 635 769 
4772 635 77 186 341 
4773 167 75 634 331 
4774 634 75 167 857 
4775 647 882 892 439 
4776 892 47 647 439 
4777 627 897 908 305 
4778 908 70 627 305 
4779 602 866 877 265 
4780 877 49 602 265 
4781 64 273 900 278 
4782 64 900 273 689 
4783 143 927 397 614 
4784 70 397 927 614 
4785 70 927 397 930 
4786 708 916 934 729 
4787 912 916 934 919 
4788 912 934 916 729 
4789 709 933 790 728 
4790 786 790 933 728 
4791 786 933 790 793 
4792 590 422 322 421 
4793 590 322 422 321 
4794 638 322 422 421 
4795 638 422 322 321 
4796 567 196 799 283 
4797 799 196 567 932 
4798 799 39 567 283 
4799 567 39 799 932 
4800 197 567 294 65 
4801 197 294 567 777 
4802 573 294 567 65 
4803 573 567 294 777 
4804 620 614 140 85 
4805 620 140 614 845 
4806 142 140 614 85 
4807 142 614 140 845 
4808 185 477 474 91 
4809 474 477 185 769 
4810 474 183 185 91 
4811 185 183 474 769 
4812 164 166 470 857 
4813 164 470 166 92 
4814 475 470 166 857 
4815 475 166 470 92 
4816 369 600 301 629 
4817 301 600 369 599 
4818 466 714 227 465 
4819 601 369 301 631 
4820 601 301 369 599 
4821 925 411 258 346 
4822 557 466 714 228 
4823 714 466 557 716 
4824 229 706 466 228 
4825 466 706 229 467 
4826 466 557 229 228 
4827 228 227 714 555 
4828 714 227 228 466 
4829 765 615 132 134 
4830 765 132 615 621 
4831 86 132 615 134 
4832 86 615 132 621 
4833 411 623 378 604 
4834 411 378 623 414 
4835 715 230 469 468 
4836 695 204 440 650 
4837 695 440 204 214 
4838 502 128 660 127 
4839 659 528 616 505 
4840 616 528 659 700 
4841 526 660 619 503 
4842 526 619 660 699 
4843 925 258 853 346 
4844 925 853 258 552 
4845 231 853 258 346 
4846 231 258 853 552 
4847 273 575 287 286 
4848 609 935 258 49 
4849 552 258 935 49 
4850 552 935 258 925 
4851 573 294 778 777 
4852 778 294 573 277 
4853 620 140 846 506 
4854 846 140 620 845 
4855 448 465 54 463 
4856 353 552 880 224 
4857 49 880 552 224 
4858 49 552 880 935 
4859 497 661 686 701 
4860 497 686 661 453 
4861 71 373 626 314 
4862 372 626 373 314 
4863 569 574 838 273 
4864 569 838 574 193 
4865 785 924 404 16 
4866 785 404 924 931 
4867 621 619 766 502 
4868 621 766 619 525 
4869 620 616 846 529 
4870 620 846 616 506 
4871 571 573 778 189 
4872 571 778 573 277 
4873 829 832 163 818 
4874 822 832 163 829 
4875 822 163 832 667 
4876 382 407 381 622 
4877 382 381 407 607 
4878 408 381 407 622 
4879 408 407 381 607 
4880 186 769 824 251 
4881 186 824 769 635 
4882 541 769 391 635 
4883 391 34 824 251 
4884 769 391 824 251 
4885 769 824 391 635 
4886 795 933 788 792 
4887 127 933 788 709 
4888 127 788 933 792 
4889 921 914 934 918 
4890 131 934 914 918 
4891 131 914 934 708 
4892 857 537 387 634 
4893 469 893 889 879 
4894 159 878 874 864 
4895 878 868 159 874 
4896 878 159 868 668 
4897 893 884 469 889 
4898 469 884 893 702 
4899 368 367 302 628 
4900 368 302 367 597 
4901 303 302 367 628 
4902 303 367 302 597 
4903 807 809 290 798 
4904 802 809 290 807 
4905 290 809 802 690 
4906 538 388 539 613 
4907 538 539 388 637 
4908 389 539 388 613 
4909 389 388 539 637 
4910 444 200 443 649 
4911 444 443 200 696 
4912 201 443 200 649 
4913 201 200 443 696 
4914 262 608 350 407 
4915 262 350 608 922 
4916 364 350 608 407 
4917 364 608 350 922 
4918 928 47 520 652 
4919 520 47 928 923 
4920 70 392 930 633 
4921 70 930 392 927 
4922 37 193 923 217 
4923 923 193 37 928 
4924 923 219 37 217 
4925 928 193 520 923 
4926 143 20 927 501 
4927 529 927 20 501 
4928 529 20 927 930 
4929 930 529 392 927 
4930 632 71 373 626 
4931 632 373 71 931 
4932 372 632 373 626 
4933 372 373 632 931 
4934 7 632 372 626 
4935 785 924 621 931 
4936 785 71 621 615 
4937 621 71 785 931 
4938 369 368 394 527 
4939 369 394 368 629 
4940 201 202 521 192 
4941 201 521 202 648 
4942 370 369 394 527 
4943 370 394 369 631 
4944 409 410 260 605 
4945 409 260 410 348 
4946 522 202 523 191 
4947 522 523 202 651 
4948 203 523 202 191 
4949 203 202 523 651 
4950 789 790 933 793 
4951 933 790 789 709 
4952 933 795 789 793 
4953 916 915 934 919 
4954 916 934 915 708 
4955 921 934 915 919 
4956 813 448 465 54 
4957 813 465 448 703 
4958 460 813 465 54 
4959 460 465 813 703 
4960 237 813 460 54 
4961 237 460 813 703 
4962 387 329 870 634 
4963 870 329 387 27 
4964 396 525 931 924 
4965 391 339 824 34 
4966 824 339 391 635 
4967 931 375 525 374 
4968 231 230 715 553 
4969 715 230 231 469 
4970 715 519 231 553 
4971 231 519 715 469 
4972 274 273 575 287 
4973 274 575 273 569 
4974 502 503 660 128 
4975 502 660 503 619 
4976 404 16 931 375 
4977 404 931 16 924 
4978 525 931 16 375 
4979 525 16 931 924 
4980 193 206 652 200 
4981 652 206 193 928 
4982 652 520 193 200 
4983 193 520 652 928 
4984 529 377 633 371 
4985 633 377 529 930 
4986 633 392 529 371 
4987 529 392 633 930 
4988 633 377 897 627 
4989 633 897 377 930 
4990 908 633 897 627 
4991 908 897 633 930 
4992 70 633 908 627 
4993 70 908 633 930 
4994 273 900 895 689 
4995 273 286 895 291 
4996 895 286 273 689 
4997 278 279 273 900 
4998 278 273 279 291 
4999 895 273 279 900 
5000 895 279 273 291 
5001 367 396 931 632 
5002 931 396 367 525 
5003 931 374 367 632 
5004 367 374 931 525 
5005 652 47 892 928 
5006 652 892 47 647 
5007 882 652 892 928 
5008 882 892 652 647 
5009 206 652 882 928 
5010 802 290 65 294 
5011 802 65 290 690 
5012 277 65 290 294 
5013 277 290 65 690 
5014 470 159 92 164 
5015 470 92 159 668 
5016 868 92 159 164 
5017 868 159 92 668 
5018 822 163 91 183 
5019 822 91 163 667 
5020 474 91 163 183 
5021 474 163 91 667 
5022 788 86 127 709 
5023 502 86 127 132 
5024 502 127 86 709 
5025 127 14 86 788 
5026 86 14 127 132 
5027 506 131 85 140 
5028 506 85 131 708 
5029 914 85 131 140 
5030 914 131 85 708 
5031 231 469 48 518 
5032 231 48 469 702 
5033 884 48 469 518 
5034 884 469 48 702 
5035 220 568 291 837 
5036 574 291 568 837 
5037 609 49 877 935 
5038 609 877 49 602 
5039 866 609 877 935 
5040 866 877 609 602 
5041 351 609 866 935 
5042 352 866 609 602 
5043 352 609 866 351 
5044 278 273 220 64 
5045 278 220 273 291 
5046 568 220 574 64 
5047 568 574 220 291 
5048 220 273 574 64 
5049 220 574 273 291 
5050 909 47 923 928 
5051 568 909 47 923 
5052 568 47 909 272 
5053 923 909 37 219 
5054 923 37 909 928 
5055 205 882 652 647 
5056 205 652 882 206 
5057 372 374 632 7 
5058 632 374 372 931 
5059 229 466 716 557 
5060 716 466 229 467 
5061 351 935 411 609 
5062 351 411 935 925 
5063 258 411 935 609 
5064 258 935 411 925 
5065 552 880 925 353 
5066 552 925 880 935 
5067 60 925 880 353 
5068 60 880 925 935 
5069 830 818 163 832 
5070 163 818 830 168 
5071 163 667 830 832 
5072 830 667 163 168 
5073 769 391 770 541 
5074 769 770 391 251 
5075 933 788 789 795 
5076 933 789 788 709 
5077 914 934 915 921 
5078 914 915 934 708 
5079 857 634 870 167 
5080 870 634 857 387 
5081 870 27 245 167 
5082 245 27 870 387 
5083 857 870 245 167 
5084 245 870 857 387 
5085 387 857 858 537 
5086 858 857 387 245 
5087 879 891 469 893 
5088 879 469 891 511 
5089 702 469 891 893 
5090 702 891 469 511 
5091 864 876 159 878 
5092 864 159 876 172 
5093 668 159 876 878 
5094 668 876 159 172 
5095 808 798 290 809 
5096 290 798 808 148 
5097 290 690 808 809 
5098 808 690 290 148 
5099 20 927 911 143 
5100 20 911 927 930 
5101 397 911 927 143 
5102 397 927 911 930 
5103 621 785 135 924 
5104 135 785 621 615 
5105 135 765 621 924 
5106 621 765 135 615 
$EndElements
$Parametrizations
174 77
176
2
5.76148538650451 8.011485386504591 6 0
5.76148538650451 8.011485386504591 2 1
177
2
5.76148538650451 8.011485386504591 6 0
6.55698051533936 7.68198051533946 6 1
178
2
5.76148538650451 8.011485386504591 6 0
4.65663104090058 6.71913104090064 8 1
179
2
6.55698051533936 7.68198051533946 2 0
5.76148538650451 8.011485386504591 2 1
180
2
6.55698051533936 7.68198051533946 2 0
6.55698051533936 7.68198051533946 6 1
181
2
6.55698051533936 7.68198051533946 2 0
6.1150387770978 6.11503877709782 1.32185928869433e-15 1
182
2
5.76148538650451 8.011485386504591 2 0
4.65663104090058 6.71913104090064 1.32185928869433e-15 1
183
2
6.55698051533936 7.68198051533946 6 0
6.1150387770978 6.11503877709782 8 1
184
2
2.22595148057181 6.11503877709784 8 0
2.22595148057181 6.11503877709784 1.32185928869433e-15 1
185
2
2.22595148057181 6.11503877709784 8 0
2.71208739263758 6.31640286503209 8 1
186
2
2.22595148057181 6.11503877709784 8 0
1.62185921676905 4.65663104090063 8 1
187
2
2.22595148057181 6.11503877709784 8 0
0.659009742330237 6.55698051533944 6 1
188
2
2.71208739263758 6.31640286503209 1.33287478276678e-15 0
2.22595148057181 6.11503877709784 1.32185928869433e-15 1
189
2
2.71208739263758 6.31640286503209 1.33287478276678e-15 0
2.71208739263758 6.31640286503209 8 1
190
2
2.71208739263758 6.31640286503209 1.33287478276678e-15 0
2.5795048711651 8.011485386504541 2 1
191
2
2.71208739263758 6.31640286503209 1.33287478276678e-15 0
4.1704951288348 6.92049512883484 1.33287478276678e-15 1
192
2
2.22595148057181 6.11503877709784 1.32185928869433e-15 0
1.62185921676905 4.65663104090063 1.32185928869433e-15 1
193
2
2.22595148057181 6.11503877709784 1.32185928869433e-15 0
0.659009742330237 6.55698051533944 2 1
194
2
2.71208739263758 6.31640286503209 8 0
2.5795048711651 8.011485386504541 6 1
195
2
2.71208739263758 6.31640286503209 8 0
4.17049512883481 6.92049512883484 8 1
196
2
6.1150387770978 6.11503877709782 8 0
6.1150387770978 6.11503877709782 1.32185928869433e-15 1
197
2
6.1150387770978 6.11503877709782 8 0
6.31640286503206 5.62890286503204 8 1
198
2
6.1150387770978 6.11503877709782 8 0
4.65663104090058 6.71913104090064 8 1
199
2
6.1150387770978 6.11503877709782 1.32185928869433e-15 0
6.31640286503206 5.62890286503204 1.40998324127395e-15 1
200
2
6.1150387770978 6.11503877709782 1.32185928869433e-15 0
4.65663104090058 6.71913104090064 1.32185928869433e-15 1
201
2
2.02458739263755 2.71208739263759 8 0
2.22595148057181 2.22595148057182 8 1
202
2
2.02458739263755 2.71208739263759 8 0
2.02458739263755 2.71208739263759 1.23373533611471e-15 1
203
2
2.02458739263755 2.71208739263759 8 0
0.329504871165074 2.57950487116512 6 1
204
2
2.02458739263755 2.71208739263759 8 0
1.4204951288348 4.17049512883486 8 1
205
2
2.22595148057181 2.22595148057182 1.23373533611471e-15 0
2.22595148057181 2.22595148057182 8 1
206
2
2.22595148057181 2.22595148057182 1.23373533611471e-15 0
2.02458739263755 2.71208739263759 1.23373533611471e-15 1
207
2
2.22595148057181 2.22595148057182 1.23373533611471e-15 0
1.78400974233025 0.659009742330249 2 1
208
2
2.22595148057181 2.22595148057182 1.23373533611471e-15 0
3.68435921676903 1.62185921676907 1.23373533611471e-15 1
209
2
2.22595148057181 2.22595148057182 8 0
1.78400974233025 0.659009742330249 6 1
210
2
2.22595148057181 2.22595148057182 8 0
3.68435921676903 1.62185921676907 8 1
211
2
2.02458739263755 2.71208739263759 1.23373533611471e-15 0
0.329504871165074 2.57950487116512 2 1
212
2
2.02458739263755 2.71208739263759 1.23373533611471e-15 0
1.4204951288348 4.17049512883486 1.23373533611471e-15 1
213
2
6.9204951288349 4.17049512883482 1.40998324127395e-15 0
6.71913104090065 3.68435921676905 1.23373533611471e-15 1
214
2
6.9204951288349 4.17049512883482 1.40998324127395e-15 0
6.9204951288349 4.17049512883482 8 1
215
2
6.9204951288349 4.17049512883482 1.40998324127395e-15 0
8.34099025766961 4.96599025766965 2 1
216
2
6.9204951288349 4.17049512883482 1.40998324127395e-15 0
6.31640286503206 5.62890286503204 1.40998324127395e-15 1
217
2
6.9204951288349 4.17049512883482 1.40998324127395e-15 0
6.58049512883482 4.17049512883483 0 1
218
2
6.71913104090065 3.68435921676905 8 0
6.71913104090065 3.68435921676905 1.23373533611471e-15 1
219
2
6.71913104090065 3.68435921676905 8 0
6.9204951288349 4.17049512883482 8 1
220
2
6.71913104090065 3.68435921676905 8 0
8.01148538650463 2.57950487116508 6 1
221
2
6.71913104090065 3.68435921676905 8 0
6.11503877709771 2.22595148057182 8 1
222
2
6.71913104090065 3.68435921676905 1.23373533611471e-15 0
6.34253013224178 3.17049512883482 0 1
223
2
6.71913104090065 3.68435921676905 1.23373533611471e-15 0
8.01148538650463 2.57950487116508 2 1
224
2
6.71913104090065 3.68435921676905 1.23373533611471e-15 0
6.11503877709771 2.22595148057182 1.23373533611471e-15 1
225
2
6.9204951288349 4.17049512883482 8 0
8.34099025766961 4.96599025766965 6 1
226
2
6.9204951288349 4.17049512883482 8 0
6.31640286503206 5.62890286503204 8 1
227
2
6.9204951288349 4.17049512883482 8 0
6.58049512883482 4.17049512883483 8 1
228
3
5.17049512883476 1.99846012542783 8 0
4.79424902753187 1.84261388747816 8 1
4.17049512883481 1.76049512883482 8 2
229
2
5.17049512883476 1.99846012542783 0 0
4.79424902753187 1.84261388747816 0 1
230
2
5.17049512883476 1.99846012542783 0 0
5.17049512883476 1.99846012542783 8 1
231
2
5.17049512883476 1.99846012542783 0 0
5.17049512883476 3.17049512883482 0 1
232
2
4.79424902753187 1.84261388747816 0 0
4.17049512883481 1.76049512883482 0 1
233
2
4.79424902753187 1.84261388747816 0 0
5.62890286503194 2.02458739263758 1.23373533611471e-15 1
234
2
5.17049512883476 1.99846012542783 8 0
5.17049512883476 3.17049512883482 8 1
235
2
0 3.37499999999997 6 0
0.329504871165074 2.57950487116512 6 1
236
2
0 3.37499999999997 6 0
0 3.37499999999997 2 1
237
2
0 3.37499999999997 6 0
1.4204951288348 4.17049512883486 8 1
238
2
0.329504871165074 2.57950487116512 2 0
0.329504871165074 2.57950487116512 6 1
239
2
0.329504871165074 2.57950487116512 2 0
0 3.37499999999997 2 1
240
2
0 3.37499999999997 2 0
1.4204951288348 4.17049512883486 1.23373533611471e-15 1
241
2
8.34099025766961 4.96599025766965 2 0
8.34099025766961 4.96599025766965 6 1
242
2
8.34099025766961 4.96599025766965 2 0
8.011485386504541 5.7614853865045 2 1
243
2
8.34099025766961 4.96599025766965 6 0
8.011485386504541 5.7614853865045 6 1
244
2
4.17049512883481 1.76049512883482 8 0
4.17049512883481 1.76049512883482 0 1
245
2
4.17049512883481 1.76049512883482 8 0
4.17049512883481 1.42049512883481 8 1
246
3
4.17049512883481 1.76049512883482 8 0
3.54674123013774 1.84261388747816 8 1
3.17049512883476 1.99846012542784 8 2
247
2
4.17049512883481 1.76049512883482 0 0
4.17049512883481 1.42049512883481 1.23373533611471e-15 1
248
3
4.17049512883481 1.76049512883482 0 0
3.54674123013774 1.84261388747816 0 1
3.17049512883476 1.99846012542784 0 2
249
3
6.34253013224178 5.17049512883483 8 0
6.49837637019148 4.79424902753191 8 1
6.58049512883482 4.17049512883483 8 2
250
2
6.34253013224178 5.17049512883483 8 0
6.34253013224178 5.17049512883483 0 1
251
2
6.34253013224178 5.17049512883483 8 0
6.31640286503206 5.62890286503204 8 1
252
2
6.34253013224178 5.17049512883483 8 0
5.17049512883476 5.17049512883483 8 1
253
3
6.34253013224178 5.17049512883483 0 0
6.49837637019148 4.79424902753191 0 1
6.58049512883482 4.17049512883483 0 2
254
2
6.34253013224178 5.17049512883483 0 0
5.17049512883476 5.17049512883483 0 1
255
2
6.31640286503206 5.62890286503204 8 0
6.31640286503206 5.62890286503204 1.40998324127395e-15 1
256
2
6.31640286503206 5.62890286503204 8 0
8.011485386504541 5.7614853865045 6 1
257
2
8.011485386504541 5.7614853865045 2 0
6.31640286503206 5.62890286503204 1.40998324127395e-15 1
258
2
8.011485386504541 5.7614853865045 2 0
8.011485386504541 5.7614853865045 6 1
259
2
5.17049512883476 6.34253013224185 8 0
5.17049512883476 5.17049512883483 8 1
260
2
5.17049512883476 6.34253013224185 8 0
5.17049512883476 6.34253013224185 0 1
261
3
5.17049512883476 6.34253013224185 8 0
4.79424902753187 6.49837637019149 8 1
4.17049512883481 6.58049512883484 8 2
262
2
5.17049512883476 5.17049512883483 0 0
5.17049512883476 5.17049512883483 8 1
263
2
5.17049512883476 5.17049512883483 0 0
5.17049512883476 6.34253013224185 0 1
264
3
5.17049512883476 6.34253013224185 0 0
4.79424902753187 6.49837637019149 0 1
4.17049512883481 6.58049512883484 0 2
265
2
1.78400974233025 0.659009742330249 2 0
1.78400974233025 0.659009742330249 6 1
266
2
1.78400974233025 0.659009742330249 2 0
2.5795048711651 0.329504871165124 2 1
267
2
1.78400974233025 0.659009742330249 6 0
2.5795048711651 0.329504871165124 6 1
268
2
1.62185921676905 4.65663104090063 8 0
1.62185921676905 4.65663104090063 1.32185928869433e-15 1
269
2
1.62185921676905 4.65663104090063 8 0
0.329504871165074 5.76148538650459 6 1
270
2
1.62185921676905 4.65663104090063 8 0
1.4204951288348 4.17049512883486 8 1
271
2
1.62185921676905 4.65663104090063 8 0
1.84261388747814 3.54674123013775 8 1
272
2
0.329504871165074 5.76148538650459 2 0
1.62185921676905 4.65663104090063 1.32185928869433e-15 1
273
2
0.329504871165074 5.76148538650459 2 0
0.329504871165074 5.76148538650459 6 1
274
2
0.329504871165074 5.76148538650459 2 0
0.659009742330237 6.55698051533944 2 1
275
2
1.62185921676905 4.65663104090063 1.32185928869433e-15 0
1.4204951288348 4.17049512883486 1.23373533611471e-15 1
276
2
1.62185921676905 4.65663104090063 1.32185928869433e-15 0
1.84261388747814 3.54674123013775 0 1
277
2
0.329504871165074 5.76148538650459 6 0
0.659009742330237 6.55698051533944 6 1
278
2
4.17049512883481 1.42049512883481 8 0
4.96599025766957 0 6 1
279
2
4.17049512883481 1.42049512883481 8 0
4.17049512883481 1.42049512883481 1.23373533611471e-15 1
280
2
4.17049512883481 1.42049512883481 8 0
3.68435921676903 1.62185921676907 8 1
281
2
4.17049512883481 1.42049512883481 8 0
5.62890286503194 2.02458739263758 8 1
282
2
4.96599025766957 0 2 0
4.96599025766957 0 6 1
283
2
4.96599025766957 0 2 0
4.17049512883481 1.42049512883481 1.23373533611471e-15 1
284
2
4.96599025766957 0 2 0
5.76148538650442 0.329504871165124 2 1
285
2
4.96599025766957 0 6 0
5.76148538650442 0.329504871165124 6 1
286
2
4.17049512883481 1.42049512883481 1.23373533611471e-15 0
3.68435921676903 1.62185921676907 1.23373533611471e-15 1
287
2
4.17049512883481 1.42049512883481 1.23373533611471e-15 0
5.62890286503194 2.02458739263758 1.23373533611471e-15 1
288
2
4.65663104090058 6.71913104090064 1.32185928869433e-15 0
4.65663104090058 6.71913104090064 8 1
289
2
4.65663104090058 6.71913104090064 1.32185928869433e-15 0
4.17049512883481 6.58049512883484 0 1
290
2
4.65663104090058 6.71913104090064 1.32185928869433e-15 0
4.1704951288348 6.92049512883484 1.33287478276678e-15 1
291
2
4.65663104090058 6.71913104090064 8 0
4.17049512883481 6.92049512883484 8 1
292
2
3.17049512883476 1.99846012542784 8 0
3.17049512883476 1.99846012542784 0 1
293
2
3.17049512883476 1.99846012542784 8 0
3.17049512883476 3.17049512883482 8 1
294
2
3.17049512883476 1.99846012542784 0 0
3.17049512883476 3.17049512883482 0 1
295
2
1.4204951288348 4.17049512883486 8 0
1.4204951288348 4.17049512883486 1.23373533611471e-15 1
296
2
4.17049512883481 6.58049512883484 8 0
4.17049512883481 6.58049512883484 0 1
297
3
4.17049512883481 6.58049512883484 8 0
3.54674123013774 6.49837637019149 8 1
3.17049512883476 6.34253013224179 8 2
298
2
4.17049512883481 6.58049512883484 8 0
4.17049512883481 6.92049512883484 8 1
299
3
4.17049512883481 6.58049512883484 0 0
3.54674123013774 6.49837637019149 0 1
3.17049512883476 6.34253013224179 0 2
300
2
4.17049512883481 6.58049512883484 0 0
4.1704951288348 6.92049512883484 1.33287478276678e-15 1
301
2
3.68435921676903 1.62185921676907 1.23373533611471e-15 0
2.5795048711651 0.329504871165124 2 1
302
2
3.68435921676903 1.62185921676907 1.23373533611471e-15 0
3.68435921676903 1.62185921676907 8 1
303
2
2.5795048711651 0.329504871165124 6 0
2.5795048711651 0.329504871165124 2 1
304
2
2.5795048711651 0.329504871165124 6 0
3.68435921676903 1.62185921676907 8 1
305
4
1.99846012542783 5.17049512883483 0 0
1.84261388747814 4.79424902753191 0 1
1.76049512883479 4.17049512883483 0 2
1.84261388747814 3.54674123013775 0 3
306
2
1.99846012542783 5.17049512883483 0 0
1.99846012542783 5.17049512883483 8 1
307
2
1.99846012542783 5.17049512883483 0 0
3.17049512883476 5.17049512883483 0 1
308
4
1.99846012542783 5.17049512883483 8 0
1.84261388747814 4.79424902753191 8 1
1.76049512883479 4.17049512883483 8 2
1.84261388747814 3.54674123013775 8 3
309
2
1.99846012542783 5.17049512883483 8 0
3.17049512883476 5.17049512883483 8 1
310
2
3.17049512883476 3.17049512883482 0 0
3.17049512883476 3.17049512883482 8 1
311
2
3.17049512883476 3.17049512883482 0 0
1.99846012542783 3.17049512883482 0 1
312
2
3.17049512883476 3.17049512883482 8 0
1.99846012542783 3.17049512883482 8 1
313
3
6.34253013224178 3.17049512883482 8 0
6.49837637019148 3.54674123013775 8 1
6.58049512883482 4.17049512883483 8 2
314
2
6.34253013224178 3.17049512883482 0 0
6.34253013224178 3.17049512883482 8 1
315
3
6.34253013224178 3.17049512883482 0 0
6.49837637019148 3.54674123013775 0 1
6.58049512883482 4.17049512883483 0 2
316
2
6.34253013224178 3.17049512883482 0 0
5.62890286503194 2.02458739263758 1.23373533611471e-15 1
317
2
6.34253013224178 3.17049512883482 0 0
5.17049512883476 3.17049512883482 0 1
318
2
6.34253013224178 3.17049512883482 8 0
5.17049512883476 3.17049512883482 8 1
319
2
2.5795048711651 8.011485386504541 6 0
2.5795048711651 8.011485386504541 2 1
320
2
2.5795048711651 8.011485386504541 6 0
3.37499999999995 8.34099025766967 6 1
321
2
2.5795048711651 8.011485386504541 2 0
3.37499999999995 8.34099025766967 2 1
322
2
5.76148538650442 0.329504871165124 2 0
5.62890286503194 2.02458739263758 1.23373533611471e-15 1
323
2
5.76148538650442 0.329504871165124 2 0
5.76148538650442 0.329504871165124 6 1
324
2
5.62890286503194 2.02458739263758 1.23373533611471e-15 0
6.11503877709771 2.22595148057182 1.23373533611471e-15 1
325
2
5.62890286503194 2.02458739263758 1.23373533611471e-15 0
5.62890286503194 2.02458739263758 8 1
326
2
1.99846012542783 3.17049512883482 8 0
1.99846012542783 3.17049512883482 0 1
327
2
1.99846012542783 3.17049512883482 8 0
1.84261388747814 3.54674123013775 8 1
328
2
1.99846012542783 3.17049512883482 0 0
1.84261388747814 3.54674123013775 0 1
329
2
8.01148538650463 2.57950487116508 2 0
7.68198051533946 1.78400974233023 2 1
330
2
8.01148538650463 2.57950487116508 2 0
8.01148538650463 2.57950487116508 6 1
331
2
7.68198051533946 1.78400974233023 6 0
7.68198051533946 1.78400974233023 2 1
332
2
7.68198051533946 1.78400974233023 6 0
8.01148538650463 2.57950487116508 6 1
333
2
7.68198051533946 1.78400974233023 6 0
6.11503877709771 2.22595148057182 8 1
334
2
7.68198051533946 1.78400974233023 2 0
6.11503877709771 2.22595148057182 1.23373533611471e-15 1
335
2
5.17049512883476 3.17049512883482 8 0
5.17049512883476 3.17049512883482 0 1
336
2
3.37499999999995 8.34099025766967 2 0
3.37499999999995 8.34099025766967 6 1
337
2
3.37499999999995 8.34099025766967 2 0
4.1704951288348 6.92049512883484 1.33287478276678e-15 1
338
2
3.37499999999995 8.34099025766967 6 0
4.17049512883481 6.92049512883484 8 1
339
2
3.17049512883476 6.34253013224179 0 0
3.17049512883476 6.34253013224179 8 1
340
2
3.17049512883476 6.34253013224179 0 0
3.17049512883476 5.17049512883483 0 1
341
2
3.17049512883476 6.34253013224179 8 0
3.17049512883476 5.17049512883483 8 1
342
2
6.11503877709771 2.22595148057182 8 0
6.11503877709771 2.22595148057182 1.23373533611471e-15 1
343
2
6.11503877709771 2.22595148057182 8 0
5.62890286503194 2.02458739263758 8 1
344
2
5.62890286503194 2.02458739263758 8 0
5.76148538650442 0.329504871165124 6 1
345
2
6.58049512883482 4.17049512883483 8 0
6.58049512883482 4.17049512883483 0 1
346
2
4.1704951288348 6.92049512883484 1.33287478276678e-15 0
4.17049512883481 6.92049512883484 8 1
347
2
3.17049512883476 5.17049512883483 8 0
3.17049512883476 5.17049512883483 0 1
348
2
0.659009742330237 6.55698051533944 6 0
0.659009742330237 6.55698051533944 2 1
349
2
1.84261388747814 3.54674123013775 8 0
1.84261388747814 3.54674123013775 0 1
2
4 2
5.76148538650451 8.011485386504591 6 1 0 0.5867723072421831 0.04347779672125242 0.1593873140592699 -0.0361755666795336 -0.02713973686756177 0.1405808035676371
6.55698051533936 7.68198051533946 2 -1 1.224646799147353e-16 0.3856032368437113 -0.5351856667388578 0.1101925577638054 -0.009199911734305772 -0.04633760058225215 -0.1928597026018689
5.76148538650451 8.011485386504591 2 -0.8491240330053007 -0.5281935029634623 0.6597088723868659 -0.03463940787167817 0.03133260534963279 -0.004774011224728576 0.07862640808270055 0.1874414755924035
6.55698051533936 7.68198051533946 6 0.8491240330053007 0.5281935029634622 0.4626443194080604 -0.4856862162828434 0.09313066690964966 -0.05926923773939197 -0.02951432597141158 0.1405109109900113
0 1 2
1 0 3
3
4 2
2.22595148057181 6.11503877709784 8 1 0 -0.9199397442197896 0.756906499349734 -0.9192175595373328 -0.2006935858373327 -0.1597096541912456 0.06934237721435446
2.71208739263758 6.31640286503209 1.33287478276678e-15 -1 1.010643099614861e-15 0.3696345286216151 -0.6286848852700859 -0.7289825806606051 -0.03363932622172672 -0.02973549529168698 0.008587310754550395
2.22595148057181 6.11503877709784 1.32185928869433e-15 -0.9812637090217041 -0.1926694925434964 1.357725660003189 -1.347745575672082 -1.035980131442902 -0.2574577056672433 -0.2330763086674397 -0.03419888902704772
2.71208739263758 6.31640286503209 8 0.9812637090217039 0.1926694925434975 -0.6653682383934456 0.7008635594459734 -0.6844585748107935 -0.08259445394573951 -0.07601905090691276 0.002449737325717982
0 1 2
1 0 3
4
4 2
6.55698051533936 7.68198051533946 2 1 0 0.3856032368437113 -0.5351856667388578 0.1101925577638054 -0.009199911734305772 -0.04633760058225215 -0.1928597026018689
6.1150387770978 6.11503877709782 8 -0.7435706762279353 0.6686573483137167 1.963494610163555 2.305079983549808 -1.612720086181425 -0.3600142018455423 0.4406951671378225 0.1915717838189806
6.1150387770978 6.11503877709782 1.32185928869433e-15 0.5862390013631091 -0.8101381569095388 -1.213697291585451 -1.2157801976134 -1.03569005517928 -0.1820331436054399 0.2107220486922748 -0.03404354464114567
6.55698051533936 7.68198051533946 6 0.1057947010921376 0.9943879933008167 0.4626443194080604 -0.4856862162828434 0.09313066690964966 -0.05926923773939197 -0.02951432597141158 0.1405109109900113
0 1 2
1 0 3
5
4 2
2.02458739263755 2.71208739263759 8 1 0 0.9932933034277621 0.6742470009648883 1.02133957182011 -0.1007458286387392 0.1216556243189907 0.01766720646630152
2.22595148057181 2.22595148057182 1.23373533611471e-15 -1 1.224646799147353e-16 -0.36191522561259 -0.5803051518831801 0.5526852671971193 -0.09999989165954618 0.09675490117030418 0.03610713990817999
2.22595148057181 2.22595148057182 8 0.9812637090217036 -0.1926694925434994 0.6179219952500811 0.7747455623872113 0.6549870526958504 -0.0188145027000957 0.02548366636357695 -0.01239331731374809
2.02458739263755 2.71208739263759 1.23373533611471e-15 -0.9812637090217036 0.1926694925434993 1.308532144728715 0.9790843870205908 -0.9359742191731107 -0.05996500940392679 0.07728228210413064 -0.002991820186026758
0 1 2
1 0 3
6
4 2
6.9204951288349 4.17049512883482 1.40998324127395e-15 1 0 2.875689150967697 1.007872265761941 1.606072816605012 -0.007021748376695659 0.05091043310561195 -0.01937573914186937
6.71913104090065 3.68435921676905 8 -1 1.224646799147353e-16 2.392816304378997 -1.140694431214289 -1.88580530012783 -0.03420499005202571 -0.1422020558974504 0.04261459832379769
6.71913104090065 3.68435921676905 1.23373533611471e-15 0.9812637090217039 -0.1926694925434976 3.174402746022067 -1.084678083935168 1.553300756547299 0.04013002160646682 0.1495962770330868 0.02245215693328489
6.9204951288349 4.17049512883482 8 -0.9812637090217038 0.192669492543498 2.838908376945382 0.8586996326989432 -1.267158720433566 0.005468132337501814 -0.0543625853325465 -0.02458855773630476
0 1 2
1 0 3
7
6 4
4.79424902753187 1.84261388747816 8 1 0 -0.7088223130043253 1.582158961787613 -1.709033641774198 -0.4794088739489848 -0.1826770670754662 0.02971945483066357
5.17049512883476 1.99846012542783 0 -0.9761747274250544 0.2169859477860738 0.5653795553672117 -0.7266853982347614 -0.9687404734720637 -0.5505888949961935 -0.6067573744950696 0.1338129491061197
4.79424902753187 1.84261388747816 0 -0.9970259913718945 0.07706602707348335 1.157890918448067 -1.785648255284647 -1.978614435108853 -0.455782303659783 -0.1947882926962231 -0.09093374232065442
4.17049512883481 1.76049512883482 8 0.9761747274250544 -0.2169859477860739 0.3507505905445866 1.779085934971704 -1.748604895169213 -0.342719666375729 0.0267982802945595 -0.04148031497534582
4.17049512883481 1.76049512883482 0 -0.9899938202898008 -0.1411107217329908 -0.2208552044573947 -1.758151502021021 -1.752719401818648 -0.3285294422015873 0.0279216503151325 0.01338887768509884
5.17049512883476 1.99846012542783 8 0.9899938202898008 0.1411107217329914 -0.9336066259805721 0.8714775740449238 -1.048011353896158 -0.6336910317722961 -0.7751196234554687 -0.08003846775577707
0 1 2
2 3 0
3 2 4
1 0 5
8
4 2
0 3.37499999999997 6 1 0 -0.0997061768132728 0.7344634583816709 -0.01411963687361325 -0.05456946383449768 -0.01063567966700474 -0.167894222918026
0.329504871165074 2.57950487116512 2 -1 1.224646799147353e-16 0.4805496295809803 -0.4049382303640888 0.1265980969001411 0.0497537108558531 -0.0002350532174711993 -0.189610349158075
0.329504871165074 2.57950487116512 6 0.8491240330053073 -0.5281935029634517 0.3619449363257252 -0.3635292755098615 -0.06920567116861689 -0.05017805238201004 -0.01736783979069487 -0.1711994632521627
0 3.37499999999997 2 -0.8491240330053068 0.5281935029634524 0.1594023987900115 0.6536054062307791 -0.02442070513026507 0.06240355208063278 -0.02190855981512225 -0.1790397623615451
0 1 2
1 0 3
9
4 2
8.34099025766961 4.96599025766965 2 0.5862390013631344 0.8101381569095205 -0.175212181282013 -0.6823223334313039 -0.04887307749073089 -0.05894855019491464 0.02755103069899362 -0.1733097223827988
6.9204951288349 4.17049512883482 8 -0.9776149624416592 -0.2104019610417004 2.838908376945382 0.8586996326989432 -1.267158720433566 0.005468132337501814 -0.0543625853325465 -0.02458855773630476
6.9204951288349 4.17049512883482 1.40998324127395e-15 1 0 2.875689150967697 1.007872265761941 1.606072816605012 -0.007021748376695659 0.05091043310561195 -0.01937573914186937
8.34099025766961 4.96599025766965 6 -0.7435706762279282 0.6686573483137246 0.08674119188651207 -0.7403857687290689 0.0270878455280863 0.05534155610249773 0.0004016089148458052 -0.1662386551698748
0 1 2
1 0 3
10
6 4
6.34253013224178 5.17049512883483 8 1 0 2.504949719267165 0.8171474400339758 1.377651201094135 0.171180969300369 -0.3267390598334987 -0.1174504363385177
6.49837637019148 4.79424902753191 0 -0.9761747274250532 0.2169859477860795 -2.090300048269234 -0.196524884790497 3.055426692097101 0.1645778299102691 -0.6758731476877148 0.06912001975678589
6.49837637019148 4.79424902753191 8 0.989993820289799 -0.1411107217330039 1.880467540145746 -0.008685007985529236 2.730247190249216 0.1290919803693762 -0.8677259276554409 -0.09167282958208472
6.58049512883482 4.17049512883483 0 -1 1.224646799147353e-16 1.662494903072313 -0.2821898596788711 -1.635994306088859 0.02146365015767794 0.3340944439602607 -0.03581605085915684
6.58049512883482 4.17049512883483 8 0.9357879039758679 -0.3525634677224116 1.699067301898395 -0.323117933282112 1.698589996751872 -0.04892857933711522 -0.4169334924423531 -0.03036974149893559
6.34253013224178 5.17049512883483 0 -0.9357879039758681 0.352563467722411 3.905423683764519 1.527131012675419 -1.429919939372992 -0.0804211741196017 0.1685154841378632 -0.03967602281619784
0 1 2
3 2 1
2 3 4
1 0 5
11
4 2
6.31640286503206 5.62890286503204 8 1 0 0.6816485855712707 0.4486211106034544 -1.116742723029663 -0.2080038091965278 0.22825421313638 -0.03526850269347409
8.011485386504541 5.7614853865045 2 -0.7461864478022588 0.6657370239938942 0.4590111332697102 -0.3873058906705191 -0.1234388337754086 0.04393360265399943 -0.000633843297076761 0.1653572329003942
6.31640286503206 5.62890286503204 1.40998324127395e-15 -0.9741953372459048 -0.2257065459581041 1.090371442848349 0.6890947278037447 1.181952725023232 -0.06161385267778696 0.08410144579032176 0.00780752254601354
8.011485386504541 5.7614853865045 6 0.5766701539629553 0.8169770703810123 0.3441017687185345 -0.3565245669515239 0.09491860488653732 -0.04129598547136727 -0.007307917028173109 0.1222581147474411
0 1 2
1 0 3
12
4 2
5.17049512883476 6.34253013224185 8 1 0 0.620049787484024 0.5554013028367163 0.9136376429443899 -0.7629547305212132 0.9977527171121483 -0.0887477011258466
5.17049512883476 5.17049512883483 0 -1 1.224646799147353e-16 -0.1843626299744601 -0.09678741375965651 0.2811500437341163 -0.09222678158123035 0.1135974612469388 -0.02137067966570839
5.17049512883476 5.17049512883483 8 0.9204977932304985 -0.3907477609120523 0.1543237359958012 0.007763182446740666 0.1620869184425418 0.05606940973838673 -0.1044506805495457 -0.04838127081115894
5.17049512883476 6.34253013224185 0 -0.9204977932304986 0.3907477609120522 1.080842529798028 0.7246173110502082 -1.081961080764957 -0.9659301179983532 1.44275771501853 0.001320623850177407
0 1 2
1 0 3
13
4 2
2.22595148057181 2.22595148057182 8 -0.9776149624416536 -0.2104019610417268 0.6179219952500811 0.7747455623872113 0.6549870526958504 -0.0188145027000957 0.02548366636357695 -0.01239331731374809
1.78400974233025 0.659009742330249 2 0.5862390013631182 0.8101381569095322 -0.3778353873373128 0.5230018905191451 0.1124870843726161 0.007565487238490698 0.04288528801553557 -0.1739806664523771
1.78400974233025 0.659009742330249 6 -0.7435706762279326 0.6686573483137197 0.466190890827435 -0.4715970546968798 -0.06424480006198385 -0.06926857431477572 -0.04396051475412387 -0.1799480903356263
2.22595148057181 2.22595148057182 1.23373533611471e-15 1 0 -0.36191522561259 -0.5803051518831801 0.5526852671971193 -0.09999989165954618 0.09675490117030418 0.03610713990817999
0 1 2
1 0 3
14
4 2
1.62185921676905 4.65663104090063 8 1 0 3.371726681435958 -0.656889522085766 2.751181669591359 -0.006287951462809964 -0.09256502790902346 -0.0143951755945531
0.329504871165074 5.76148538650459 2 -0.7461864478022585 0.6657370239938946 -0.008489475241320958 0.6432193649466934 -0.05069987079656294 0.05640413217900698 -0.0153124042401996 -0.2037101131139426
1.62185921676905 4.65663104090063 1.32185928869433e-15 -0.9741953372459056 -0.2257065459581011 4.571306367441837 -0.3598240966203755 -2.257561908492359 0.001735085830477249 0.03076156533590982 -0.001389615735853151
0.329504871165074 5.76148538650459 6 0.5766701539629577 0.8169770703810105 0.02961523707805751 0.5221862182825538 -0.01954098260950822 -0.07875040497412417 -0.002573467376353086 -0.1881195630686653
0 1 2
1 0 3
15
4 2
4.17049512883481 1.42049512883481 8 1 0 -0.5376251278074847 1.652875337643257 1.286218208732206 -0.01806167050356543 0.001531869257483307 -0.009518133661901055
4.96599025766957 0 2 -0.74357067622793 -0.6686573483137225 0.6293834620766122 -0.102595191901658 -0.1045357493249688 -0.02495324152815361 0.0380897352986428 -0.18761984653212
4.96599025766957 0 6 0.5862390013631279 -0.8101381569095253 0.6765043837236202 -0.006711947288552911 -0.07191467790247001 -0.01937997695964418 -0.07795110949405236 -0.1750329139862756
4.17049512883481 1.42049512883481 1.23373533611471e-15 -0.9776149624416568 0.2104019610417119 0.2882180090711908 -1.868382918339753 1.205833636695137 -0.2390510560689876 -0.009050047294167115 0.04311528895019928
0 1 2
1 0 3
16
4 2
5.76148538650451 8.011485386504591 6 1 0 0.5867723072421831 0.04347779672125242 0.1593873140592699 -0.0361755666795336 -0.02713973686756177 0.1405808035676371
4.65663104090058 6.71913104090064 1.32185928869433e-15 -0.7461864478022565 0.6657370239938969 -0.8098131343362626 -2.245485262973463 -1.633113940799046 -0.1261429679563747 0.01525954076925928 0.04156914997914987
4.65663104090058 6.71913104090064 8 0.5766701539629631 -0.8169770703810068 0.5583792662747498 1.603638186201739 -2.039966990273565 -0.01180750180817153 0.002712439729803659 -0.00109967086643882
5.76148538650451 8.011485386504591 2 0.1135884297674997 0.9935278902089029 0.6597088723868659 -0.03463940787167817 0.03133260534963279 -0.004774011224728576 0.07862640808270055 0.1874414755924035
0 1 2
1 0 3
17
6 4
3.17049512883476 1.99846012542784 8 0.9357879039758638 -0.3525634677224224 0.1700058795332658 1.571511529044826 -1.124634433216899 -0.1556254798868845 0.0829391018257237 0.09237002271453325
3.54674123013774 1.84261388747816 0 -0.9899938202897967 0.1411107217330201 -0.1627474149894193 -1.933967466871515 -2.818366152295054 -0.7080162492314507 0.1700244199808529 -0.07578642055071939
3.17049512883476 1.99846012542784 0 -1 5.66553889764798e-16 -0.9305030616870531 -2.786317752292979 -1.286937703191992 -0.07092166580607641 0.03395275052003913 -0.02223132034262221
3.54674123013774 1.84261388747816 8 0.976174727425054 -0.2169859477860757 0.2487119314504762 1.726752729472699 -2.589688261903565 -0.7701218384776297 0.1517992826738027 0.02725476144265431
4.17049512883481 1.76049512883482 0 -0.9357879039758639 0.3525634677224223 -0.2208552044573947 -1.758151502021021 -1.752719401818648 -0.3285294422015873 0.0279216503151325 0.01338887768509884
4.17049512883481 1.76049512883482 8 1 0 0.3507505905445866 1.779085934971704 -1.748604895169213 -0.342719666375729 0.0267982802945595 -0.04148031497534582
0 1 2
1 0 3
3 4 1
4 3 5
18
4 2
0 3.37499999999997 2 0.1057947010921281 -0.9943879933008178 0.1594023987900115 0.6536054062307791 -0.02442070513026507 0.06240355208063278 -0.02190855981512225 -0.1790397623615451
1.4204951288348 4.17049512883486 8 0.58623900136312 0.8101381569095309 1.030740049756421 0.5068333119578042 0.674318487984124 0.001856508088806186 -0.08458642570348807 0.06073931202536834
1.4204951288348 4.17049512883486 1.23373533611471e-15 -0.7435706762279325 -0.6686573483137198 -1.143515219571808 -0.3192245967268458 1.166149576602245 -0.003692408697027454 -0.03350715991891777 -0.0127930717069558
0 3.37499999999997 6 1 0 -0.0997061768132728 0.7344634583816709 -0.01411963687361325 -0.05456946383449768 -0.01063567966700474 -0.167894222918026
0 1 2
1 0 3
19
6 4
4.17049512883481 6.58049512883484 8 1 0 0.1283995211175323 0.8259195449809466 1.219900782882156 -0.319636574677157 0.005906360125625365 0.02964421808739718
3.54674123013774 6.49837637019149 0 -0.9899938202897962 -0.1411107217330229 -0.2407788828153102 -1.950385539536553 2.757161365713907 -1.07116241291097 -0.1162684297918299 -0.1757900568650843
4.17049512883481 6.58049512883484 0 -0.9357879039758626 -0.3525634677224254 -0.233868788554279 -1.742548217767309 1.737815810351182 -0.4067323021728413 0.03632237844523281 -0.01831522924389394
3.54674123013774 6.49837637019149 8 0.9761747274250541 0.2169859477860753 -0.06349941370838545 1.81766856555583 2.608810206037566 -0.7830567038218839 -0.174748230373613 0.1026946011723999
3.17049512883476 6.34253013224179 0 -1 -3.216245299353273e-16 -0.09157689752632137 -2.235349908193987 1.292381446122894 -0.06021422864159115 -0.02184475171546165 -0.04205019822177749
3.17049512883476 6.34253013224179 8 0.9357879039758629 0.3525634677224247 -0.9291355170093412 3.078872043525158 1.376402383341626 -0.05318823519543811 -0.02374147817483074 0.01720274194806037
0 1 2
1 0 3
3 4 1
4 3 5
20
4 2
3.68435921676903 1.62185921676907 1.23373533611471e-15 1 0 -1.054543533982282 -2.402538870255567 1.902435487170114 -0.1451568347018235 0.03151639498323393 -0.04066095169705943
2.5795048711651 0.329504871165124 6 -0.7461864478022566 -0.6657370239938967 0.5945570053724234 0.04754925747541128 -0.1400122983034405 -0.0410678732480871 -0.03515862951005252 -0.186333334846857
2.5795048711651 0.329504871165124 2 0.5766701539629637 -0.8169770703810063 0.6477533124394063 -0.03826968301137228 -0.02056907037293603 -0.001169262760696388 0.0693442853729562 -0.1658401466074323
3.68435921676903 1.62185921676907 8 -0.9741953372459076 0.2257065459580922 0.9349278255670306 2.82931549535903 1.658958458720985 -0.06090312690260472 0.01617367997131336 0.006738917775005326
0 1 2
1 0 3
21
4 2
4.17049512883481 1.42049512883481 8 1 0 -0.5376251278074847 1.652875337643257 1.286218208732206 -0.01806167050356543 0.001531869257483307 -0.009518133661901055
3.68435921676903 1.62185921676907 1.23373533611471e-15 -1 1.224646799147353e-16 -1.054543533982282 -2.402538870255567 1.902435487170114 -0.1451568347018235 0.03151639498323393 -0.04066095169705943
4.17049512883481 1.42049512883481 1.23373533611471e-15 -0.981263709021703 -0.1926694925435021 0.2882180090711908 -1.868382918339753 1.205833636695137 -0.2390510560689876 -0.009050047294167115 0.04311528895019928
3.68435921676903 1.62185921676907 8 0.981263709021703 0.1926694925435021 0.9349278255670306 2.82931549535903 1.658958458720985 -0.06090312690260472 0.01617367997131336 0.006738917775005326
0 1 2
1 0 3
22
6 4
4.79424902753187 6.49837637019149 8 0.9899938202898013 0.1411107217329875 1.755731866766398 2.698274589960643 2.243372276921927 -0.5242096341565485 0.2563533252244063 0.1019268618061972
4.17049512883481 6.58049512883484 0 -1 1.224646799147353e-16 -0.233868788554279 -1.742548217767309 1.737815810351182 -0.4067323021728413 0.03632237844523281 -0.01831522924389394
4.79424902753187 6.49837637019149 0 -0.9761747274250543 -0.2169859477860745 -1.02477352038595 -1.6306895560424 1.849315890703105 -0.5184957247340898 0.2418558608217088 -0.074053796606455
5.17049512883476 6.34253013224185 8 1 0 0.620049787484024 0.5554013028367163 0.9136376429443899 -0.7629547305212132 0.9977527171121483 -0.0887477011258466
5.17049512883476 6.34253013224185 0 -0.9357879039758756 -0.3525634677223909 1.080842529798028 0.7246173110502082 -1.081961080764957 -0.9659301179983532 1.44275771501853 0.001320623850177407
4.17049512883481 6.58049512883484 8 0.9357879039758756 0.352563467722391 0.1283995211175323 0.8259195449809466 1.219900782882156 -0.319636574677157 0.005906360125625365 0.02964421808739718
0 1 2
2 3 0
3 2 4
1 0 5
23
8 6
1.99846012542783 5.17049512883483 0 1 0 0.5271262335754018 -0.5396612018585828 1.233181741150182 -1.259392082743934 -0.9349316792462097 0.1291879746331861
1.84261388747814 4.79424902753191 8 -0.9175279174896069 0.3976713726523259 1.430889807594979 -1.072732202704014 -1.674547097444577 -0.3591988459356867 -0.6887253910024944 0.1342714925977039
1.84261388747814 4.79424902753191 0 0.9912522055038293 -0.1319813058118236 1.676651850374965 -1.362226596662867 1.916851367106476 0.3306331665354332 0.658814767079921 0.1789905536815123
1.76049512883479 4.17049512883483 8 -0.9791649292865853 0.2030665931540596 -3.27520429226989 -0.1895870649698412 4.858403659438297 0.003905541209059225 0.321678786746559 0.01518556043208996
1.76049512883479 4.17049512883483 0 0.943798401576098 -0.3305216743004949 2.898661125267761 -0.04258150101821983 4.308015015672623 -0.007721663887404965 0.3011791079536457 0.008172475095076341
1.84261388747814 3.54674123013775 8 -1 1.224646799147353e-16 4.049094765092283 0.8025225371495012 -3.071599168939129 0.03319924850895409 -0.1607985931435162 0.001752314708711719
1.84261388747814 3.54674123013775 0 0.8570163847762746 -0.5152891578764339 3.472337114825464 0.6335804070142339 2.606573364461982 -0.07264433579809572 0.3176061862846592 0.01957227342712028
1.99846012542783 5.17049512883483 8 -0.8570163847762747 0.5152891578764338 -0.8210594684587706 1.2815621860956 1.265277420071833 -1.501585031761766 -0.9787778794123485 0.0169718596705257
0 1 2
3 2 1
2 3 4
5 4 3
4 5 6
1 0 7
24
4 2
3.17049512883476 3.17049512883482 0 -1 1.224646799147353e-16 -0.2317524150601304 -0.3307997876035649 -0.3750348017757963 -0.02282182875868602 0.01893003690674312 -0.00259452790129527
3.17049512883476 1.99846012542784 8 1 0 0.1700058795332658 1.571511529044826 -1.124634433216899 -0.1556254798868845 0.0829391018257237 0.09237002271453325
3.17049512883476 1.99846012542784 0 -0.9204977932305033 0.3907477609120411 -0.9305030616870531 -2.786317752292979 -1.286937703191992 -0.07092166580607641 0.03395275052003913 -0.02223132034262221
3.17049512883476 3.17049512883482 8 0.9204977932305037 -0.39074776091204 0.3538906532599883 0.4534285868264657 -0.2691064133621513 -0.03712562092952525 0.03032172009639775 0.002267966944375831
0 1 2
1 0 3
25
6 4
6.49837637019148 3.54674123013775 8 1 0 2.022343003920938 -0.3557426952855792 3.030275804009825 -0.1607466191347761 -0.5934014543352722 0.03761590536040076
6.34253013224178 3.17049512883482 0 -0.9761747274250534 -0.2169859477860784 1.622895871853671 -0.6954210450518671 -0.984362974765553 0.1117198154373668 0.179014405090914 0.05772184048615577
6.34253013224178 3.17049512883482 8 0.9899938202897984 -0.1411107217330074 2.530626949796419 -1.217325635268137 1.005292607754237 -0.01201202887874554 -0.02120815026348372 0.00455662259385552
6.49837637019148 3.54674123013775 0 -0.9970259913718954 -0.0770660270734716 -1.723914673976321 0.3980386975230503 2.633626969537041 -0.1422762774747258 -0.6340590539980033 0.002698893044031069
6.58049512883482 4.17049512883483 8 0.9761747274250533 0.2169859477860789 1.699067301898395 -0.323117933282112 1.698589996751872 -0.04892857933711522 -0.4169334924423531 -0.03036974149893559
6.58049512883482 4.17049512883483 0 -0.9899938202897984 0.1411107217330073 1.662494903072313 -0.2821898596788711 -1.635994306088859 0.02146365015767794 0.3340944439602607 -0.03581605085915684
0 1 2
1 0 3
4 3 0
3 4 5
26
4 2
8.011485386504541 5.7614853865045 2 0.8491240330053073 0.5281935029634517 0.4590111332697102 -0.3873058906705191 -0.1234388337754086 0.04393360265399943 -0.000633843297076761 0.1653572329003942
8.34099025766961 4.96599025766965 6 -0.8491240330053073 -0.5281935029634518 0.08674119188651207 -0.7403857687290689 0.0270878455280863 0.05534155610249773 0.0004016089148458052 -0.1662386551698748
8.34099025766961 4.96599025766965 2 1 0 -0.175212181282013 -0.6823223334313039 -0.04887307749073089 -0.05894855019491464 0.02755103069899362 -0.1733097223827988
8.011485386504541 5.7614853865045 6 -1 1.224646799147353e-16 0.3441017687185345 -0.3565245669515239 0.09491860488653732 -0.04129598547136727 -0.007307917028173109 0.1222581147474411
0 1 2
1 0 3
27
4 2
2.5795048711651 8.011485386504541 6 -0.7461864478022578 -0.6657370239938953 0.4058044810563345 0.4762975923649771 0.1471123211556223 0.004001564919828409 0.05114108265788742 -0.1766148974640203
2.71208739263758 6.31640286503209 1.33287478276678e-15 1 0 0.3696345286216151 -0.6286848852700859 -0.7289825806606051 -0.03363932622172672 -0.02973549529168698 0.008587310754550395
2.71208739263758 6.31640286503209 8 -0.9741953372459061 0.2257065459580987 -0.6653682383934456 0.7008635594459734 -0.6844585748107935 -0.08259445394573951 -0.07601905090691276 0.002449737325717982
2.5795048711651 8.011485386504541 2 0.5766701539629594 -0.8169770703810093 0.4024751054753177 0.3353438840293906 -0.02329045760341269 -0.03914451445448698 0.05864610403705347 0.1679623386426845
0 1 2
1 0 3
28
4 2
5.76148538650442 0.329504871165124 2 0.7597970323834999 -0.6501603414398841 0.4771605079420319 0.4161914731417152 -0.006193613009422463 -0.04923725331278726 0.05384443014891328 -0.1750965219489525
4.17049512883481 1.42049512883481 1.23373533611471e-15 -0.5219280587593333 0.8529895084230016 0.2882180090711908 -1.868382918339753 1.205833636695137 -0.2390510560689876 -0.009050047294167115 0.04311528895019928
5.62890286503194 2.02458739263758 1.23373533611471e-15 -0.9621699514266147 -0.2724499670980086 0.7422056778453754 -1.383964879005387 1.210840367366937 -0.187572590647668 -0.1435668103368173 -0.04911793751925182
4.96599025766957 0 2 1 0 0.6293834620766122 -0.102595191901658 -0.1045357493249688 -0.02495324152815361 0.0380897352986428 -0.18761984653212
0 1 2
1 0 3
29
4 2
1.99846012542783 3.17049512883482 8 -1 1.224646799147353e-16 0.6143609646722095 0.4873910031892535 -1.241502986028133 -0.7931776906705592 0.6338810042497025 -0.1436561286119408
3.17049512883476 3.17049512883482 0 1 0 -0.2317524150601304 -0.3307997876035649 -0.3750348017757963 -0.02282182875868602 0.01893003690674312 -0.00259452790129527
1.99846012542783 3.17049512883482 0 0.9204977932305092 0.3907477609120271 -1.044634659381419 -1.047190314935297 -1.206524639874307 -0.7113930762374455 0.6057663080497514 0.09017076765968569
3.17049512883476 3.17049512883482 8 -0.9204977932305094 -0.3907477609120266 0.3538906532599883 0.4534285868264657 -0.2691064133621513 -0.03712562092952525 0.03032172009639775 0.002267966944375831
0 1 2
1 0 3
30
4 2
8.01148538650463 2.57950487116508 2 1 0 0.009316770927056201 -0.6553258866759226 -0.04922034165797591 -0.05170096412992031 0.01329652123338201 -0.1868178947308805
7.68198051533946 1.78400974233023 6 -1 1.224646799147353e-16 -0.4777197701502731 -0.5646411007106794 -0.07535344585152513 0.03336386284266425 -0.008374384131089981 -0.1487663276482163
7.68198051533946 1.78400974233023 2 0.849124033005296 -0.5281935029634698 0.5766650741195317 0.2564425547785878 -0.05418542594593462 -0.02709526397094976 0.02714685058790948 -0.1598821922297702
8.01148538650463 2.57950487116508 6 -0.8491240330052963 0.5281935029634693 -0.03141742640850265 -0.5417863704377514 -0.01862085952898514 0.06794593959074434 0.001641841008566385 -0.1624099914941273
0 1 2
1 0 3
31
4 2
5.17049512883476 3.17049512883482 8 -1 1.224646799147353e-16 0.251096899181733 -0.08092462209506851 0.3320215212768015 -0.07529064563062735 -0.1063174049694379 0.03102675933881057
6.34253013224178 3.17049512883482 0 1 0 1.622895871853671 -0.6954210450518671 -0.984362974765553 0.1117198154373668 0.179014405090914 0.05772184048615577
5.17049512883476 3.17049512883482 0 0.9204977932304987 0.3907477609120519 0.1543237359958049 -0.007763182446735094 -0.1620869184425399 0.05606940973839108 0.1044506805495589 0.04838127081116785
6.34253013224178 3.17049512883482 8 -0.9204977932304985 -0.3907477609120523 2.530626949796419 -1.217325635268137 1.005292607754237 -0.01201202887874554 -0.02120815026348372 0.00455662259385552
0 1 2
1 0 3
32
4 2
2.5795048711651 8.011485386504541 6 1 0 0.4058044810563345 0.4762975923649771 0.1471123211556223 0.004001564919828409 0.05114108265788742 -0.1766148974640203
3.37499999999995 8.34099025766967 2 -1 5.66553889764798e-16 0.7272217567805389 0.06549119230073293 0.09790989248189708 -0.02763959658610339 0.03562105046905287 0.1814653296970344
2.5795048711651 8.011485386504541 2 -0.8491240330053014 -0.5281935029634612 0.4024751054753177 0.3353438840293906 -0.02329045760341269 -0.03914451445448698 0.05864610403705347 0.1679623386426845
3.37499999999995 8.34099025766967 6 0.8491240330053009 0.528193502963462 0.6613179335785212 -0.1720148197307993 0.05319951059111425 -0.03034196936643212 -0.06091209353776285 0.180225449186543
0 1 2
1 0 3
33
4 2
6.34253013224178 5.17049512883483 8 1 0 2.504949719267165 0.8171474400339758 1.377651201094135 0.171180969300369 -0.3267390598334987 -0.1174504363385177
5.17049512883476 5.17049512883483 0 -1 1.224646799147353e-16 -0.1843626299744601 -0.09678741375965651 0.2811500437341163 -0.09222678158123035 0.1135974612469388 -0.02137067966570839
6.34253013224178 5.17049512883483 0 -0.9204977932304985 -0.3907477609120523 3.905423683764519 1.527131012675419 -1.429919939372992 -0.0804211741196017 0.1685154841378632 -0.03967602281619784
5.17049512883476 5.17049512883483 8 0.9204977932304987 0.3907477609120519 0.1543237359958012 0.007763182446740666 0.1620869184425418 0.05606940973838673 -0.1044506805495457 -0.04838127081115894
0 1 2
1 0 3
34
4 2
6.11503877709771 2.22595148057182 8 -1 1.224646799147353e-16 -0.5435827711470924 0.271584166813448 0.6410995315632857 -0.1023698623856145 -0.07874497364050229 -0.05344038442373137
5.62890286503194 2.02458739263758 1.23373533611471e-15 1 0 0.7422056778453754 -1.383964879005387 1.210840367366937 -0.187572590647668 -0.1435668103368173 -0.04911793751925182
6.11503877709771 2.22595148057182 1.23373533611471e-15 0.9812637090217041 0.1926694925434961 0.6522149740725173 -0.5637205695784488 0.7394525002638279 -0.1585966204251557 -0.1412339347197461 0.03221656096376897
5.62890286503194 2.02458739263758 8 -0.9812637090217042 -0.192669492543496 -0.9846096144161972 1.368026335316712 0.8098428782102566 -0.01697390557551815 -0.01265481445230093 0.0007402038488887105
0 1 2
1 0 3
35
4 2
6.1150387770978 6.11503877709782 1.32185928869433e-15 -0.981263709021703 -0.1926694925435021 -1.213697291585451 -1.2157801976134 -1.03569005517928 -0.1820331436054399 0.2107220486922748 -0.03404354464114567
6.31640286503206 5.62890286503204 8 0.981263709021703 0.1926694925435022 0.6816485855712707 0.4486211106034544 -1.116742723029663 -0.2080038091965278 0.22825421313638 -0.03526850269347409
6.31640286503206 5.62890286503204 1.40998324127395e-15 -1 1.224646799147353e-16 1.090371442848349 0.6890947278037447 1.181952725023232 -0.06161385267778696 0.08410144579032176 0.00780752254601354
6.1150387770978 6.11503877709782 8 1 0 1.963494610163555 2.305079983549808 -1.612720086181425 -0.3600142018455423 0.4406951671378225 0.1915717838189806
0 1 2
1 0 3
36
4 2
1.62185921676905 4.65663104090063 8 1 0 3.371726681435958 -0.656889522085766 2.751181669591359 -0.006287951462809964 -0.09256502790902346 -0.0143951755945531
1.4204951288348 4.17049512883486 1.23373533611471e-15 -1 1.224646799147353e-16 -1.143515219571808 -0.3192245967268458 1.166149576602245 -0.003692408697027454 -0.03350715991891777 -0.0127930717069558
1.4204951288348 4.17049512883486 8 0.9812637090217037 -0.1926694925434985 1.030740049756421 0.5068333119578042 0.674318487984124 0.001856508088806186 -0.08458642570348807 0.06073931202536834
1.62185921676905 4.65663104090063 1.32185928869433e-15 -0.9812637090217038 0.192669492543498 4.571306367441837 -0.3598240966203755 -2.257561908492359 0.001735085830477249 0.03076156533590982 -0.001389615735853151
0 1 2
1 0 3
37
4 2
6.71913104090065 3.68435921676905 8 1 0 2.392816304378997 -1.140694431214289 -1.88580530012783 -0.03420499005202571 -0.1422020558974504 0.04261459832379769
8.01148538650463 2.57950487116508 2 -0.7461864478022583 0.6657370239938949 0.009316770927056201 -0.6553258866759226 -0.04922034165797591 -0.05170096412992031 0.01329652123338201 -0.1868178947308805
6.71913104090065 3.68435921676905 1.23373533611471e-15 -0.9741953372459051 -0.2257065459581028 3.174402746022067 -1.084678083935168 1.553300756547299 0.04013002160646682 0.1495962770330868 0.02245215693328489
8.01148538650463 2.57950487116508 6 0.5766701539629565 0.8169770703810114 -0.03141742640850265 -0.5417863704377514 -0.01862085952898514 0.06794593959074434 0.001641841008566385 -0.1624099914941273
0 1 2
1 0 3
38
4 2
4.1704951288348 6.92049512883484 1.33287478276678e-15 0.5862390013631199 -0.8101381569095309 0.7064095978233376 -2.321116303065522 -1.624313691624204 -0.06908476037865857 -0.002178153030063082 -0.02693223083185085
3.37499999999995 8.34099025766967 6 0.1057947010921293 0.9943879933008177 0.6613179335785212 -0.1720148197307993 0.05319951059111425 -0.03034196936643212 -0.06091209353776285 0.180225449186543
4.17049512883481 6.92049512883484 8 -0.7435706762279332 0.668657348313719 -0.4526957118374291 3.846452460450077 -1.379220870756727 -0.1452404079901924 -0.007249516128336075 0.02745375417136266
3.37499999999995 8.34099025766967 2 1 0 0.7272217567805389 0.06549119230073293 0.09790989248189708 -0.02763959658610339 0.03562105046905287 0.1814653296970344
0 1 2
1 0 3
39
4 2
5.17049512883476 3.17049512883482 8 -1 1.224646799147353e-16 0.251096899181733 -0.08092462209506851 0.3320215212768015 -0.07529064563062735 -0.1063174049694379 0.03102675933881057
5.17049512883476 1.99846012542783 0 1 0 0.5653795553672117 -0.7266853982347614 -0.9687404734720637 -0.5505888949961935 -0.6067573744950696 0.1338129491061197
5.17049512883476 1.99846012542783 8 -0.9204977932305022 0.3907477609120436 -0.9336066259805721 0.8714775740449238 -1.048011353896158 -0.6336910317722961 -0.7751196234554687 -0.08003846775577707
5.17049512883476 3.17049512883482 0 0.9204977932305024 -0.3907477609120433 0.1543237359958049 -0.007763182446735094 -0.1620869184425399 0.05606940973839108 0.1044506805495589 0.04838127081116785
0 1 2
1 0 3
40
4 2
3.17049512883476 6.34253013224179 0 1 0 -0.09157689752632137 -2.235349908193987 1.292381446122894 -0.06021422864159115 -0.02184475171546165 -0.04205019822177749
3.17049512883476 5.17049512883483 8 -1 1.224646799147353e-16 -0.2529733736545242 0.2941155571635413 0.3647259538787102 -0.008961514718454348 -0.008275269635826069 0.0004574967217521869
3.17049512883476 5.17049512883483 0 0.9204977932305055 -0.3907477609120359 0.4268175075898482 -0.3545039938934785 0.2604405004944415 0.06379806379189305 0.07425190308430857 -0.003484613097471851
3.17049512883476 6.34253013224179 8 -0.9204977932305055 0.3907477609120358 -0.9291355170093412 3.078872043525158 1.376402383341626 -0.05318823519543811 -0.02374147817483074 0.01720274194806037
0 1 2
1 0 3
41
4 2
5.62890286503194 2.02458739263758 1.23373533611471e-15 0.5766701539629587 0.8169770703810099 0.7422056778453754 -1.383964879005387 1.210840367366937 -0.187572590647668 -0.1435668103368173 -0.04911793751925182
5.76148538650442 0.329504871165124 6 0.1135884297675028 -0.9935278902089025 -0.3883433172369943 -0.4572956193650773 0.135060490274978 -0.003189654024816049 -0.05507987526990193 -0.1956639313772158
5.76148538650442 0.329504871165124 2 1 0 0.4771605079420319 0.4161914731417152 -0.006193613009422463 -0.04923725331278726 0.05384443014891328 -0.1750965219489525
5.62890286503194 2.02458739263758 8 -0.7461864478022584 -0.6657370239938947 -0.9846096144161972 1.368026335316712 0.8098428782102566 -0.01697390557551815 -0.01265481445230093 0.0007402038488887105
0 1 2
1 0 3
42
4 2
5.76148538650442 0.329504871165124 6 -1 1.224646799147353e-16 -0.3883433172369943 -0.4572956193650773 0.135060490274978 -0.003189654024816049 -0.05507987526990193 -0.1956639313772158
4.96599025766957 0 2 1 0 0.6293834620766122 -0.102595191901658 -0.1045357493249688 -0.02495324152815361 0.0380897352986428 -0.18761984653212
5.76148538650442 0.329504871165124 2 0.8491240330053014 0.5281935029634612 0.4771605079420319 0.4161914731417152 -0.006193613009422463 -0.04923725331278726 0.05384443014891328 -0.1750965219489525
4.96599025766957 0 6 -0.8491240330053016 -0.5281935029634608 0.6765043837236202 -0.006711947288552911 -0.07191467790247001 -0.01937997695964418 -0.07795110949405236 -0.1750329139862756
0 1 2
1 0 3
43
4 2
2.02458739263755 2.71208739263759 8 1 0 0.9932933034277621 0.6742470009648883 1.02133957182011 -0.1007458286387392 0.1216556243189907 0.01766720646630152
0.329504871165074 2.57950487116512 2 -0.7461864478022592 0.6657370239938939 0.4805496295809803 -0.4049382303640888 0.1265980969001411 0.0497537108558531 -0.0002350532174711993 -0.189610349158075
2.02458739263755 2.71208739263759 1.23373533611471e-15 -0.9741953372459047 -0.2257065459581045 1.308532144728715 0.9790843870205908 -0.9359742191731107 -0.05996500940392679 0.07728228210413064 -0.002991820186026758
0.329504871165074 2.57950487116512 6 0.5766701539629557 0.8169770703810119 0.3619449363257252 -0.3635292755098615 -0.06920567116861689 -0.05017805238201004 -0.01736783979069487 -0.1711994632521627
0 1 2
1 0 3
44
4 2
3.17049512883476 5.17049512883483 8 -1 1.224646799147353e-16 -0.2529733736545242 0.2941155571635413 0.3647259538787102 -0.008961514718454348 -0.008275269635826069 0.0004574967217521869
1.99846012542783 5.17049512883483 0 1 0 0.5271262335754018 -0.5396612018585828 1.233181741150182 -1.259392082743934 -0.9349316792462097 0.1291879746331861
3.17049512883476 5.17049512883483 0 0.9204977932305092 0.3907477609120271 0.4268175075898482 -0.3545039938934785 0.2604405004944415 0.06379806379189305 0.07425190308430857 -0.003484613097471851
1.99846012542783 5.17049512883483 8 -0.9204977932305094 -0.3907477609120266 -0.8210594684587706 1.2815621860956 1.265277420071833 -1.501585031761766 -0.9787778794123485 0.0169718596705257
0 1 2
1 0 3
45
4 2
2.5795048711651 0.329504871165124 6 -1 1.224646799147353e-16 0.5945570053724234 0.04754925747541128 -0.1400122983034405 -0.0410678732480871 -0.03515862951005252 -0.186333334846857
1.78400974233025 0.659009742330249 2 1 0 -0.3778353873373128 0.5230018905191451 0.1124870843726161 0.007565487238490698 0.04288528801553557 -0.1739806664523771
2.5795048711651 0.329504871165124 2 0.8491240330053013 0.5281935029634613 0.6477533124394063 -0.03826968301137228 -0.02056907037293603 -0.001169262760696388 0.0693442853729562 -0.1658401466074323
1.78400974233025 0.659009742330249 6 -0.8491240330053011 -0.5281935029634616 0.466190890827435 -0.4715970546968798 -0.06424480006198385 -0.06926857431477572 -0.04396051475412387 -0.1799480903356263
0 1 2
1 0 3
46
4 2
0.659009742330237 6.55698051533944 6 -1 1.224646799147353e-16 0.4879620969872921 0.5713565852773067 -0.0596022751808369 -0.03690302675297547 0.013071535839905 -0.176818254097964
0.329504871165074 5.76148538650459 2 1 0 -0.008489475241320958 0.6432193649466934 -0.05069987079656294 0.05640413217900698 -0.0153124042401996 -0.2037101131139426
0.329504871165074 5.76148538650459 6 -0.849124033005297 0.5281935029634682 0.02961523707805751 0.5221862182825538 -0.01954098260950822 -0.07875040497412417 -0.002573467376353086 -0.1881195630686653
0.659009742330237 6.55698051533944 2 0.8491240330052969 -0.5281935029634683 0.6064522765125631 0.2687416100275629 0.05305876336056908 -0.03091289056076144 0.03249727476567498 0.1887308010567721
0 1 2
1 0 3
47
4 2
7.68198051533946 1.78400974233023 2 0.1057947010921493 -0.9943879933008155 0.5766650741195317 0.2564425547785878 -0.05418542594593462 -0.02709526397094976 0.02714685058790948 -0.1598821922297702
6.11503877709771 2.22595148057182 8 0.5862390013630943 0.8101381569095496 -0.5435827711470924 0.271584166813448 0.6410995315632857 -0.1023698623856145 -0.07874497364050229 -0.05344038442373137
6.11503877709771 2.22595148057182 1.23373533611471e-15 -0.7435706762279396 -0.6686573483137119 0.6522149740725173 -0.5637205695784488 0.7394525002638279 -0.1585966204251557 -0.1412339347197461 0.03221656096376897
7.68198051533946 1.78400974233023 6 1 0 -0.4777197701502731 -0.5646411007106794 -0.07535344585152513 0.03336386284266425 -0.008374384131089981 -0.1487663276482163
0 1 2
1 0 3
48
4 2
0.659009742330237 6.55698051533944 2 -0.7435706762279334 -0.6686573483137188 0.6064522765125631 0.2687416100275629 0.05305876336056908 -0.03091289056076144 0.03249727476567498 0.1887308010567721
2.22595148057181 6.11503877709784 8 1 0 -0.9199397442197896 0.756906499349734 -0.9192175595373328 -0.2006935858373327 -0.1597096541912456 0.06934237721435446
2.22595148057181 6.11503877709784 1.32185928869433e-15 -0.9776149624416529 0.2104019610417297 1.357725660003189 -1.347745575672082 -1.035980131442902 -0.2574577056672433 -0.2330763086674397 -0.03419888902704772
0.659009742330237 6.55698051533944 6 0.5862390013631164 -0.8101381569095336 0.4879620969872921 0.5713565852773067 -0.0596022751808369 -0.03690302675297547 0.013071535839905 -0.176818254097964
0 1 2
1 0 3
49
4 2
8.01148538650463 2.57950487116508 6 -0.5539177101087175 -0.832571420616823 -0.03141742640850265 -0.5417863704377514 -0.01862085952898514 0.06794593959074434 0.001641841008566385 -0.1624099914941273
6.11503877709771 2.22595148057182 8 0.2697865314397938 0.9629201563232983 -0.5435827711470924 0.271584166813448 0.6410995315632857 -0.1023698623856145 -0.07874497364050229 -0.05344038442373137
7.68198051533946 1.78400974233023 6 -0.9621699514265855 -0.2724499670981116 -0.4777197701502731 -0.5646411007106794 -0.07535344585152513 0.03336386284266425 -0.008374384131089981 -0.1487663276482163
6.71913104090065 3.68435921676905 8 1 0 2.392816304378997 -1.140694431214289 -1.88580530012783 -0.03420499005202571 -0.1422020558974504 0.04261459832379769
0 1 2
1 0 3
50
4 2
1.84261388747814 3.54674123013775 0 -1 1.224646799147353e-16 3.472337114825464 0.6335804070142339 2.606573364461982 -0.07264433579809572 0.3176061862846592 0.01957227342712028
1.99846012542783 3.17049512883482 8 1 0 0.6143609646722095 0.4873910031892535 -1.241502986028133 -0.7931776906705592 0.6338810042497025 -0.1436561286119408
1.99846012542783 3.17049512883482 0 -0.9884432080856892 0.1515916369371045 -1.044634659381419 -1.047190314935297 -1.206524639874307 -0.7113930762374455 0.6057663080497514 0.09017076765968569
1.84261388747814 3.54674123013775 8 0.9884432080856892 -0.1515916369371046 4.049094765092283 0.8025225371495012 -3.071599168939129 0.03319924850895409 -0.1607985931435162 0.001752314708711719
0 1 2
1 0 3
51
4 2
4.1704951288348 6.92049512883484 1.33287478276678e-15 0.9812637090217045 0.1926694925434945 0.7064095978233376 -2.321116303065522 -1.624313691624204 -0.06908476037865857 -0.002178153030063082 -0.02693223083185085
4.65663104090058 6.71913104090064 8 -0.9812637090217049 -0.1926694925434925 0.5583792662747498 1.603638186201739 -2.039966990273565 -0.01180750180817153 0.002712439729803659 -0.00109967086643882
4.65663104090058 6.71913104090064 1.32185928869433e-15 1 0 -0.8098131343362626 -2.245485262973463 -1.633113940799046 -0.1261429679563747 0.01525954076925928 0.04156914997914987
4.17049512883481 6.92049512883484 8 -1 -1.653892159485515e-15 -0.4526957118374291 3.846452460450077 -1.379220870756727 -0.1452404079901924 -0.007249516128336075 0.02745375417136266
0 1 2
1 0 3
52
4 2
6.11503877709771 2.22595148057182 1.23373533611471e-15 0.2697865314397931 -0.9629201563232984 0.6522149740725173 -0.5637205695784488 0.7394525002638279 -0.1585966204251557 -0.1412339347197461 0.03221656096376897
8.01148538650463 2.57950487116508 2 -0.5539177101087174 0.8325714206168231 0.009316770927056201 -0.6553258866759226 -0.04922034165797591 -0.05170096412992031 0.01329652123338201 -0.1868178947308805
7.68198051533946 1.78400974233023 2 -0.9621699514265855 0.2724499670981118 0.5766650741195317 0.2564425547785878 -0.05418542594593462 -0.02709526397094976 0.02714685058790948 -0.1598821922297702
6.71913104090065 3.68435921676905 1.23373533611471e-15 1 0 3.174402746022067 -1.084678083935168 1.553300756547299 0.04013002160646682 0.1495962770330868 0.02245215693328489
0 1 2
1 0 3
53
4 2
2.5795048711651 0.329504871165124 2 -0.9511393402039605 -0.3087619722640316 0.6477533124394063 -0.03826968301137228 -0.02056907037293603 -0.001169262760696388 0.0693442853729562 -0.1658401466074323
2.22595148057181 2.22595148057182 1.23373533611471e-15 1 0 -0.36191522561259 -0.5803051518831801 0.5526852671971193 -0.09999989165954618 0.09675490117030418 0.03610713990817999
3.68435921676903 1.62185921676907 1.23373533611471e-15 0.2697865314398182 0.9629201563232914 -1.054543533982282 -2.402538870255567 1.902435487170114 -0.1451568347018235 0.03151639498323393 -0.04066095169705943
1.78400974233025 0.659009742330249 2 -0.5219280587593416 -0.8529895084229966 -0.3778353873373128 0.5230018905191451 0.1124870843726161 0.007565487238490698 0.04288528801553557 -0.1739806664523771
0 1 2
1 0 3
54
4 2
2.5795048711651 8.011485386504541 2 -0.5539177101087631 0.8325714206167926 0.4024751054753177 0.3353438840293906 -0.02329045760341269 -0.03914451445448698 0.05864610403705347 0.1679623386426845
4.1704951288348 6.92049512883484 1.33287478276678e-15 0.2697865314398205 -0.9629201563232908 0.7064095978233376 -2.321116303065522 -1.624313691624204 -0.06908476037865857 -0.002178153030063082 -0.02693223083185085
2.71208739263758 6.31640286503209 1.33287478276678e-15 1 0 0.3696345286216151 -0.6286848852700859 -0.7289825806606051 -0.03363932622172672 -0.02973549529168698 0.008587310754550395
3.37499999999995 8.34099025766967 2 -0.9621699514266028 0.2724499670980507 0.7272217567805389 0.06549119230073293 0.09790989248189708 -0.02763959658610339 0.03562105046905287 0.1814653296970344
0 1 2
1 0 3
55
4 2
0 3.37499999999997 2 -0.9621699514265977 0.2724499670980686 0.1594023987900115 0.6536054062307791 -0.02442070513026507 0.06240355208063278 -0.02190855981512225 -0.1790397623615451
2.02458739263755 2.71208739263759 1.23373533611471e-15 1 0 1.308532144728715 0.9790843870205908 -0.9359742191731107 -0.05996500940392679 0.07728228210413064 -0.002991820186026758
0.329504871165074 2.57950487116512 2 -0.553917710108765 0.8325714206167913 0.4805496295809803 -0.4049382303640888 0.1265980969001411 0.0497537108558531 -0.0002350532174711993 -0.189610349158075
1.4204951288348 4.17049512883486 1.23373533611471e-15 0.2697865314397897 -0.9629201563232994 -1.143515219571808 -0.3192245967268458 1.166149576602245 -0.003692408697027454 -0.03350715991891777 -0.0127930717069558
0 1 2
1 0 3
56
4 2
0.329504871165074 5.76148538650459 2 -0.9511393402039615 -0.3087619722640287 -0.008489475241320958 0.6432193649466934 -0.05069987079656294 0.05640413217900698 -0.0153124042401996 -0.2037101131139426
2.22595148057181 6.11503877709784 1.32185928869433e-15 1 0 1.357725660003189 -1.347745575672082 -1.035980131442902 -0.2574577056672433 -0.2330763086674397 -0.03419888902704772
1.62185921676905 4.65663104090063 1.32185928869433e-15 0.2697865314398302 0.9629201563232881 4.571306367441837 -0.3598240966203755 -2.257561908492359 0.001735085830477249 0.03076156533590982 -0.001389615735853151
0.659009742330237 6.55698051533944 2 -0.5219280587593386 -0.8529895084229984 0.6064522765125631 0.2687416100275629 0.05305876336056908 -0.03091289056076144 0.03249727476567498 0.1887308010567721
0 1 2
1 0 3
57
4 2
6.31640286503206 5.62890286503204 1.40998324127395e-15 0.2697865314397865 0.9629201563233003 1.090371442848349 0.6890947278037447 1.181952725023232 -0.06161385267778696 0.08410144579032176 0.00780752254601354
8.34099025766961 4.96599025766965 2 -0.521928058759293 -0.8529895084230262 -0.175212181282013 -0.6823223334313039 -0.04887307749073089 -0.05894855019491464 0.02755103069899362 -0.1733097223827988
6.9204951288349 4.17049512883482 1.40998324127395e-15 1 0 2.875689150967697 1.007872265761941 1.606072816605012 -0.007021748376695659 0.05091043310561195 -0.01937573914186937
8.011485386504541 5.7614853865045 2 -0.9511393402039383 -0.3087619722641001 0.4590111332697102 -0.3873058906705191 -0.1234388337754086 0.04393360265399943 -0.000633843297076761 0.1653572329003942
0 1 2
1 0 3
58
4 2
5.76148538650451 8.011485386504591 2 0.7597970323835086 -0.650160341439874 0.6597088723868659 -0.03463940787167817 0.03133260534963279 -0.004774011224728576 0.07862640808270055 0.1874414755924035
6.1150387770978 6.11503877709782 1.32185928869433e-15 -0.521928058759355 0.8529895084229884 -1.213697291585451 -1.2157801976134 -1.03569005517928 -0.1820331436054399 0.2107220486922748 -0.03404354464114567
4.65663104090058 6.71913104090064 1.32185928869433e-15 -0.9621699514265929 -0.2724499670980855 -0.8098131343362626 -2.245485262973463 -1.633113940799046 -0.1261429679563747 0.01525954076925928 0.04156914997914987
6.55698051533936 7.68198051533946 2 1 0 0.3856032368437113 -0.5351856667388578 0.1101925577638054 -0.009199911734305772 -0.04633760058225215 -0.1928597026018689
0 1 2
1 0 3
59
12 10
4.1704951288348 6.92049512883484 1.33287478276678e-15 0.5633943926092067 0.8261880889824684 0.7064095978233376 -2.321116303065522 -1.624313691624204 -0.06908476037865857 -0.002178153030063082 -0.02693223083185085
3.17049512883476 6.34253013224179 0 -0.2467097552087221 0.9690894162484969 -0.09157689752632137 -2.235349908193987 1.292381446122894 -0.06021422864159115 -0.02184475171546165 -0.04205019822177749
2.71208739263758 6.31640286503209 1.33287478276678e-15 1 0 0.3696345286216151 -0.6286848852700859 -0.7289825806606051 -0.03363932622172672 -0.02973549529168698 0.008587310754550395
3.17049512883476 5.17049512883483 0 -0.8255576663091774 0.5643177647373374 0.4268175075898482 -0.3545039938934785 0.2604405004944415 0.06379806379189305 0.07425190308430857 -0.003484613097471851
2.22595148057181 6.11503877709784 1.32185928869433e-15 0.9479368971712968 -0.3184582217202978 1.357725660003189 -1.347745575672082 -1.035980131442902 -0.2574577056672433 -0.2330763086674397 -0.03419888902704772
1.99846012542783 5.17049512883483 0 -0.9925307348097151 -0.1219948378337669 0.5271262335754018 -0.5396612018585828 1.233181741150182 -1.259392082743934 -0.9349316792462097 0.1291879746331861
1.84261388747814 4.79424902753191 0 -0.9311874649167969 -0.3645406769920594 1.676651850374965 -1.362226596662867 1.916851367106476 0.3306331665354332 0.658814767079921 0.1789905536815123
1.62185921676905 4.65663104090063 1.32185928869433e-15 0.2709559427898349 -0.9625917499474383 4.571306367441837 -0.3598240966203755 -2.257561908492359 0.001735085830477249 0.03076156533590982 -0.001389615735853151
1.76049512883479 4.17049512883483 0 -0.7243872238708374 -0.6893933201683211 2.898661125267761 -0.04258150101821983 4.308015015672623 -0.007721663887404965 0.3011791079536457 0.008172475095076341
1.84261388747814 3.54674123013775 0 -0.4101635596964703 -0.9120119814438404 3.472337114825464 0.6335804070142339 2.606573364461982 -0.07264433579809572 0.3176061862846592 0.01957227342712028
3.54674123013774 6.49837637019149 0 0.001556415550806365 0.999998788784583 -0.2407788828153102 -1.950385539536553 2.757161365713907 -1.07116241291097 -0.1162684297918299 -0.1757900568650843
4.17049512883481 6.58049512883484 0 0.3793263622205162 0.9252629415061158 -0.233868788554279 -1.742548217767309 1.737815810351182 -0.4067323021728413 0.03632237844523281 -0.01831522924389394
0 1 2
3 2 1
3 4 2
5 4 3
6 4 5
6 7 4
7 6 8
9 7 8
1 0 10
10 0 11
60
3 1
4.17049512883481 6.58049512883484 0 -0.6777927882328628 0.7352529743017172 -0.233868788554279 -1.742548217767309 1.737815810351182 -0.4067323021728413 0.03632237844523281 -0.01831522924389394
4.1704951288348 6.92049512883484 1.33287478276678e-15 -0.7442734648219644 -0.6678749954609082 0.7064095978233376 -2.321116303065522 -1.624313691624204 -0.06908476037865857 -0.002178153030063082 -0.02693223083185085
4.65663104090058 6.71913104090064 1.32185928869433e-15 1 0 -0.8098131343362626 -2.245485262973463 -1.633113940799046 -0.1261429679563747 0.01525954076925928 0.04156914997914987
0 1 2
61
11 9
4.17049512883481 6.58049512883484 0 0.1067903840368575 -0.9942815566414075 -0.233868788554279 -1.742548217767309 1.737815810351182 -0.4067323021728413 0.03632237844523281 -0.01831522924389394
4.65663104090058 6.71913104090064 1.32185928869433e-15 0.4457887937562966 -0.8951381744520261 -0.8098131343362626 -2.245485262973463 -1.633113940799046 -0.1261429679563747 0.01525954076925928 0.04156914997914987
4.79424902753187 6.49837637019149 0 -0.3286677297261166 -0.9444456169820898 -1.02477352038595 -1.6306895560424 1.849315890703105 -0.5184957247340898 0.2418558608217088 -0.074053796606455
6.1150387770978 6.11503877709782 1.32185928869433e-15 1 0 -1.213697291585451 -1.2157801976134 -1.03569005517928 -0.1820331436054399 0.2107220486922748 -0.03404354464114567
5.17049512883476 6.34253013224185 0 -0.5817920009595851 -0.8133376098640971 1.080842529798028 0.7246173110502082 -1.081961080764957 -0.9659301179983532 1.44275771501853 0.001320623850177407
5.17049512883476 5.17049512883483 0 -0.9919889860158487 -0.126324390452708 -0.1843626299744601 -0.09678741375965651 0.2811500437341163 -0.09222678158123035 0.1135974612469388 -0.02137067966570839
6.34253013224178 5.17049512883483 0 -0.7670662824077916 0.6415678595387163 3.905423683764519 1.527131012675419 -1.429919939372992 -0.0804211741196017 0.1685154841378632 -0.03967602281619784
6.31640286503206 5.62890286503204 1.40998324127395e-15 0.9324790140561741 0.3612241524937467 1.090371442848349 0.6890947278037447 1.181952725023232 -0.06161385267778696 0.08410144579032176 0.00780752254601354
6.9204951288349 4.17049512883482 1.40998324127395e-15 0.09234316644792395 0.9957272415728973 2.875689150967697 1.007872265761941 1.606072816605012 -0.007021748376695659 0.05091043310561195 -0.01937573914186937
6.49837637019148 4.79424902753191 0 -0.5548795694091694 0.8319306842834292 -2.090300048269234 -0.196524884790497 3.055426692097101 0.1645778299102691 -0.6758731476877148 0.06912001975678589
6.58049512883482 4.17049512883483 0 -0.1458095303893576 0.9893126810304389 1.662494903072313 -0.2821898596788711 -1.635994306088859 0.02146365015767794 0.3340944439602607 -0.03581605085915684
0 1 2
2 1 3
2 3 4
4 3 5
5 3 6
6 3 7
6 7 8
6 8 9
9 8 10
62
5 3
6.58049512883482 4.17049512883483 0 0.6665925751233188 -0.7454222553630007 1.662494903072313 -0.2821898596788711 -1.635994306088859 0.02146365015767794 0.3340944439602607 -0.03581605085915684
6.9204951288349 4.17049512883482 1.40998324127395e-15 1 0 2.875689150967697 1.007872265761941 1.606072816605012 -0.007021748376695659 0.05091043310561195 -0.01937573914186937
6.71913104090065 3.68435921676905 1.23373533611471e-15 0.2657583461517247 0.9640396783590912 3.174402746022067 -1.084678083935168 1.553300756547299 0.04013002160646682 0.1495962770330868 0.02245215693328489
6.49837637019148 3.54674123013775 0 -0.735815230014344 -0.6771823589543203 -1.723914673976321 0.3980386975230503 2.633626969537041 -0.1422762774747258 -0.6340590539980033 0.002698893044031069
6.34253013224178 3.17049512883482 0 -0.96545580151956 0.2605668730138655 1.622895871853671 -0.6954210450518671 -0.984362974765553 0.1117198154373668 0.179014405090914 0.05772184048615577
0 1 2
2 3 0
2 4 3
63
5 3
6.34253013224178 3.17049512883482 0 -0.9856671356875447 0.1687018008958746 1.622895871853671 -0.6954210450518671 -0.984362974765553 0.1117198154373668 0.179014405090914 0.05772184048615577
5.17049512883476 1.99846012542783 0 1 0 0.5653795553672117 -0.7266853982347614 -0.9687404734720637 -0.5505888949961935 -0.6067573744950696 0.1338129491061197
5.17049512883476 3.17049512883482 0 0.08465478224076239 0.9964103410963623 0.1543237359958049 -0.007763182446735094 -0.1620869184425399 0.05606940973839108 0.1044506805495589 0.04838127081116785
5.62890286503194 2.02458739263758 1.23373533611471e-15 -0.02868213495703131 -0.9995885829351527 0.7422056778453754 -1.383964879005387 1.210840367366937 -0.187572590647668 -0.1435668103368173 -0.04911793751925182
4.79424902753187 1.84261388747816 0 0.8696255815405656 -0.4937118065534113 1.157890918448067 -1.785648255284647 -1.978614435108853 -0.455782303659783 -0.1947882926962231 -0.09093374232065442
0 1 2
1 0 3
3 4 1
64
4 2
5.62890286503194 2.02458739263758 1.23373533611471e-15 -0.9959184704605575 -0.09025741075115996 0.7422056778453754 -1.383964879005387 1.210840367366937 -0.187572590647668 -0.1435668103368173 -0.04911793751925182
6.34253013224178 3.17049512883482 0 0.5584437031341475 -0.8295424223207757 1.622895871853671 -0.6954210450518671 -0.984362974765553 0.1117198154373668 0.179014405090914 0.05772184048615577
6.11503877709771 2.22595148057182 1.23373533611471e-15 -0.7533776306659474 0.6575881276393023 0.6522149740725173 -0.5637205695784488 0.7394525002638279 -0.1585966204251557 -0.1412339347197461 0.03221656096376897
6.71913104090065 3.68435921676905 1.23373533611471e-15 1 0 3.174402746022067 -1.084678083935168 1.553300756547299 0.04013002160646682 0.1495962770330868 0.02245215693328489
0 1 2
2 1 3
65
12 10
1.4204951288348 4.17049512883486 1.23373533611471e-15 0.245155942916801 0.9694836582699959 -1.143515219571808 -0.3192245967268458 1.166149576602245 -0.003692408697027454 -0.03350715991891777 -0.0127930717069558
1.84261388747814 3.54674123013775 0 -0.7134965982136079 0.7006586931863541 3.472337114825464 0.6335804070142339 2.606573364461982 -0.07264433579809572 0.3176061862846592 0.01957227342712028
2.02458739263755 2.71208739263759 1.23373533611471e-15 0.9457896443606811 0.3247798463884362 1.308532144728715 0.9790843870205908 -0.9359742191731107 -0.05996500940392679 0.07728228210413064 -0.002991820186026758
1.99846012542783 3.17049512883482 0 -0.8676635746187953 0.4971518090882645 -1.044634659381419 -1.047190314935297 -1.206524639874307 -0.7113930762374455 0.6057663080497514 0.09017076765968569
3.17049512883476 3.17049512883482 0 -0.9766630151268255 -0.214777454318134 -0.2317524150601304 -0.3307997876035649 -0.3750348017757963 -0.02282182875868602 0.01893003690674312 -0.00259452790129527
2.22595148057181 2.22595148057182 1.23373533611471e-15 1 0 -0.36191522561259 -0.5803051518831801 0.5526852671971193 -0.09999989165954618 0.09675490117030418 0.03610713990817999
3.17049512883476 1.99846012542784 0 -0.5790437592475657 -0.8152964644081606 -0.9305030616870531 -2.786317752292979 -1.286937703191992 -0.07092166580607641 0.03395275052003913 -0.02223132034262221
3.68435921676903 1.62185921676907 1.23373533611471e-15 0.5467347056732413 -0.8373058948869249 -1.054543533982282 -2.402538870255567 1.902435487170114 -0.1451568347018235 0.03151639498323393 -0.04066095169705943
3.54674123013774 1.84261388747816 0 -0.3537227062667077 -0.9353503338703399 -0.1627474149894193 -1.933967466871515 -2.818366152295054 -0.7080162492314507 0.1700244199808529 -0.07578642055071939
4.17049512883481 1.76049512883482 0 0.03393962569696683 -0.9994238849494992 -0.2208552044573947 -1.758151502021021 -1.752719401818648 -0.3285294422015873 0.0279216503151325 0.01338887768509884
4.17049512883481 1.42049512883481 1.23373533611471e-15 0.2451559429168229 -0.9694836582699904 0.2882180090711908 -1.868382918339753 1.205833636695137 -0.2390510560689876 -0.009050047294167115 0.04311528895019928
1.62185921676905 4.65663104090063 1.32185928869433e-15 -0.08300280154483777 0.9965493138504026 4.571306367441837 -0.3598240966203755 -2.257561908492359 0.001735085830477249 0.03076156533590982 -0.001389615735853151
0 1 2
2 1 3
2 3 4
2 4 5
5 4 6
5 6 7
7 6 8
7 8 9
7 9 10
1 0 11
66
4 2
4.17049512883481 1.42049512883481 1.23373533611471e-15 -0.2173787558873472 -0.9760873303597732 0.2882180090711908 -1.868382918339753 1.205833636695137 -0.2390510560689876 -0.009050047294167115 0.04311528895019928
4.17049512883481 1.76049512883482 0 0.3975334527436627 -0.9175876818864245 -0.2208552044573947 -1.758151502021021 -1.752719401818648 -0.3285294422015873 0.0279216503151325 0.01338887768509884
4.79424902753187 1.84261388747816 0 1 0 1.157890918448067 -1.785648255284647 -1.978614435108853 -0.455782303659783 -0.1947882926962231 -0.09093374232065442
5.62890286503194 2.02458739263758 1.23373533611471e-15 -0.006961368606753194 0.999975769379999 0.7422056778453754 -1.383964879005387 1.210840367366937 -0.187572590647668 -0.1435668103368173 -0.04911793751925182
0 1 2
0 2 3
67
4 2
8.34099025766961 4.96599025766965 6 -0.521928058759294 0.8529895084230257 0.08674119188651207 -0.7403857687290689 0.0270878455280863 0.05534155610249773 0.0004016089148458052 -0.1662386551698748
6.31640286503206 5.62890286503204 8 0.2697865314397871 -0.9629201563233001 0.6816485855712707 0.4486211106034544 -1.116742723029663 -0.2080038091965278 0.22825421313638 -0.03526850269347409
6.9204951288349 4.17049512883482 8 1 0 2.838908376945382 0.8586996326989432 -1.267158720433566 0.005468132337501814 -0.0543625853325465 -0.02458855773630476
8.011485386504541 5.7614853865045 6 -0.9511393402039382 0.3087619722641003 0.3441017687185345 -0.3565245669515239 0.09491860488653732 -0.04129598547136727 -0.007307917028173109 0.1222581147474411
0 1 2
1 0 3
68
4 2
4.65663104090058 6.71913104090064 8 -0.5539177101087372 0.8325714206168099 0.5583792662747498 1.603638186201739 -2.039966990273565 -0.01180750180817153 0.002712439729803659 -0.00109967086643882
6.55698051533936 7.68198051533946 6 0.7597970323835092 -0.6501603414398733 0.4626443194080604 -0.4856862162828434 0.09313066690964966 -0.05926923773939197 -0.02951432597141158 0.1405109109900113
5.76148538650451 8.011485386504591 6 1 0 0.5867723072421831 0.04347779672125242 0.1593873140592699 -0.0361755666795336 -0.02713973686756177 0.1405808035676371
6.1150387770978 6.11503877709782 8 -0.9511393402039634 -0.3087619722640227 1.963494610163555 2.305079983549808 -1.612720086181425 -0.3600142018455423 0.4406951671378225 0.1915717838189806
0 1 2
1 0 3
69
4 2
2.71208739263758 6.31640286503209 8 1 0 -0.6653682383934456 0.7008635594459734 -0.6844585748107935 -0.08259445394573951 -0.07601905090691276 0.002449737325717982
3.37499999999995 8.34099025766967 6 -0.9621699514266013 -0.2724499670980556 0.6613179335785212 -0.1720148197307993 0.05319951059111425 -0.03034196936643212 -0.06091209353776285 0.180225449186543
2.5795048711651 8.011485386504541 6 -0.5539177101087605 -0.8325714206167945 0.4058044810563345 0.4762975923649771 0.1471123211556223 0.004001564919828409 0.05114108265788742 -0.1766148974640203
4.17049512883481 6.92049512883484 8 0.2697865314398154 0.9629201563232922 -0.4526957118374291 3.846452460450077 -1.379220870756727 -0.1452404079901924 -0.007249516128336075 0.02745375417136266
0 1 2
1 0 3
70
4 2
3.68435921676903 1.62185921676907 8 0.2697865314398188 -0.9629201563232912 0.9349278255670306 2.82931549535903 1.658958458720985 -0.06090312690260472 0.01617367997131336 0.006738917775005326
1.78400974233025 0.659009742330249 6 -0.5219280587593432 0.8529895084229955 0.466190890827435 -0.4715970546968798 -0.06424480006198385 -0.06926857431477572 -0.04396051475412387 -0.1799480903356263
2.5795048711651 0.329504871165124 6 -0.9511393402039606 0.3087619722640314 0.5945570053724234 0.04754925747541128 -0.1400122983034405 -0.0410678732480871 -0.03515862951005252 -0.186333334846857
2.22595148057181 2.22595148057182 8 1 0 0.6179219952500811 0.7747455623872113 0.6549870526958504 -0.0188145027000957 0.02548366636357695 -0.01239331731374809
0 1 2
1 0 3
71
4 2
5.62890286503194 2.02458739263758 8 0.2697865314398624 -0.962920156323279 -0.9846096144161972 1.368026335316712 0.8098428782102566 -0.01697390557551815 -0.01265481445230093 0.0007402038488887105
4.96599025766957 0 6 -0.5219280587593333 0.8529895084230016 0.6765043837236202 -0.006711947288552911 -0.07191467790247001 -0.01937997695964418 -0.07795110949405236 -0.1750329139862756
5.76148538650442 0.329504871165124 6 -0.9511393402039601 0.3087619722640331 -0.3883433172369943 -0.4572956193650773 0.135060490274978 -0.003189654024816049 -0.05507987526990193 -0.1956639313772158
4.17049512883481 1.42049512883481 8 1 0 -0.5376251278074847 1.652875337643257 1.286218208732206 -0.01806167050356543 0.001531869257483307 -0.009518133661901055
0 1 2
1 0 3
72
4 2
2.02458739263755 2.71208739263759 8 1 0 0.9932933034277621 0.6742470009648883 1.02133957182011 -0.1007458286387392 0.1216556243189907 0.01766720646630152
0 3.37499999999997 6 -0.9621699514265979 -0.272449967098068 -0.0997061768132728 0.7344634583816709 -0.01411963687361325 -0.05456946383449768 -0.01063567966700474 -0.167894222918026
0.329504871165074 2.57950487116512 6 -0.5539177101087663 -0.8325714206167905 0.3619449363257252 -0.3635292755098615 -0.06920567116861689 -0.05017805238201004 -0.01736783979069487 -0.1711994632521627
1.4204951288348 4.17049512883486 8 0.2697865314397904 0.9629201563232992 1.030740049756421 0.5068333119578042 0.674318487984124 0.001856508088806186 -0.08458642570348807 0.06073931202536834
0 1 2
1 0 3
73
4 2
2.22595148057181 6.11503877709784 8 1 0 -0.9199397442197896 0.756906499349734 -0.9192175595373328 -0.2006935858373327 -0.1597096541912456 0.06934237721435446
0.329504871165074 5.76148538650459 6 -0.9511393402039613 0.3087619722640293 0.02961523707805751 0.5221862182825538 -0.01954098260950822 -0.07875040497412417 -0.002573467376353086 -0.1881195630686653
1.62185921676905 4.65663104090063 8 0.2697865314398299 -0.9629201563232881 3.371726681435958 -0.656889522085766 2.751181669591359 -0.006287951462809964 -0.09256502790902346 -0.0143951755945531
0.659009742330237 6.55698051533944 6 -0.5219280587593379 0.8529895084229988 0.4879620969872921 0.5713565852773067 -0.0596022751808369 -0.03690302675297547 0.013071535839905 -0.176818254097964
0 1 2
1 0 3
74
12 10
3.68435921676903 1.62185921676907 8 0.2451559429168289 0.9694836582699888 0.9349278255670306 2.82931549535903 1.658958458720985 -0.06090312690260472 0.01617367997131336 0.006738917775005326
3.17049512883476 1.99846012542784 8 -0.8124454515995441 0.5830372099405088 0.1700058795332658 1.571511529044826 -1.124634433216899 -0.1556254798868845 0.0829391018257237 0.09237002271453325
2.22595148057181 2.22595148057182 8 0.9457896443606811 0.3247798463884362 0.6179219952500811 0.7747455623872113 0.6549870526958504 -0.0188145027000957 0.02548366636357695 -0.01239331731374809
3.17049512883476 3.17049512883482 8 -0.9934731543581738 -0.1140661718899169 0.3538906532599883 0.4534285868264657 -0.2691064133621513 -0.03712562092952525 0.03032172009639775 0.002267966944375831
2.02458739263755 2.71208739263759 8 1 0 0.9932933034277621 0.6742470009648883 1.02133957182011 -0.1007458286387392 0.1216556243189907 0.01766720646630152
1.99846012542783 3.17049512883482 8 -0.6591623354760081 -0.7520006751923927 0.6143609646722095 0.4873910031892535 -1.241502986028133 -0.7931776906705592 0.6338810042497025 -0.1436561286119408
1.84261388747814 3.54674123013775 8 -0.4472578711332176 -0.8944050518134288 4.049094765092283 0.8025225371495012 -3.071599168939129 0.03319924850895409 -0.1607985931435162 0.001752314708711719
1.4204951288348 4.17049512883486 8 0.5467347056732168 -0.837305894886941 1.030740049756421 0.5068333119578042 0.674318487984124 0.001856508088806186 -0.08458642570348807 0.06073931202536834
1.62185921676905 4.65663104090063 8 0.2451559429168031 -0.9694836582699954 3.371726681435958 -0.656889522085766 2.751181669591359 -0.006287951462809964 -0.09256502790902346 -0.0143951755945531
3.54674123013774 1.84261388747816 8 -0.6383302103160686 0.7697626534184701 0.2487119314504762 1.726752729472699 -2.589688261903565 -0.7701218384776297 0.1517992826738027 0.02725476144265431
4.17049512883481 1.76049512883482 8 -0.2924929893131629 0.9562676671322993 0.3507505905445866 1.779085934971704 -1.748604895169213 -0.342719666375729 0.0267982802945595 -0.04148031497534582
4.17049512883481 1.42049512883481 8 -0.08300280154481675 0.9965493138504044 -0.5376251278074847 1.652875337643257 1.286218208732206 -0.01806167050356543 0.001531869257483307 -0.009518133661901055
0 1 2
3 2 1
3 4 2
5 4 3
6 4 5
6 7 4
7 6 8
1 0 9
9 0 10
10 0 11
75
12 10
4.17049512883481 1.76049512883482 8 -0.9109389429122635 -0.4125412007131989 0.3507505905445866 1.779085934971704 -1.748604895169213 -0.342719666375729 0.0267982802945595 -0.04148031497534582
4.17049512883481 1.42049512883481 8 -0.7931739942001937 -0.6089950861250943 -0.5376251278074847 1.652875337643257 1.286218208732206 -0.01806167050356543 0.001531869257483307 -0.009518133661901055
4.79424902753187 1.84261388747816 8 -0.9999998845609002 -0.00048049785267968 -0.7088223130043253 1.582158961787613 -1.709033641774198 -0.4794088739489848 -0.1826770670754662 0.02971945483066357
5.62890286503194 2.02458739263758 8 0.1492086993454168 -0.9888057261361551 -0.9846096144161972 1.368026335316712 0.8098428782102566 -0.01697390557551815 -0.01265481445230093 0.0007402038488887105
5.17049512883476 1.99846012542783 8 -0.9625685451353122 0.2710383661330779 -0.9336066259805721 0.8714775740449238 -1.048011353896158 -0.6336910317722961 -0.7751196234554687 -0.08003846775577707
5.17049512883476 3.17049512883482 8 -0.4838293683200584 0.8751623519959101 0.251096899181733 -0.08092462209506851 0.3320215212768015 -0.07529064563062735 -0.1063174049694379 0.03102675933881057
6.34253013224178 3.17049512883482 8 0.282380409510782 0.9593025092870981 2.530626949796419 -1.217325635268137 1.005292607754237 -0.01201202887874554 -0.02120815026348372 0.00455662259385552
6.11503877709771 2.22595148057182 8 0.4838293683199612 -0.8751623519959639 -0.5435827711470924 0.271584166813448 0.6410995315632857 -0.1023698623856145 -0.07874497364050229 -0.05344038442373137
6.71913104090065 3.68435921676905 8 1 0 2.392816304378997 -1.140694431214289 -1.88580530012783 -0.03420499005202571 -0.1422020558974504 0.04261459832379769
6.49837637019148 3.54674123013775 8 0.5322251369982451 0.8466028605829296 2.022343003920938 -0.3557426952855792 3.030275804009825 -0.1607466191347761 -0.5934014543352722 0.03761590536040076
6.58049512883482 4.17049512883483 8 0.8338180068154573 0.5520394293076339 1.699067301898395 -0.323117933282112 1.698589996751872 -0.04892857933711522 -0.4169334924423531 -0.03036974149893559
6.9204951288349 4.17049512883482 8 0.9375570957045296 0.3478314136102251 2.838908376945382 0.8586996326989432 -1.267158720433566 0.005468132337501814 -0.0543625853325465 -0.02458855773630476
0 1 2
2 1 3
2 3 4
4 3 5
5 3 6
6 3 7
6 7 8
6 8 9
9 8 10
11 10 8
76
9 7
6.34253013224178 5.17049512883483 8 0.6145012822226972 -0.788915821964968 2.504949719267165 0.8171474400339758 1.377651201094135 0.171180969300369 -0.3267390598334987 -0.1174504363385177
5.17049512883476 6.34253013224185 8 -0.9975516806702835 -0.0699331422995751 0.620049787484024 0.5554013028367163 0.9136376429443899 -0.7629547305212132 0.9977527171121483 -0.0887477011258466
5.17049512883476 5.17049512883483 8 -0.4073277861285926 -0.9132820345586459 0.1543237359958012 0.007763182446740666 0.1620869184425418 0.05606940973838673 -0.1044506805495457 -0.04838127081115894
6.1150387770978 6.11503877709782 8 1 0 1.963494610163555 2.305079983549808 -1.612720086181425 -0.3600142018455423 0.4406951671378225 0.1915717838189806
4.79424902753187 6.49837637019149 8 -0.9536302015355137 0.3009807946021398 1.755731866766398 2.698274589960643 2.243372276921927 -0.5242096341565485 0.2563533252244063 0.1019268618061972
4.65663104090058 6.71913104090064 8 0.1142120359215703 0.9934563960489912 0.5583792662747498 1.603638186201739 -2.039966990273565 -0.01180750180817153 0.002712439729803659 -0.00109967086643882
4.17049512883481 6.92049512883484 8 -0.362531762775698 0.931971416395774 -0.4526957118374291 3.846452460450077 -1.379220870756727 -0.1452404079901924 -0.007249516128336075 0.02745375417136266
4.17049512883481 6.58049512883484 8 -0.6324062105801557 0.774636937422718 0.1283995211175323 0.8259195449809466 1.219900782882156 -0.319636574677157 0.005906360125625365 0.02964421808739718
6.31640286503206 5.62890286503204 8 0.8844674738403565 -0.466601851387731 0.6816485855712707 0.4486211106034544 -1.116742723029663 -0.2080038091965278 0.22825421313638 -0.03526850269347409
0 1 2
1 0 3
3 4 1
5 4 3
6 4 5
6 7 4
3 0 8
77
5 3
6.31640286503206 5.62890286503204 8 -0.9721747655556077 0.2342567506325041 0.6816485855712707 0.4486211106034544 -1.116742723029663 -0.2080038091965278 0.22825421313638 -0.03526850269347409
6.34253013224178 5.17049512883483 8 -0.8204770319791455 -0.5716794906192562 2.504949719267165 0.8171474400339758 1.377651201094135 0.171180969300369 -0.3267390598334987 -0.1174504363385177
6.9204951288349 4.17049512883482 8 1 0 2.838908376945382 0.8586996326989432 -1.267158720433566 0.005468132337501814 -0.0543625853325465 -0.02458855773630476
6.49837637019148 4.79424902753191 8 -0.2111635355476865 -0.9774507462041251 1.880467540145746 -0.008685007985529236 2.730247190249216 0.1290919803693762 -0.8677259276554409 -0.09167282958208472
6.58049512883482 4.17049512883483 8 0.810539837332219 -0.5856835084731855 1.699067301898395 -0.323117933282112 1.698589996751872 -0.04892857933711522 -0.4169334924423531 -0.03036974149893559
0 1 2
2 1 3
2 3 4
78
12 10
1.62185921676905 4.65663104090063 8 0.5633943926092102 0.826188088982466 3.371726681435958 -0.656889522085766 2.751181669591359 -0.006287951462809964 -0.09256502790902346 -0.0143951755945531
1.84261388747814 4.79424902753191 8 -0.7666159804384293 0.6421058624062124 1.430889807594979 -1.072732202704014 -1.674547097444577 -0.3591988459356867 -0.6887253910024944 0.1342714925977039
2.22595148057181 6.11503877709784 8 1 0 -0.9199397442197896 0.756906499349734 -0.9192175595373328 -0.2006935858373327 -0.1597096541912456 0.06934237721435446
1.99846012542783 5.17049512883483 8 -0.902006245987071 0.4317229808572988 -0.8210594684587706 1.2815621860956 1.265277420071833 -1.501585031761766 -0.9787778794123485 0.0169718596705257
3.17049512883476 5.17049512883483 8 -0.9622882044805245 -0.272032004583373 -0.2529733736545242 0.2941155571635413 0.3647259538787102 -0.008961514718454348 -0.008275269635826069 0.0004574967217521869
2.71208739263758 6.31640286503209 8 0.9479368971712979 -0.3184582217202944 -0.6653682383934456 0.7008635594459734 -0.6844585748107935 -0.08259445394573951 -0.07601905090691276 0.002449737325717982
3.17049512883476 6.34253013224179 8 -0.5424797720409053 -0.8400688643953229 -0.9291355170093412 3.078872043525158 1.376402383341626 -0.05318823519543811 -0.02374147817483074 0.01720274194806037
4.17049512883481 6.92049512883484 8 0.2709559427898298 -0.9625917499474398 -0.4526957118374291 3.846452460450077 -1.379220870756727 -0.1452404079901924 -0.007249516128336075 0.02745375417136266
3.54674123013774 6.49837637019149 8 -0.3169824522708511 -0.9484314023440797 -0.06349941370838545 1.81766856555583 2.608810206037566 -0.7830567038218839 -0.174748230373613 0.1026946011723999
4.17049512883481 6.58049512883484 8 0.06491986384286078 -0.9978904806032696 0.1283995211175323 0.8259195449809466 1.219900782882156 -0.319636574677157 0.005906360125625365 0.02964421808739718
1.76049512883479 4.17049512883483 8 -0.4671304065399958 0.8841884320017868 -3.27520429226989 -0.1895870649698412 4.858403659438297 0.003905541209059225 0.321678786746559 0.01518556043208996
1.84261388747814 3.54674123013775 8 -0.09837145831319542 0.9951497657083256 4.049094765092283 0.8025225371495012 -3.071599168939129 0.03319924850895409 -0.1607985931435162 0.001752314708711719
0 1 2
2 1 3
2 3 4
2 4 5
5 4 6
5 6 7
7 6 8
7 8 9
1 0 10
0 11 10
$EndParametrizations
